{
    "uid": "617408b0-7d86-4dc0-b320-68498513a193",
    "scenario_uid": "b56e398eaedbdad34cec9e8a634c0fba",
    "iteration_uid": "00ea6252b9344b5b80dd9588f2c34c69",
    "PD_subj": [
        {
            "mean": [
                0.690406061448662,
                -0.701476224516834,
                0.0504417569543789,
                -0.127520578753879,
                -2.63746927359577,
                -0.220077032000847,
                0.380274858937278,
                -2.28235595181789,
                2.45460450678506
            ],
            "median": [
                0.695996365174625,
                -0.699198638876367,
                0.0513800715295935,
                -0.124572154647896,
                -2.63909599854208,
                -0.218876048792875,
                0.386325636823611,
                -2.27720084358195,
                2.45871284938366
            ],
            "SE": [
                0.307546809521268,
                0.304966310545775,
                0.29761720664075,
                0.31338129714524,
                0.293914794866953,
                0.302168460517248,
                0.302302188991927,
                0.315162246715135,
                0.300418730499112
            ]
        },
        {
            "mean": [
                0.0852905424070001,
                -4.20995479659225,
                2.34576937130491,
                -0.576623225626163,
                -2.27787291025421,
                0.686931996554606,
                0.378771365735511,
                -1.36041664645384,
                -0.215469193692835
            ],
            "median": [
                0.0846830558143577,
                -4.2072646724472,
                2.34555795830463,
                -0.582805539735687,
                -2.26820795541546,
                0.683798437242762,
                0.387507851459309,
                -1.35645759302678,
                -0.205138153003914
            ],
            "SE": [
                0.300140050233616,
                0.311063647471907,
                0.297443070002123,
                0.306634590381762,
                0.297860877026086,
                0.302223996005806,
                0.296249660870145,
                0.30845005425313,
                0.300205304919044
            ]
        },
        {
            "mean": [
                -1.42508413937077,
                2.10293139400702,
                1.23181836738619,
                -1.61529798957835,
                -0.334613002564068,
                0.230663568564827,
                -1.47785861965358,
                -2.63218511113234,
                1.45445561143087
            ],
            "median": [
                -1.42864324490221,
                2.10739593340896,
                1.22952662507655,
                -1.61846708245161,
                -0.328438575745736,
                0.231091996953218,
                -1.47573845861249,
                -2.62661285744493,
                1.4563126062051
            ],
            "SE": [
                0.301149701579594,
                0.315425751630476,
                0.30021934420388,
                0.297265025026202,
                0.297745780391322,
                0.304834439170212,
                0.300169909157833,
                0.312503446165834,
                0.306495112406553
            ]
        },
        {
            "mean": [
                -0.594477428667092,
                -0.527881876740471,
                1.50111555519847,
                -0.30026109496503,
                -0.805187432746635,
                -1.8196701206949,
                0.0331869267127155,
                -1.68514892814639,
                -0.0507319558892957
            ],
            "median": [
                -0.589699138691649,
                -0.531506051640278,
                1.49953495307086,
                -0.295170703360968,
                -0.807565775183811,
                -1.81442046337586,
                0.0265589588459817,
                -1.68232067878128,
                -0.0540650210784651
            ],
            "SE": [
                0.30757217613604,
                0.31346269900504,
                0.297626187908668,
                0.31402172981255,
                0.302027369215547,
                0.297393479240115,
                0.297730957319129,
                0.317434106933525,
                0.289372521559311
            ]
        },
        {
            "mean": [
                -2.0299547671472,
                0.350222228258845,
                2.18164010873731,
                0.349564561431302,
                -0.819693857804966,
                -1.50741886710316,
                3.09742095738332,
                -3.4342135852432,
                0.331317578881049
            ],
            "median": [
                -2.03722706270331,
                0.35413456420607,
                2.18541166778739,
                0.349932280279076,
                -0.821018554159169,
                -1.50210929609483,
                3.10519498392889,
                -3.43924468764424,
                0.331505717581789
            ],
            "SE": [
                0.306751626457061,
                0.307448958475013,
                0.28915788439052,
                0.30061972158913,
                0.300114958243529,
                0.304611415284647,
                0.300664147514747,
                0.315537259047406,
                0.29971837329969
            ]
        },
        {
            "mean": [
                -4.05438507957925,
                -1.08614821896347,
                1.93451248551761,
                0.546795889792258,
                -0.996492508375434,
                1.6340887347237,
                2.76271111684437,
                2.65286266302657,
                -1.75964014650806
            ],
            "median": [
                -4.05771668468218,
                -1.08833439430145,
                1.92976486348808,
                0.54811515374953,
                -0.995898657490367,
                1.6433367001623,
                2.76920873933259,
                2.65277961785969,
                -1.75441885430549
            ],
            "SE": [
                0.305909871045121,
                0.307177902975293,
                0.291849035557621,
                0.304658770633001,
                0.302093482629207,
                0.300623291699915,
                0.295118479061765,
                0.319196033386313,
                0.292217423771528
            ]
        },
        {
            "mean": [
                -2.56218426652787,
                0.984479507759911,
                0.50722322979466,
                1.33767936885387,
                -1.00239629619049,
                0.286731165417721,
                3.49190683445587,
                -2.25432779739162,
                1.41112599532104
            ],
            "median": [
                -2.56553730029376,
                0.980716317412039,
                0.514356085070347,
                1.34004110230993,
                -1.00653633227368,
                0.294868968640275,
                3.49317754541964,
                -2.24711336374107,
                1.40578249586316
            ],