{
    "uid": "1eb59229-6cc7-4b90-b242-6e9912aa950f",
    "scenario_uid": "b56e398eaedbdad34cec9e8a634c0fba",
    "iteration_uid": "012db5dd53467305b4d516a7f1812105",
    "PD_subj": [
        {
            "mean": [
                -1.91840345204989,
                1.30998893389005,
                2.63422838318832,
                2.40796120934196,
                1.39606299052084,
                -3.66249488015865,
                0.262043480237461,
                -0.215285645870247,
                -0.0469451652699772
            ],
            "median": [
                -1.91865857286561,
                1.30149844777295,
                2.63604332518801,
                2.40823989501597,
                1.38795656740864,
                -3.66613876381215,
                0.263250748404291,
                -0.201085167720435,
                -0.0422744000709855
            ],
            "SE": [
                0.302351258897673,
                0.343889430437144,
                0.269343957062601,
                0.291018750149175,
                0.307596002691375,
                0.27832887183524,
                0.287310256230844,
                0.428961955072721,
                0.280015060254876
            ]
        },
        {
            "mean": [
                -1.42331495982189,
                -1.50911404108764,
                1.18221840503302,
                1.94064440804118,
                -4.58340428830604,
                -3.4849759366832,
                1.3320651004597,
                -0.458013638748984,
                1.57447021715904
            ],
            "median": [
                -1.41959290770309,
                -1.50757216452116,
                1.18157358450209,
                1.94326280510486,
                -4.57973246667943,
                -3.4875128875761,
                1.33166897620482,
                -0.458263253818141,
                1.57442561187886
            ],
            "SE": [
                0.298939310560308,
                0.343462586899903,
                0.270611944298316,
                0.287514518564155,
                0.306593288052696,
                0.286795296788556,
                0.292277165462731,
                0.421317092917857,
                0.283577748509586
            ]
        },
        {
            "mean": [
                -0.576251741192681,
                1.10478033489098,
                1.27014424042579,
                4.111744317618,
                -0.19915861908441,
                -1.23219524676115,
                0.49433811123792,
                -2.2393465346596,
                -0.857890662611644
            ],
            "median": [
                -0.583479381815222,
                1.10085894212468,
                1.26990178586906,
                4.11189423203187,
                -0.200356618478304,
                -1.23307376391832,
                0.499815144998981,
                -2.2313391289287,
                -0.858011783605206
            ],
            "SE": [
                0.309366529903146,
                0.344169456413944,
                0.27112725087462,
                0.298195888965344,
                0.309924006318985,
                0.292945663808096,
                0.278326710888107,
                0.429165263696307,
                0.278520914516055
            ]
        },
        {
            "mean": [
                2.39274908199458,
                0.92422163652886,
                0.816695749383561,
                0.740717150663406,
                -0.620584823291142,
                -2.20956721293018,
                3.81284339916809,
                -1.59758487322444,
                -0.0222077545651633
            ],
            "median": [
                2.38911865115555,
                0.925447970220281,
                0.812178606138089,
                0.747852027781958,
                -0.621427966119701,
                -2.21032881505468,
                3.81251908826543,
                -1.58656608710545,
                -0.0154556864112017
            ],
            "SE": [
                0.29153077147067,
                0.339899774344094,
                0.269707520662878,
                0.294312306954976,
                0.315514173079935,
                0.286001698162783,
                0.286403560738839,
                0.438381392043004,
                0.281511523816543
            ]
        },
        {
            "mean": [
                -0.174609425100088,
                -1.87805624233701,
                -0.165502494853801,
                1.11662371803674,
                0.241432601646047,
                1.09928476318882,
                0.7903482115834,
                -2.88821855595656,
                0.778528229633542
            ],
            "median": [
                -0.180039495625733,
                -1.8961163128579,
                -0.167027665475511,
                1.11408982004452,
                0.239066303118746,
                1.10314265209951,
                0.790776621667415,
                -2.88510618132512,
                0.781926164287109
            ],
            "SE": [
                0.329359636492705,
                0.351834751579564,
                0.277159143741094,
                0.323523734758819,
                0.30615276197521,
                0.287511689555575,
                0.323942356782796,
                0.419807114775482,
                0.294515496586879
            ]
        },
        {
            "mean": [
                1.33847273991696,
                0.857178449911793,
                1.34330658423219,
                0.608143297868882,
                -1.02032008094056,
                0.605370276277627,
                0.580230266430418,
                -1.53659462482363,
                0.581426005620799
            ],
            "median": [
                1.34470331068892,
                0.857984117944044,
                1.3381970855836,
                0.60158080965917,
                -1.0174137203252,
                0.608402664816077,
                0.588645436511323,
                -1.53969938760538,
                0.578432392627902
            ],
            "SE": [
                0.327370622129411,
                0.34200228599424,
                0.278072015014662,
                0.305140204489606,
                0.303080205362276,
                0.295990362293592,
                0.301981540698982,
                0.4233241498409,
                0.287850885964195
            ]
        },
        {
            "mean": [
                0.688086269503516,
                0.0412414865451343,
                0.680377455356043,
                2.14670299069471,
                -0.950173159857238,
                2.12703225458725,
                -0.293134699071846,
                -1.19223209493776,
                -0.267192109591143
            ],
            "median": [
                0.691633263781253,
                0.0352636037702344,
                0.672958814105593,
                2.15104478265373,
                -0.948006093103253,
                2.13197989126555,
                -0.296600058262834,
                -1.19880532651089,
                -0.258624891919185
            ],