{
    "uid": "c0093165-26b7-4cea-b6ff-589d7a30f0a4",
    "scenario_uid": "b56e398eaedbdad34cec9e8a634c0fba",
    "iteration_uid": "019aa5d7b32b3782e33a24d9e407de70",
    "PD_subj": [
        {
            "mean": [
                -1.41846244512191,
                -1.78870348993852,
                0.320418092841138,
                0.231129175119544,
                -0.421416991147682,
                -0.123539701420867,
                0.37201462039083,
                -1.11296944593278,
                1.15286437911481
            ],
            "median": [
                -1.98351095275293,
                -1.77635614928509,
                0.320206963851185,
                0.2481436221375,
                -0.485609065525207,
                -0.122917829964931,
                0.191538773803448,
                -1.22614896524229,
                1.16626131766805
            ],
            "SE": [
                1.19618219128474,
                0.327579920951276,
                0.280774352347725,
                0.359886972359518,
                0.415513677534495,
                0.29810204048346,
                0.610657886871232,
                0.517087291479086,
                0.311946014215631
            ]
        },
        {
            "mean": [
                1.37723834615568,
                -0.49756489415558,
                0.449562197579817,
                0.415591449034111,
                -0.685081098895071,
                -0.423261178175953,
                2.11055758059883,
                -2.94698185506335,
                -0.944262652939557
            ],
            "median": [
                1.37295306745318,
                -0.496442678376344,
                0.447767839950697,
                0.422050668842444,
                -0.687252652934353,
                -0.424569127877119,
                2.11757180592203,
                -2.9447360842424,
                -0.948389058195772
            ],
            "SE": [
                0.328150525153944,
                0.288197554430895,
                0.274366878185635,
                0.283832340971878,
                0.298761205659985,
                0.295256574493956,
                0.285044420646473,
                0.326391072255065,
                0.306346227231186
            ]
        },
        {
            "mean": [
                -0.654640807591105,
                -0.284134874990277,
                0.216139918509603,
                2.0560740622217,
                0.512278889263135,
                0.826768975618644,
                -1.56160160687184,
                -0.862936839768849,
                -3.34461860557547
            ],
            "median": [
                -0.652246359219595,
                -0.288996290717106,
                0.21458934734331,
                2.05761483541957,
                0.515954724430874,
                0.828354070523831,
                -1.55779163281309,
                -0.860176827173762,
                -3.33999476638509
            ],
            "SE": [
                0.334388277322289,
                0.292462050446512,
                0.275784007161621,
                0.289862433939272,
                0.295828870513996,
                0.296208208421347,
                0.298186800240854,
                0.335867528732549,
                0.306969809052231
            ]
        },
        {
            "mean": [
                -0.500653371681891,
                -0.488393627982153,
                1.90839462151252,
                0.159061542331654,
                -0.761692941787623,
                -2.97222380664046,
                1.33750608170483,
                -0.738686505048088,
                1.43850499986054
            ],
            "median": [
                -0.503342470589249,
                -0.486753435670969,
                1.9129507783707,
                0.16312885898479,
                -0.766660506439981,
                -2.96832028428773,
                1.33491105739027,
                -0.734578789688408,
                1.43457718273549
            ],
            "SE": [
                0.334688755940339,
                0.300381343283462,
                0.279836513497255,
                0.287091376000257,
                0.292125689635057,
                0.296557842808559,
                0.292341770434974,
                0.3264773701342,
                0.311535505668223
            ]
        },
        {
            "mean": [
                -0.0818758363121598,
                -1.25778251373896,
                0.746688762484474,
                1.72559937832929,
                0.396381821003799,
                -0.511557293544331,
                -1.17472691528162,
                -1.49922107303174,
                0.946988985804995
            ],
            "median": [
                -0.079236770152263,
                -1.26275002069571,
                0.751149742384827,
                1.7185576245301,
                0.40042344674541,
                -0.512007789160692,
                -1.1795628861715,
                -1.50074086148834,
                0.948125654585158
            ],
            "SE": [
                0.341058651895691,
                0.287285000390423,
                0.281166845434826,
                0.293639748403754,
                0.303238033988483,
                0.291742018451925,
                0.304199151141049,
                0.324199988373911,
                0.304402705062901
            ]
        },
        {
            "mean": [
                -2.70051489744699,
                0.201868390319592,
                0.900991251260615,
                1.72691915311339,
                0.349929764555813,
                -0.964315048022292,
                0.921114372066729,
                -1.95519625735938,
                1.75605405293374
            ],
            "median": [
                -2.69066845801004,
                0.202511909779952,
                0.896232045554757,
                1.7400030668752,
                0.351507970375482,
                -0.968286586349518,
                0.915334365654285,
                -1.95158524462227,
                1.74602924854533
            ],
            "SE": [
                0.33585548792681,
                0.289721329997303,
                0.270078254763492,
                0.289673432151743,
                0.298835641668989,
                0.296279620950609,
                0.292440442154653,
                0.316952163247501,
                0.307913573059098
            ]
        },
        {
            "mean": [
                -1.55460025705533,
                -2.2838150470933,
                0.466742562833952,
                2.40283882581504,
                -1.20290804194981,
                1.96611597176695,
                1.20237324625517,
                1.80757033022975,
                1.46781405421625
            ],
            "median": [
                -1.73342605665006,
                -2.27925588073177,
                0.478892210379614,
                2.41596992857524,
                -1.19805225931798,
                2.32261193427031,
                1.17512049294295,
                1.8146349234653,
                1.77374150420361
            ],