{
    "uid": "8b5fd4c4-1a7e-4e4c-9409-1440f92f2d41",
    "scenario_uid": "b56e398eaedbdad34cec9e8a634c0fba",
    "iteration_uid": "01b5fdc3ff25fd4dcca588e94ee4ee93",
    "PD_subj": [
        {
            "mean": [
                -1.24604248415308,
                -0.913255879134316,
                0.358884363282567,
                -0.751322207352867,
                -1.89469424214075,
                0.341050171256751,
                2.24197983589125,
                -2.79065959118158,
                -2.88680290234824
            ],
            "median": [
                -1.24816381896576,
                -0.915162327363155,
                0.360841682239355,
                -0.753742086312145,
                -1.89563413237785,
                0.337762769121053,
                2.23353714870374,
                -2.78772078871039,
                -2.8846320957372
            ],
            "SE": [
                0.281918140979356,
                0.29295532168441,
                0.307693968137661,
                0.309009801601721,
                0.29374063107431,
                0.302646531062974,
                0.298177626570098,
                0.299868231345605,
                0.309064463032242
            ]
        },
        {
            "mean": [
                -1.02423858316306,
                -0.970744320225072,
                -0.288865574488338,
                0.285865338593578,
                0.512399070687877,
                1.36561328581596,
                1.51544904195128,
                -2.22500625070759,
                0.196423732088042
            ],
            "median": [
                -1.02296240281453,
                -0.969538189899374,
                -0.286952054620047,
                0.285488024166708,
                0.507022637475734,
                1.37285110744185,
                1.51650765530763,
                -2.22231382268434,
                0.203879421204261
            ],
            "SE": [
                0.277605494522914,
                0.29216283870284,
                0.309258108061255,
                0.309807241623923,
                0.301084447351004,
                0.298863131273403,
                0.295152785871832,
                0.302591837352937,
                0.31674091478735
            ]
        },
        {
            "mean": [
                -0.622549430576867,
                -1.0982756583648,
                -0.2484464585256,
                4.22406162790841,
                -1.5727033938454,
                -1.15534465927136,
                -0.791168441078237,
                0.813659032570382,
                -2.89075217670771
            ],
            "median": [
                -0.626078770922365,
                -1.09956376541902,
                -0.243472367459625,
                4.21886817533533,
                -1.56993146436325,
                -1.16169576139253,
                -0.797445001565363,
                0.818872235431289,
                -2.89484618900812
            ],
            "SE": [
                0.283789983167583,
                0.292717072590142,
                0.302568680725116,
                0.306438861685776,
                0.294061567073523,
                0.3159414232144,
                0.304218034201709,
                0.303898371121932,
                0.310749862215025
            ]
        },
        {
            "mean": [
                0.62028587684825,
                0.732264792882458,
                0.64097487160652,
                -0.421932962293443,
                -1.34315887555266,
                0.106267310081335,
                -1.15660002492843,
                0.0334463941225745,
                -4.25598336342287
            ],
            "median": [
                0.617431617626657,
                0.736654681405568,
                0.641590311662916,
                -0.427451833192189,
                -1.34782929532435,
                0.105603702820814,
                -1.15652045039749,
                0.0289697481606686,
                -4.25833654856159
            ],
            "SE": [
                0.279143851825811,
                0.289309214956206,
                0.301668636967212,
                0.318916512286077,
                0.299264463045149,
                0.299641612662636,
                0.302581452908362,
                0.303294971821975,
                0.318481909677622
            ]
        },
        {
            "mean": [
                0.202898475686566,
                -1.50273186253347,
                2.09605629125933,
                2.73322435897774,
                -1.18762095284594,
                -2.28809030349333,
                1.66757941074274,
                0.283745182398204,
                1.69484775605107
            ],
            "median": [
                0.197799936012717,
                -1.51005554068467,
                2.09265196990886,
                2.73105402528554,
                -1.18245322490125,
                -2.28675261922171,
                1.67317852761268,
                0.293107193026218,
                1.70046614134009
            ],
            "SE": [
                0.277807531961488,
                0.290081871444792,
                0.303738804543995,
                0.302722493840667,
                0.296704753048148,
                0.304916381156128,
                0.296612297819579,
                0.305692331152706,
                0.318655176458155
            ]
        },
        {
            "mean": [
                -1.76825947653752,
                0.718113995019972,
                -0.198224127639641,
                1.92184051226545,
                -1.18925780606482,
                -0.706672527632275,
                1.14334728996747,
                -1.12353607139874,
                3.30323724490292
            ],
            "median": [
                -1.76945252476764,
                0.721229370278889,
                -0.203230824157685,
                1.91182709308679,
                -1.18074275753085,
                -0.711817174199308,
                1.15471844384978,
                -1.12906696918005,
                3.3092763004001
            ],
            "SE": [
                0.292362217484265,
                0.285221231247201,
                0.29550665202259,
                0.304919215805152,
                0.297520288263288,
                0.296656602158007,
                0.299634309724865,
                0.29978935809713,
                0.31296973694897
            ]
        },
        {
            "mean": [
                -0.779241434257233,
                -1.83365555955605,
                1.0998250381072,
                2.14108937240522,
                -1.56465688308186,
                -0.0943994346315496,
                1.32350014539233,
                0.474632898304441,
                -1.96906286588953
            ],
            "median": [
                -0.777327735576186,
                -1.83465337036874,
                1.09809141377036,
                2.1342385343365,
                -1.56707746172272,
                -0.0904219194117706,
                1.32169414628541,
                0.481477881012124,
                -1.96503619232788
            ],