{
    "uid": "0ff77fe8-84fd-44ab-bc57-6d32aa458fb4",
    "scenario_uid": "b56e398eaedbdad34cec9e8a634c0fba",
    "iteration_uid": "03b78b70745011f04fbeff024d044992",
    "PD_subj": [
        {
            "mean": [
                -0.722168376080724,
                -0.17266151197003,
                -0.673531940992463,
                1.36115391007359,
                -2.54134452656801,
                1.66668698384242,
                0.873529667956154,
                0.469601039778159,
                -0.226294313927781
            ],
            "median": [
                -0.724389742891942,
                -0.170959334414607,
                -0.674416936441837,
                1.36130010301442,
                -2.53418607067419,
                1.68825345179428,
                0.967556859815624,
                0.468028459696038,
                -0.31401577297076
            ],
            "SE": [
                0.290376925382948,
                0.49195104712339,
                0.281527433005908,
                0.321904274988093,
                0.312254285925153,
                0.355448320715223,
                0.50553910546738,
                0.303810501440013,
                0.488947658350569
            ]
        },
        {
            "mean": [
                -2.11485518916924,
                -3.26250702539875,
                1.13208354521251,
                -1.31575578282987,
                1.36002794089641,
                -2.53555333876575,
                1.38828746443816,
                -1.9882872551753,
                1.25753669246194
            ],
            "median": [
                -2.11815693843216,
                -3.2511397695572,
                1.12642415437811,
                -1.32433351571113,
                1.35684827118371,
                -2.5309360825906,
                1.3892378599995,
                -1.99358243538546,
                1.25134185214168
            ],
            "SE": [
                0.2909578619823,
                0.488238281285262,
                0.276348913285273,
                0.300028493266075,
                0.301608301920146,
                0.296134009027985,
                0.300101861278553,
                0.301548596582759,
                0.29959380507287
            ]
        },
        {
            "mean": [
                -1.04214468875435,
                -1.42021288909168,
                1.92725966864589,
                -0.668989172225949,
                -2.13736651824121,
                1.73186904143932,
                -1.24347838016278,
                0.11282990867086,
                -0.809041833639335
            ],
            "median": [
                -1.04096438874329,
                -1.41081705224254,
                1.92700852780019,
                -0.673512093809623,
                -2.14350942491854,
                1.72389718507574,
                -1.2484991247445,
                0.108441807521228,
                -0.800054738677564
            ],
            "SE": [
                0.296592048833784,
                0.487874269055338,
                0.286746083784103,
                0.298500744679759,
                0.311561488422726,
                0.287609299104555,
                0.299149916550175,
                0.298500784045117,
                0.289643865343861
            ]
        },
        {
            "mean": [
                -1.8955451229036,
                1.63949006614883,
                0.106111026225096,
                0.554329575565193,
                -0.139124484732396,
                0.145032693683283,
                1.3926439286335,
                1.53155066580003,
                -1.0762932945386
            ],
            "median": [
                -1.89492286220909,
                1.62300504196579,
                0.114099957422458,
                0.557508395090805,
                -0.144659995570868,
                0.148627225431853,
                1.39189963096493,
                1.52971517294221,
                -1.08088586045939
            ],
            "SE": [
                0.283276227577837,
                0.501938795600592,
                0.278675778475368,
                0.306041369582697,
                0.307378198949507,
                0.286910914122735,
                0.310318236411147,
                0.289581980018933,
                0.287657616069657
            ]
        },
        {
            "mean": [
                1.30890135764982,
                -2.58398362084483,
                1.4448024837821,
                -2.77966499241624,
                -1.54204659584072,
                0.268646709429899,
                3.04975251058969,
                -0.720272600474532,
                2.0990875287501
            ],
            "median": [
                1.3086355871903,
                -2.58259658607878,
                1.44708749847926,
                -2.77350854449369,
                -1.54507385004676,
                0.267959313080989,
                3.05380554231071,
                -0.716379392126589,
                2.10304270501898
            ],
            "SE": [
                0.286556912176739,
                0.481900852607313,
                0.278685814358553,
                0.305706775725796,
                0.308444349345926,
                0.293882433144316,
                0.304378725819571,
                0.295164362375398,
                0.295420770410487
            ]
        },
        {
            "mean": [
                0.440024457618345,
                -0.17371531824047,
                -0.390313404201903,
                -1.72672820584916,
                -1.28586431684526,
                -0.940815716735935,
                0.0443037313742879,
                0.0547296794054758,
                -0.143198135419036
            ],
            "median": [
                0.801682816815157,
                -0.306861304956347,
                -0.328688216431816,
                -1.92226319112801,
                -1.12230920314915,
                -0.946548919916018,
                0.025450963661221,
                0.0703772118989883,
                -0.217979816539007
            ],
            "SE": [
                0.870089646338465,
                0.942871550918481,
                0.449325592090768,
                0.640346282725871,
                0.6008161934194,
                0.302086081383707,
                0.374945439515276,
                0.452351430311237,
                0.475543267709994
            ]
        },
        {
            "mean": [
                3.64909795501126,
                -2.21855793362288,
                0.26330287528103,
                0.927330568932004,
                -3.49301786607253,
                1.01184335798178,
                1.91003315557156,
                1.98279039787751,
                -0.959404866906247
            ],
            "median": [
                3.64855700580914,
                -2.21516419352172,
                0.263666746609267,
                0.925321987855504,
                -3.49364721421745,
                1.01234624614056,
                1.9161112424315,
                1.98216105074904,
                -0.960858712714042
            ],