{
    "uid": "5e6b4890-7eb9-4ebc-b4ac-5b6ed1fd7606",
    "scenario_uid": "b56e398eaedbdad34cec9e8a634c0fba",
    "iteration_uid": "04afa567e81f6f6569282ef211b54019",
    "PD_subj": [
        {
            "mean": [
                1.11570973213284,
                -0.0296420914290563,
                2.62340588018319,
                1.04664943709667,
                -2.26687101037698,
                -0.273710138797217,
                0.0422597661664159,
                -0.5367667950369,
                -2.34719841401546
            ],
            "median": [
                1.1199672775589,
                -0.0352391142530935,
                2.6241294995125,
                1.03853770736507,
                -2.26266228807898,
                -0.264330926714498,
                0.0392157573842027,
                -0.532610111349767,
                -2.34263330804644
            ],
            "SE": [
                0.307349209190455,
                0.288950002282501,
                0.281997113789336,
                0.306293118665342,
                0.289495765958757,
                0.290850877488477,
                0.277218974166023,
                0.301087123790338,
                0.308758732529376
            ]
        },
        {
            "mean": [
                -1.30954506984429,
                0.698743133901843,
                0.606532915016154,
                1.99027282256803,
                -2.54003365167953,
                -0.86132463297245,
                -0.280970523070958,
                -1.27796770052832,
                1.26833410192063
            ],
            "median": [
                -1.305853636861,
                0.697997854967512,
                0.610394150452296,
                1.99351150022068,
                -2.5400288916118,
                -0.860479147416998,
                -0.280855400053785,
                -1.27815338710181,
                1.2558234042384
            ],
            "SE": [
                0.297130017601663,
                0.304852446597935,
                0.285837395361688,
                0.299804069311848,
                0.292951823189937,
                0.292607340674452,
                0.287330600376987,
                0.306210812501415,
                0.310926848500253
            ]
        },
        {
            "mean": [
                -1.35755593921226,
                -0.310151356499623,
                1.07358233749849,
                0.534452814031656,
                -0.48659678449181,
                -0.964357513959595,
                -0.920773461426407,
                -0.528097365071394,
                0.634888574116179
            ],
            "median": [
                -1.36864945942698,
                -0.316939415612285,
                1.07252581520304,
                0.539182362971392,
                -0.488851572262941,
                -0.964706670330335,
                -0.91377206873655,
                -0.523127997229205,
                0.632005103510656
            ],
            "SE": [
                0.302430134670143,
                0.306787079252033,
                0.290370691809508,
                0.301380375318144,
                0.295075276579993,
                0.296325944846778,
                0.277715485435249,
                0.307849824029472,
                0.29581609060977
            ]
        },
        {
            "mean": [
                -0.0527869888112957,
                -1.69316390242492,
                0.52551747592004,
                1.71205064798883,
                -3.18182332266679,
                -0.487342339380966,
                0.496596041450144,
                -2.46297933011865,
                1.09765099827038
            ],
            "median": [
                -0.0494254538517062,
                -1.69455051362308,
                0.522263502758276,
                1.71361669884121,
                -3.18768174356472,
                -0.487777952892165,
                0.500705491142731,
                -2.47129098050644,
                1.09403217808319
            ],
            "SE": [
                0.302036704712966,
                0.300014126736491,
                0.283062726575372,
                0.30991180622448,
                0.294476731992981,
                0.294865070457056,
                0.277741094981869,
                0.31041258717499,
                0.300528769174304
            ]
        },
        {
            "mean": [
                -2.51341107607718,
                -3.64097584167827,
                -0.438459200621469,
                0.517411051601366,
                -1.94655798842353,
                -2.53700817323729,
                1.05918479005506,
                -0.689565810352637,
                -0.833199758365135
            ],
            "median": [
                -2.51017524998789,
                -3.64137862693988,
                -0.442632009411807,
                0.52576028431079,
                -1.94502564611925,
                -2.5409306003955,
                1.05455419579132,
                -0.686125626678295,
                -0.83577026165896
            ],
            "SE": [
                0.303870489945339,
                0.300370328331414,
                0.288726174939989,
                0.30413693765516,
                0.291508781740178,
                0.292023721287495,
                0.277385512171456,
                0.303492425869744,
                0.302313306963085
            ]
        },
        {
            "mean": [
                -0.254787452336048,
                -1.49650757786732,
                1.46482080178194,
                -0.987529398242003,
                -0.930694875700767,
                0.9720612016256,
                -0.180225751797862,
                2.1638305366053,
                -0.0581089875482936
            ],
            "median": [
                -0.25845468694362,
                -1.50199201539197,
                1.45652220394793,
                -0.986358993158543,
                -0.928297405571864,
                0.980792899121331,
                -0.177145422641759,
                2.16790876868061,
                -0.0538808607902552
            ],
            "SE": [
                0.30437615213762,
                0.306810127565882,
                0.283362325576258,
                0.302117976527037,
                0.297171036710769,
                0.294273136441042,
                0.283411289693498,
                0.305702414152308,
                0.294845069391752
            ]
        },
        {
            "mean": [
                0.0411860039491152,
                1.05201630357518,
                0.344019950076677,
                -0.585190640123266,
                -0.576750206839832,
                -0.561219979530664,
                0.47368092873204,
                -1.17098087080355,
                -0.0482399015347659
            ],
            "median": [
                0.00993323821205602,
                1.20310425881686,
                0.30717300136787,
                -0.569453411350328,
                -0.559592785905939,
                -0.541145181540996,
                0.485719110843183,
                -1.51552603476108,
                0.349948937514059
            ],