{
    "uid": "1a6fd956-af12-48b4-a786-fcc5534391ae",
    "scenario_uid": "b56e398eaedbdad34cec9e8a634c0fba",
    "iteration_uid": "05a8ec9adbcac2533a675cdfd80a9135",
    "PD_subj": [
        {
            "mean": [
                -0.508465903381956,
                -0.610166860297947,
                1.78124279033091,
                0.757374885923629,
                0.329825830726689,
                1.77532417216945,
                1.93370842315921,
                -0.554976606281902,
                -1.07654154158887
            ],
            "median": [
                -0.510286891597105,
                -0.599893758897658,
                1.7820711569015,
                0.760934423761988,
                0.317895617785736,
                1.77782606060993,
                1.93608880635986,
                -0.580163745651969,
                -1.07502433814124
            ],
            "SE": [
                0.293773913704562,
                0.454496987140477,
                0.295068092763498,
                0.28474615192714,
                0.302285342451638,
                0.290390390043596,
                0.296463931054263,
                0.636688541709687,
                0.304305254933496
            ]
        },
        {
            "mean": [
                -1.2873222934926,
                0.856452981454164,
                -0.188189592359604,
                1.60039978797386,
                0.0837580450164793,
                0.840849077102109,
                -0.335813222493863,
                -2.86698968685825,
                -0.868771372359681
            ],
            "median": [
                -1.2926136083265,
                0.857997829968548,
                -0.189658387538301,
                1.60047257412327,
                0.0847044266028266,
                0.835660055367862,
                -0.328225940099488,
                -2.86141270910871,
                -0.868517048681487
            ],
            "SE": [
                0.294037853768529,
                0.459248060586051,
                0.287685248855311,
                0.274047698656816,
                0.310168400391091,
                0.294457977907215,
                0.29354485258707,
                0.621193870167439,
                0.295712987292747
            ]
        },
        {
            "mean": [
                -0.0547478066375994,
                0.977029978498315,
                -0.0760490842541651,
                0.428833611979919,
                -3.05787884156204,
                0.409869332856019,
                2.46777608044208,
                -2.74439567953715,
                2.46463935847977
            ],
            "median": [
                -0.0525660511344124,
                0.964670419553557,
                -0.0771580874135183,
                0.425214174377668,
                -3.05976551992015,
                0.414605575686105,
                2.46008057385585,
                -2.73053179127205,
                2.46097371688524
            ],
            "SE": [
                0.310148922022463,
                0.455977864506033,
                0.311830163116797,
                0.299197245114469,
                0.304271801189653,
                0.300776398505546,
                0.319298768465856,
                0.639963695560101,
                0.318332686344727
            ]
        },
        {
            "mean": [
                -2.98142240212083,
                1.01400006538014,
                0.637236046045248,
                2.69198755710056,
                -3.20906590031012,
                -1.34263049768062,
                1.87050122114156,
                0.199139922026478,
                2.23753043869864
            ],
            "median": [
                -2.98432171368687,
                1.0153314357997,
                0.624947764130985,
                2.68587529858368,
                -3.2108998876985,
                -1.34344303250437,
                1.87197524281116,
                0.195853039959178,
                2.23731126182675
            ],
            "SE": [
                0.289824851454247,
                0.452022252608167,
                0.291855997597235,
                0.272951778422464,
                0.313151158400966,
                0.293144232886299,
                0.297687759165997,
                0.634391856749484,
                0.299996000892575
            ]
        },
        {
            "mean": [
                0.498540881030237,
                -1.84245881378457,
                2.35960551200632,
                1.90875845740955,
                0.307608544524679,
                0.379531096888811,
                -0.265027835934418,
                -2.39086448677874,
                -0.904838571035437
            ],
            "median": [
                0.494311195224476,
                -1.84243619110423,
                2.35685916632879,
                1.91052004171777,
                0.313064391537731,
                0.382743591171289,
                -0.267322436950329,
                -2.38473913243807,
                -0.905192767096886
            ],
            "SE": [
                0.283161058998561,
                0.46355579774328,
                0.294694671240163,
                0.269226363097008,
                0.313381964150805,
                0.290321735518934,
                0.292326160009531,
                0.61654581507006,
                0.300977340368505
            ]
        },
        {
            "mean": [
                -0.355658440352943,
                -1.80413297174479,
                1.26303751665729,
                2.30739072136886,
                -1.70082529194669,
                -1.44940626860942,
                1.13357945506497,
                0.163524825379158,
                2.14098615832907
            ],
            "median": [
                -0.357994041922178,
                -1.8106812385055,
                1.26530304762883,
                2.30781808439565,
                -1.70485766518911,
                -1.44842555511386,
                1.1364083132923,
                0.145217861216462,
                2.14371486668627
            ],
            "SE": [
                0.296008186636252,
                0.452765380333972,
                0.296586352594627,
                0.277507193072165,
                0.309804315057714,
                0.288083590296911,
                0.297929478872433,
                0.613246878199956,
                0.297761473796022
            ]
        },
        {
            "mean": [
                1.22373551278713,
                -0.811702787262358,
                0.228082394570766,
                2.62881368523723,
                -1.86924702358697,
                -0.388539443124184,
                0.385102424717684,
                -2.33714596874958,
                0.214214550626678
            ],
            "median": [
                1.229929846261,
                -0.807311708356112,
                0.223643964405215,
                2.62922296608607,
                -1.87257676392986,
                -0.385305502358542,
                0.38157872092019,
                -2.34088822481884,
                0.21419623587719
            ],