{
    "uid": "e064bb8b-7ef0-49cb-a3ef-b1c723fdf620",
    "scenario_uid": "b56e398eaedbdad34cec9e8a634c0fba",
    "iteration_uid": "05aaccb2721e131bff7ac23081cb1aa4",
    "PD_subj": [
        {
            "mean": [
                -0.307722381971428,
                0.832304181616688,
                1.16108688107066,
                2.49163603032238,
                -2.32898181631815,
                -0.87333545637496,
                1.93163460642736,
                -1.22855117183869,
                -1.49022898031353
            ],
            "median": [
                -0.30539857151128,
                0.84193713509835,
                1.16385286567822,
                2.48257771231343,
                -2.37200207960092,
                -0.832240398205218,
                1.93955332356659,
                -1.23587691641115,
                -1.5016117055088
            ],
            "SE": [
                0.284489822842278,
                0.322358919365377,
                0.367757891412616,
                0.306324085238446,
                0.42924247877595,
                0.616893173632722,
                0.31641080514333,
                0.342488968533996,
                0.399180343627645
            ]
        },
        {
            "mean": [
                -1.34648042154862,
                -1.4662937730733,
                0.813763414504139,
                3.74361098509863,
                -1.94517445560678,
                0.270267494068777,
                -2.70548824610529,
                -0.331696792972933,
                -0.0802148026758361
            ],
            "median": [
                -1.34215620052145,
                -1.46980561090434,
                0.807480579202932,
                3.74026782175839,
                -1.94265375067995,
                0.262582795184484,
                -2.71300288061403,
                -0.337546632724408,
                -0.0753032170846046
            ],
            "SE": [
                0.294388710943999,
                0.29802129620306,
                0.361791387267794,
                0.306625325995818,
                0.304811502294246,
                0.533123677155062,
                0.304037030950275,
                0.321371558062693,
                0.401521776920366
            ]
        },
        {
            "mean": [
                0.900640566298354,
                -0.679098336100128,
                2.9091524461744,
                -1.15029826372805,
                -2.79185566333071,
                0.768724369092812,
                1.88206165299237,
                2.23640391567959,
                0.134863244818409
            ],
            "median": [
                0.889414250034463,
                -0.685871536895237,
                2.90947932197159,
                -1.15507996598277,
                -2.79944023042668,
                0.768797420044667,
                1.88620393923929,
                2.24339484716996,
                0.126601776238009
            ],
            "SE": [
                0.295831009465773,
                0.286250296802918,
                0.352784602829166,
                0.300322247781583,
                0.295515210016747,
                0.522546239961225,
                0.308204393881862,
                0.327337515916653,
                0.384576218399823
            ]
        },
        {
            "mean": [
                -2.40195967830601,
                -1.5955898509563,
                2.23615420539238,
                1.1100309261315,
                -2.64914044677507,
                0.572707456527105,
                -1.4496819094753,
                -2.66427751799896,
                -1.29086685525673
            ],
            "median": [
                -2.40753281093195,
                -1.59662424170215,
                2.22574402958809,
                1.11368027393983,
                -2.64995466476331,
                0.585203135054007,
                -1.442921818766,
                -2.65918079078093,
                -1.30188519803006
            ],
            "SE": [
                0.287786543996254,
                0.293946358167638,
                0.351870644284202,
                0.302862802271063,
                0.300581807193012,
                0.545816178581777,
                0.312818944850484,
                0.322216923193608,
                0.396355400720539
            ]
        },
        {
            "mean": [
                -2.04577412153738,
                -1.7415121059068,
                2.77675933893531,
                0.449617657515028,
                -1.81886141318556,
                -3.46970351456569,
                1.17640623051396,
                -1.1911152427799,
                -1.10199272994697
            ],
            "median": [
                -2.04343362583407,
                -1.75484083785765,
                2.76611693578993,
                0.451070932465722,
                -1.82520975181763,
                -3.47134281018338,
                1.1719660284499,
                -1.18839204436894,
                -1.10811961419208
            ],
            "SE": [
                0.287847053429855,
                0.286934961549348,
                0.360015129935256,
                0.307262484296781,
                0.301284492924559,
                0.542879681779009,
                0.307081748582342,
                0.320329507594192,
                0.38238644905101
            ]
        },
        {
            "mean": [
                -0.972464750439656,
                -0.362058248179774,
                1.57714127823134,
                1.49814131828725,
                0.397511683813797,
                -0.295181680678019,
                -1.54636063998476,
                -1.15028844101309,
                -0.832154719684222
            ],
            "median": [
                -0.974191572234133,
                -0.856057537032707,
                1.59070842998953,
                1.50056133055389,
                1.29602292694804,
                -0.264706330863632,
                -1.56302459851825,
                -1.40836448840822,
                -0.832081042141888
            ],
            "SE": [
                0.308893234074304,
                1.26783879473978,
                0.361616645915542,
                0.305768602235365,
                1.59539813423305,
                0.61001348077963,
                0.320315012926331,
                0.794079870078418,
                0.410710600697109
            ]
        },
        {
            "mean": [
                0.461971898185737,
                -1.00352395514363,
                0.57624738452235,
                0.0739696078585294,
                -0.38325114817315,
                0.126750241846109,
                1.61427380171613,
                -2.86545080550507,
                1.27190605811685
            ],
            "median": [
                0.467172232532218,
                -1.00610724707421,
                0.579329861578016,
                0.0655730515235139,
                -0.382558460494027,
                0.125489361664452,
                1.62494106237009,
                -2.86413137493849,
                1.3433107933531
            ],