{
    "uid": "7a525f6e-b9f3-4cd3-818e-83da7106833c",
    "scenario_uid": "b56e398eaedbdad34cec9e8a634c0fba",
    "iteration_uid": "074656a1b0e0276efd4a327f5c543c09",
    "PD_subj": [
        {
            "mean": [
                -0.323819570314866,
                -0.737035391599026,
                -1.15303701509885,
                1.66981873416112,
                -0.555946971345918,
                -0.224862134142896,
                -1.25613975482959,
                -2.10999420643931,
                -0.697445498618905
            ],
            "median": [
                -0.320868533952797,
                -0.725078514527242,
                -1.15021686835413,
                1.66322827040389,
                -0.55111018634024,
                -0.22662152097974,
                -1.24899505856068,
                -2.11586337333695,
                -0.69576801653889
            ],
            "SE": [
                0.345582231475175,
                0.291938990432249,
                0.316245412931343,
                0.303119244886303,
                0.301931877787417,
                0.307217611124084,
                0.351503073916405,
                0.288459082059634,
                0.300537647141524
            ]
        },
        {
            "mean": [
                1.76375266424709,
                -1.54866051028851,
                -0.484573498200898,
                2.01001319426657,
                0.584737558021549,
                -0.419993927309419,
                3.76973763827006,
                -2.51726079044612,
                -0.20479301209765
            ],
            "median": [
                1.7732309650603,
                -1.5416689588415,
                -0.488680643720964,
                2.00844844320085,
                0.58988651604513,
                -0.421773768202545,
                3.7723265856663,
                -2.52763987001954,
                -0.208675874457722
            ],
            "SE": [
                0.345765376818275,
                0.297784017279179,
                0.305961049310794,
                0.301107887887671,
                0.300713425189351,
                0.306133343998505,
                0.356128710438754,
                0.29280179062949,
                0.30155827926237
            ]
        },
        {
            "mean": [
                -0.688035262816886,
                1.71789595060234,
                -0.482507843991577,
                -0.0489862432440624,
                -2.5322757172953,
                -0.440806419165778,
                1.900304119195,
                -3.71344600116458,
                1.87829004682079
            ],
            "median": [
                -0.758409983813128,
                1.71678761956072,
                -0.403544486020658,
                0.132254292409972,
                -2.53856894875295,
                -0.637297179186702,
                1.93027142059845,
                -3.7184752918187,
                1.87898814296963
            ],
            "SE": [
                0.551859678828583,
                0.303920522266791,
                0.505126016214257,
                0.737360235657315,
                0.302795559950852,
                0.67350771309514,
                0.436983104467384,
                0.298699767637826,
                0.311736735839364
            ]
        },
        {
            "mean": [
                -1.5695700082798,
                -0.512108117626742,
                3.56107862636993,
                0.835971337137357,
                -0.538493833950333,
                -0.958223049938914,
                1.72131617456657,
                -2.0318263929179,
                -0.504403534147474
            ],
            "median": [
                -1.57335211022497,
                -0.523832229496129,
                3.55932823931044,
                0.82743459565449,
                -0.54000651906812,
                -0.964828425366084,
                1.73042783010918,
                -2.0384006628221,
                -0.501581811029309
            ],
            "SE": [
                0.341854046681395,
                0.495573513821361,
                0.29768916733032,
                0.295235990432972,
                0.614145003242565,
                0.305619700880358,
                0.366086246236494,
                0.477034860561983,
                0.295314330720954
            ]
        },
        {
            "mean": [
                -0.150248741192717,
                -0.397196649830194,
                -0.392500891592149,
                2.40365981530464,
                -1.59910905707871,
                -1.59878992451733,
                1.07203552890305,
                -1.5115120727644,
                -1.48687950799547
            ],
            "median": [
                -0.145195426144918,
                -0.404340626678449,
                -0.404758123942789,
                2.3994464228545,
                -1.61893178546707,
                -1.60798830218498,
                1.06969720963187,
                -1.4997990588598,
                -1.50031082397204
            ],
            "SE": [
                0.354362876426654,
                0.315390362020045,
                0.344437731651702,
                0.290597063100254,
                0.379118041264084,
                0.356358530577733,
                0.353470800631952,
                0.323741200748916,
                0.35041673023186
            ]
        },
        {
            "mean": [
                1.17029616515763,
                -2.09341060582673,
                -0.15705361873359,
                3.19682426919411,
                0.37014976764006,
                1.05731057879989,
                2.10370499205585,
                -2.7085005008839,
                1.86065290761783
            ],
            "median": [
                1.17257398006239,
                -2.08718723044587,
                -0.150749091712346,
                3.20011002978159,
                0.37598629917071,
                1.05460987903355,
                2.10877934998177,
                -2.70535894169097,
                1.86430336852807
            ],
            "SE": [
                0.349237797091334,
                0.300926460511743,
                0.294548054970225,
                0.291604348448639,
                0.306174457370676,
                0.301243659513856,
                0.342595684367267,
                0.304019232432216,
                0.292291565219217
            ]
        },
        {
            "mean": [
                -0.729880972902357,
                1.47984606410853,
                -1.24007580169463,
                2.72856331994104,
                -2.41591432325258,
                -3.55090018790959,
                1.14710059136755,
                -2.1282539935725,
                -0.443402654271867
            ],
            "median": [
                -0.729378951306677,
                1.4795684132633,
                -1.23973281118959,
                2.73114677524805,
                -2.41338593392711,
                -3.54606583142098,
                1.14933050550602,
                -2.13294884862141,
                -0.440837092126947
            ],