{
    "uid": "9d1c852e-3f28-4666-b1c9-14f13e63f023",
    "scenario_uid": "b56e398eaedbdad34cec9e8a634c0fba",
    "iteration_uid": "07dcf30637fe1acb0e0fc64dabae4370",
    "PD_subj": [
        {
            "mean": [
                1.41649588474115,
                0.152709307755217,
                3.28772723263484,
                1.55825545916048,
                -2.017259669205,
                -1.83283280602709,
                1.12293027622619,
                0.950448254931964,
                -3.2520069696879
            ],
            "median": [
                1.41928489510205,
                0.146622371265848,
                3.28126941449356,
                1.55914728931903,
                -2.02303391070134,
                -1.83500946871288,
                1.12394841847806,
                0.95737374103032,
                -3.25304033625893
            ],
            "SE": [
                0.289539449056092,
                0.515288733090215,
                0.287006318078578,
                0.303060014142668,
                0.299246563250732,
                0.284530117405772,
                0.281737874111203,
                0.363181360611772,
                0.292357954955131
            ]
        },
        {
            "mean": [
                -1.29982788299657,
                -3.46807391774475,
                1.00346895786816,
                1.69870475665932,
                -3.29603574826827,
                0.726697552178182,
                0.724095380344174,
                -1.3687383875558,
                0.149809168980591
            ],
            "median": [
                -1.29318631301176,
                -3.46033567672439,
                0.995770512747235,
                1.70052181746724,
                -3.30817570166219,
                0.724134348998199,
                0.723361145516284,
                -1.38048854385298,
                0.153644895013834
            ],
            "SE": [
                0.294760391934356,
                0.521738276670313,
                0.289070104628234,
                0.293277267610692,
                0.308090854829109,
                0.286516209497158,
                0.289395232734793,
                0.375702878821069,
                0.299352176870971
            ]
        },
        {
            "mean": [
                1.0272474122028,
                -2.11113837581436,
                1.1738305878939,
                0.522684598663816,
                -0.29159838537082,
                0.165118104045133,
                2.66494743706983,
                -0.772434887692959,
                0.212887013726109
            ],
            "median": [
                1.02318405570507,
                -2.09528185045128,
                1.17263395033156,
                0.526557088944463,
                -0.290532357779553,
                0.159917241732931,
                2.65788654961649,
                -0.765514007586855,
                0.211820086398742
            ],
            "SE": [
                0.308003359057794,
                0.499003915343659,
                0.300901570757484,
                0.294361244812746,
                0.298143822359421,
                0.282639072568167,
                0.301426244405142,
                0.368424638016744,
                0.290248556567589
            ]
        },
        {
            "mean": [
                2.32106189636597,
                0.595511111913942,
                2.33384209621083,
                -1.22286007882833,
                0.296670638199521,
                -0.0959429393806155,
                0.55595349693181,
                -0.0635950724144913,
                -1.10511696152474
            ],
            "median": [
                2.31389390025987,
                0.584300276912027,
                2.33912431711617,
                -1.22171382861961,
                0.300546007291519,
                -0.0966714554664046,
                0.553080414500375,
                -0.049282348899397,
                -1.10863171035431
            ],
            "SE": [
                0.302304772710379,
                0.523497296123057,
                0.290037809119421,
                0.299510564444236,
                0.303710226235762,
                0.284606355546135,
                0.289744857099678,
                0.354491295341348,
                0.298298722295336
            ]
        },
        {
            "mean": [
                -0.225760771930601,
                -1.45278674076802,
                -0.159188650697066,
                -1.11310753212765,
                0.351074336229188,
                -1.29649772800136,
                1.96748129103432,
                -2.72454841643034,
                1.86381746634748
            ],
            "median": [
                -0.239662591709531,
                -1.45941936725518,
                -0.201555090084342,
                -1.32199307795163,
                0.345783149765682,
                -1.3570217161847,
                2.05041294767298,
                -2.71556040646392,
                2.05062468012901
            ],
            "SE": [
                0.341394305567654,
                0.51532971647213,
                0.423881090581485,
                0.860001012946313,
                0.307267140512035,
                0.443750847849513,
                0.494454160192691,
                0.370122028332681,
                0.787283070667173
            ]
        },
        {
            "mean": [
                0.231330445200437,
                1.39294992300102,
                1.68662045517702,
                1.05867812816598,
                -2.19449974540807,
                0.431903471523798,
                -0.860743808762622,
                -0.312471025264469,
                -0.598522651442537
            ],
            "median": [
                0.225475415026467,
                1.38533783402976,
                1.68239283643065,
                1.06392931335402,
                -2.19329086762908,
                0.426126413357569,
                -0.871198268555563,
                -0.314603628968824,
                -0.599494774474311
            ],
            "SE": [
                0.303175467325402,
                0.494621898835172,
                0.302468820321747,
                0.298659003456097,
                0.304818493426953,
                0.286181797459786,
                0.301682522573284,
                0.367588900144328,
                0.295182140315079
            ]
        },
        {
            "mean": [
                -0.471887986495312,
                0.131676493070376,
                0.650767576993468,
                2.59488513629609,
                -0.338716105393642,
                -0.439996902862528,
                -0.738961535546077,
                -1.56455744628226,
                -1.4894277391607
            ],
            "median": [
                -0.473226671867042,
                0.18708149205526,
                0.67055662305884,
                2.59188515448035,
                -0.325530094646657,
                -0.44091598221478,
                -0.739801561589711,
                -1.56504949954326,
                -1.48916865824498
            ],