{
    "uid": "6e9d8c31-fe9d-4c2e-a64c-622ccf590b87",
    "scenario_uid": "b56e398eaedbdad34cec9e8a634c0fba",
    "iteration_uid": "08dbad268647a6ce25e6c5e66d012b83",
    "PD_subj": [
        {
            "mean": [
                1.29134196538984,
                -0.0735170045959996,
                -0.490162304659494,
                1.42112572980157,
                0.452476368287992,
                0.334763538421913,
                -0.399534818343584,
                -3.22228006353483,
                -2.98022310670487
            ],
            "median": [
                1.29473504085065,
                0.00147104035097938,
                -0.677837422944804,
                1.42503772946369,
                0.441808535896378,
                0.327992683999642,
                -0.397859474014339,
                -3.26260031839329,
                -2.92098724217602
            ],
            "SE": [
                0.292406981578898,
                0.697484668986619,
                0.618556026968257,
                0.289725161010479,
                0.430362454804525,
                0.335984866633723,
                0.299873422858827,
                0.469017262442142,
                0.451107284025404
            ]
        },
        {
            "mean": [
                -0.31092809827326,
                1.1053596898253,
                1.2173680545304,
                0.429931029969978,
                -2.15313367390942,
                -0.978062944425559,
                -2.25986191589291,
                -2.12299666318683,
                1.37283161704442
            ],
            "median": [
                -0.304636263140308,
                1.11436622789637,
                1.22185089278107,
                0.434199625245798,
                -2.14610567801314,
                -0.975174924159137,
                -2.25804932887831,
                -2.12850840539573,
                1.36389868650529
            ],
            "SE": [
                0.286278767105893,
                0.441902826533982,
                0.286812599663442,
                0.300874189963603,
                0.396501217857068,
                0.274747201323692,
                0.287452001158692,
                0.31395762001137,
                0.294091065186489
            ]
        },
        {
            "mean": [
                1.42992724354463,
                -1.15981988650853,
                1.42068041764641,
                2.05612270409001,
                0.322571384463475,
                2.03631964010775,
                -0.860268617761778,
                -2.68090504994185,
                -0.845962363250435
            ],
            "median": [
                1.4339408753709,
                -1.1694329922456,
                1.42403860371447,
                2.05457204847306,
                0.317675352207446,
                2.03231586939349,
                -0.862616925551371,
                -2.68280217496987,
                -0.839523892123012
            ],
            "SE": [
                0.307224621381033,
                0.440164243522485,
                0.300549258938487,
                0.318162476468661,
                0.397387295308004,
                0.299688587633972,
                0.317400708755835,
                0.303445616293248,
                0.31338223507261
            ]
        },
        {
            "mean": [
                -0.746455078629876,
                2.317265947188,
                1.25373145913468,
                2.45573087851762,
                -2.5025053284026,
                -0.994093025112926,
                3.11352157835503,
                -0.842782062748477,
                -1.32418331236579
            ],
            "median": [
                -0.74594206929796,
                2.32443665450799,
                1.24896993497103,
                2.44733146140691,
                -2.50614322227463,
                -0.996792347383149,
                3.11229540018199,
                -0.844706223076613,
                -1.32074306808517
            ],
            "SE": [
                0.281015516822664,
                0.448346118788078,
                0.282068381899089,
                0.294063516231785,
                0.400077577660273,
                0.278680260393864,
                0.296645628163838,
                0.311067597520992,
                0.292389720267143
            ]
        },
        {
            "mean": [
                -1.93059104914032,
                2.35069719788921,
                2.20593640024542,
                -1.08398734365798,
                -0.406941367549132,
                -0.768569393655535,
                1.32714766018306,
                -0.61185976751632,
                2.96737741008447
            ],
            "median": [
                -1.9326336482067,
                2.36517616434968,
                2.20607992115787,
                -1.08510986488483,
                -0.410338173090893,
                -0.764018647089039,
                1.33059791118315,
                -0.622500284371689,
                2.96545529271137
            ],
            "SE": [
                0.291118607641485,
                0.447821525010937,
                0.289615773390058,
                0.297172127366287,
                0.382039576337746,
                0.289483216823322,
                0.291519973509092,
                0.323987556062461,
                0.289323175981777
            ]
        },
        {
            "mean": [
                -1.03986683303688,
                -0.147782796005574,
                -0.268673220124449,
                0.955398274442963,
                0.13974412192364,
                0.253734327641384,
                0.853505970914069,
                -1.36769724948187,
                -1.44427509033755
            ],
            "median": [
                -1.04594064499546,
                -0.117556820013806,
                -0.296417146339168,
                0.956154160149236,
                0.152041655127076,
                0.251293543033105,
                0.863134640550771,
                -1.36727924576725,
                -1.45679310840422
            ],
            "SE": [
                0.299198593509833,
                0.554805136172672,
                0.396839643600342,
                0.292473719755585,
                0.467565819303656,
                0.317280646603304,
                0.291401314437802,
                0.395278778107384,
                0.356328312423509
            ]
        },
        {
            "mean": [
                -1.77975426157492,
                -0.231018248889043,
                1.4584341442472,
                2.01633509078479,
                0.481774571200183,
                0.379438665792683,
                -0.570114006470641,
                -1.29219788057497,
                1.76114369006743
            ],
            "median": [
                -1.78422963017717,
                -0.24539245174332,
                1.4554056827988,
                2.01832353576676,
                0.486132448472545,
                0.373676460190452,
                -0.575178685651166,
                -1.30326778834948,
                1.76296566830568
            ],