{
    "uid": "58db0553-5197-4af1-b878-b90b7886bb5a",
    "scenario_uid": "b56e398eaedbdad34cec9e8a634c0fba",
    "iteration_uid": "0b11ad07e29de4fb0b5a58a17abe546f",
    "PD_subj": [
        {
            "mean": [
                -0.794338685380545,
                -1.2740517282298,
                2.41952291002742,
                -0.0170548751530813,
                -0.62223478380892,
                0.495099464218575,
                3.30099849372658,
                -1.17875057516673,
                -0.581339387384841
            ],
            "median": [
                -0.796367951283124,
                -1.27621148207162,
                2.4159108401329,
                -0.0137140257368894,
                -0.627714121804659,
                0.496368868000775,
                3.30401380821125,
                -1.18402515174477,
                -0.579270767070586
            ],
            "SE": [
                0.288563424500816,
                0.299299864077623,
                0.283253713648142,
                0.292449757991344,
                0.286640820527714,
                0.303492979737576,
                0.306377580057163,
                0.281671392031056,
                0.285485576641919
            ]
        },
        {
            "mean": [
                -1.57721542376614,
                -1.83209657679632,
                1.48067239337843,
                0.884598908154802,
                -2.75486955868528,
                -0.146723197949389,
                1.18835300636252,
                -1.88196149631378,
                -1.26691209819647
            ],
            "median": [
                -1.57971593136003,
                -1.83440606680414,
                1.48293332753715,
                0.880222359274192,
                -2.75544180191014,
                -0.145457766872664,
                1.18073496047644,
                -1.87792009150615,
                -1.26863123555536
            ],
            "SE": [
                0.290344666913519,
                0.30621429086051,
                0.282384746945885,
                0.3022466390182,
                0.282905810581202,
                0.294416664962596,
                0.301824123805147,
                0.286731708465657,
                0.284817970755477
            ]
        },
        {
            "mean": [
                -2.27219678045967,
                -1.24216543636224,
                0.667070631118438,
                2.25962222127322,
                -0.668562036808291,
                0.273451214331468,
                1.35677735729663,
                0.187052545237751,
                0.669003076641681
            ],
            "median": [
                -2.27326323379626,
                -1.23576896698267,
                0.668771345925114,
                2.25972997617366,
                -0.66563612492366,
                0.269447960156722,
                1.36494998521087,
                0.190513196142625,
                0.670688219817433
            ],
            "SE": [
                0.295191183691098,
                0.294631256722295,
                0.283448143354883,
                0.299051791262628,
                0.273582970061459,
                0.304945204973213,
                0.312308066249351,
                0.282139552891255,
                0.2955107988454
            ]
        },
        {
            "mean": [
                -1.91942723221264,
                -0.0395853647195717,
                3.32750718937204,
                0.166723968966695,
                -2.47621616355234,
                -2.84556939827368,
                -0.198949184464705,
                0.136394317111028,
                0.0189708567493563
            ],
            "median": [
                -1.91621235040602,
                -0.0493654501587395,
                3.33662691391836,
                0.16728286718,
                -2.4729799955661,
                -2.85344190995475,
                -0.198620861188689,
                0.139722794235381,
                0.0189696727345348
            ],
            "SE": [
                0.286054209074154,
                0.29129093467984,
                0.283404051908637,
                0.306372206791078,
                0.270677203259456,
                0.298478646820635,
                0.305357449736674,
                0.283867887291863,
                0.281186656229741
            ]
        },
        {
            "mean": [
                0.677068748242256,
                -1.00636794190744,
                0.813999318591031,
                0.209477195185705,
                0.484473334951396,
                -0.291376215765597,
                2.23478649900661,
                -1.54331957523843,
                0.132909360147012
            ],
            "median": [
                0.680570421100447,
                -1.0106229543059,
                0.819232215582484,
                0.206960890332683,
                0.472210956860796,
                -0.291716456660031,
                2.23959277895008,
                -1.54363408938938,
                0.136003159783568
            ],
            "SE": [
                0.294432905789466,
                0.295023995340415,
                0.284018469176621,
                0.298022181282003,
                0.286580078865721,
                0.30166009077048,
                0.309012613108465,
                0.295085548000078,
                0.284026420754343
            ]
        },
        {
            "mean": [
                -0.51885779158761,
                -0.924451610303772,
                2.32762611046427,
                -0.503269167550505,
                -1.56864547268634,
                -0.799438888531796,
                -2.70463262918379,
                -1.39336533849765,
                -1.36528924936405
            ],
            "median": [
                -0.51349858580984,
                -0.929675593590147,
                2.32646998950461,
                -0.501043230723182,
                -1.56901576034264,
                -0.793122339709962,
                -2.71489530353977,
                -1.38413325390135,
                -1.36482300641051
            ],
            "SE": [
                0.28848601145401,
                0.297075011869391,
                0.296955987898654,
                0.309251522560485,
                0.276514172868882,
                0.299761918724894,
                0.315577052329202,
                0.280375024595595,
                0.2889943512362
            ]
        },
        {
            "mean": [
                -1.08904881844316,
                -1.40810963901074,
                1.23244386795308,
                0.044348579701834,
                -2.07119124922461,
                0.917711511406222,
                -0.158913873438996,
                -2.5527659774733,
                0.3536133324877
            ],
            "median": [
                -1.09292219920198,
                -1.40742260243089,
                1.2350097342374,
                0.0418691082532662,
                -2.07744676976974,
                0.911150543470878,
                -0.156505382454297,
                -2.55711750357971,
                0.364489315259034
            ],