{
    "uid": "4720d4c3-263e-4f0f-91d4-dd842e0b9cd9",
    "scenario_uid": "b56e398eaedbdad34cec9e8a634c0fba",
    "iteration_uid": "0db22c18bc08c64439d9ead896c82975",
    "PD_subj": [
        {
            "mean": [
                1.60274612573716,
                -3.17286461337044,
                -2.89751276933694,
                3.68730534105592,
                0.0450266953431587,
                1.9682409199696,
                0.766698655946669,
                -0.269994831103658,
                2.00979896022544
            ],
            "median": [
                1.59819194657068,
                -3.17155731493264,
                -2.88853186408147,
                3.68263076947572,
                0.0469434551495724,
                1.96683904537867,
                0.762422860315134,
                -0.276757424824006,
                2.00184307749102
            ],
            "SE": [
                0.285375268440315,
                0.354751486620119,
                0.296427524900953,
                0.29872939330232,
                0.350427742784917,
                0.29351415605784,
                0.279573784050034,
                0.351373533304723,
                0.298123629515384
            ]
        },
        {
            "mean": [
                1.24437133202361,
                -0.876826666077201,
                1.21944718601378,
                0.149126009871091,
                -1.15348457574508,
                0.140574126933424,
                0.047918442137059,
                -0.414795291433594,
                0.0459240318868829
            ],
            "median": [
                1.25436868749178,
                -0.877011488513651,
                1.21949228303717,
                0.139661184003591,
                -1.16270986633016,
                0.138236476737347,
                0.0545025709888841,
                -0.418510622821984,
                0.0385014270767621
            ],
            "SE": [
                0.303173964506276,
                0.347123685842346,
                0.311233318262435,
                0.317341928258096,
                0.350406393466451,
                0.323023365693404,
                0.291293180322411,
                0.354432127045847,
                0.300949204625378
            ]
        },
        {
            "mean": [
                -1.09178266497178,
                -0.694081483469521,
                2.21247491833155,
                0.45011026592476,
                0.509983874784367,
                -2.10170292449082,
                1.52968506210768,
                -2.07620887117743,
                -0.653174893543787
            ],
            "median": [
                -1.08063086877964,
                -0.685535361552888,
                2.20543289699487,
                0.45002264720692,
                0.507695327785634,
                -2.09320692620328,
                1.53028405169286,
                -2.0742884935856,
                -0.649928587080479
            ],
            "SE": [
                0.294474784683058,
                0.34792899207614,
                0.293674870076899,
                0.303306881887645,
                0.35383709910203,
                0.297629059739174,
                0.295564164846025,
                0.356734181633941,
                0.282120471298095
            ]
        },
        {
            "mean": [
                -0.891492724936194,
                -0.124063020384139,
                -2.57029284693544,
                2.66699540808806,
                -2.05448117871382,
                0.827534007336633,
                -1.81923021583297,
                -0.850864802500355,
                -0.915338822209176
            ],
            "median": [
                -0.891718976823148,
                -0.121843964129204,
                -2.56580072116816,
                2.6712285166131,
                -2.05369934855995,
                0.83724947010889,
                -1.81739774705744,
                -0.84703282505579,
                -0.912889236889397
            ],
            "SE": [
                0.279617331578401,
                0.347067589721168,
                0.298816922982137,
                0.296439619483011,
                0.346757125427289,
                0.292238665304613,
                0.283474839931388,
                0.343375765614652,
                0.287355440665848
            ]
        },
        {
            "mean": [
                0.313624526733948,
                -0.0926916557405819,
                0.848291744066371,
                0.993322489538115,
                1.12706347353427,
                0.524186638213843,
                1.1981433663281,
                0.4700694685119,
                1.79513176876429
            ],
            "median": [
                0.191529299987986,
                -0.0970195626777074,
                1.01194695844039,
                1.09338488221528,
                1.13713580124308,
                0.423405518963769,
                1.26754275990467,
                0.314867919790331,
                2.00514625511258
            ],
            "SE": [
                0.583475756449395,
                0.388286942417744,
                0.598027793453506,
                0.522770522571906,
                0.384391154842888,
                0.491549434839156,
                0.774395144187425,
                0.669015046147932,
                0.705133531069734
            ]
        },
        {
            "mean": [
                -0.693576710341821,
                -0.884121315941877,
                -0.100206630104858,
                -0.0264874142034718,
                -2.95095562552968,
                0.528312994329076,
                1.45762117469113,
                -0.670570075810756,
                -0.00474860166172185
            ],
            "median": [
                -0.692569221979448,
                -0.886857443269751,
                -0.0967098446711404,
                -0.0255215595972744,
                -2.95006126662477,
                0.52240875149112,
                1.45686962033807,
                -0.661673925060481,
                0.00663558365550679
            ],
            "SE": [
                0.29174026448493,
                0.352311492303819,
                0.299461341826147,
                0.298369466308313,
                0.354361102216358,
                0.303706575261829,
                0.29361037822557,
                0.349679847648367,
                0.294577351915435
            ]
        },
        {
            "mean": [
                0.281145862647264,
                -0.264539100825376,
                2.03754221201033,
                2.03213584193538,
                -2.72130763321865,
                0.171766349753092,
                1.30344092802659,
                -0.0935576335853889,
                1.35394109308386
            ],
            "median": [
                0.277492330623446,
                -0.264829050832969,
                2.03712421924627,
                2.03245608917126,
                -2.71460259557014,
                0.161468013272461,
                1.30367925446338,
                -0.0974407265067767,
                1.35408667544917
            ],