{
    "uid": "665d2e26-6e7f-446f-b46d-225eb4056ab7",
    "scenario_uid": "b56e398eaedbdad34cec9e8a634c0fba",
    "iteration_uid": "0e4b3a4767f5535918c95435a19b7e77",
    "PD_subj": [
        {
            "mean": [
                -0.785872893951183,
                -2.2811558884726,
                1.68165732315957,
                -1.12650219955908,
                0.453177720099919,
                0.737943921874058,
                1.93797398705366,
                -1.37178659532338,
                0.0657643798363605
            ],
            "median": [
                -0.793769252718358,
                -2.28486570717431,
                1.68196025327141,
                -1.12592544160944,
                0.457266502456093,
                0.734187118050234,
                1.94005076590425,
                -1.36940374868334,
                0.0674047577542067
            ],
            "SE": [
                0.281038990354988,
                0.265509704273626,
                0.301119092595521,
                0.301532472364015,
                0.270206114970194,
                0.297566159564187,
                0.273138023086756,
                0.301330645896005,
                0.30697340042265
            ]
        },
        {
            "mean": [
                -0.60341576531297,
                -0.952603893291604,
                2.17869854262326,
                1.98684270392833,
                -0.771887916468732,
                0.351167085870915,
                -0.167400779449612,
                -1.174285753731,
                -0.326974987310462
            ],
            "median": [
                -0.602125732474344,
                -0.95240634498077,
                2.18103639443082,
                1.98309313629387,
                -0.770421474412389,
                0.347206635272125,
                -0.174604099601698,
                -1.18585119557454,
                -0.32000190364527
            ],
            "SE": [
                0.289770126460524,
                0.279523131104219,
                0.297022525337634,
                0.304236341565688,
                0.268941919791229,
                0.293940676575141,
                0.275420599431369,
                0.302188695727962,
                0.299518778813299
            ]
        },
        {
            "mean": [
                -1.4682129650906,
                -0.828430513347029,
                3.22328807416585,
                2.29514457578527,
                -0.662123202448489,
                -2.26746656675045,
                0.948466361606055,
                -0.446253143172501,
                -1.74362319753716
            ],
            "median": [
                -1.47582432348694,
                -0.821445354906897,
                3.22496771909456,
                2.2914562942425,
                -0.657271854371749,
                -2.26634301384801,
                0.951207857917919,
                -0.436121016323948,
                -1.74879604453545
            ],
            "SE": [
                0.283001818983179,
                0.266277696652026,
                0.299631390262372,
                0.29618203679022,
                0.272922651541914,
                0.292541200815739,
                0.281198384663062,
                0.301045991575983,
                0.301066411275815
            ]
        },
        {
            "mean": [
                -2.07600853280042,
                -0.00601665801229694,
                -0.0825861017785581,
                2.89847030204732,
                -0.518618276146125,
                -1.44545654645266,
                2.42345277181411,
                0.406665829278952,
                0.121117605648761
            ],
            "median": [
                -2.07506186923769,
                -0.000449912593961432,
                -0.086671615686457,
                2.90656451127554,
                -0.359015993451966,
                -1.59186387790793,
                2.43023618053402,
                0.419047612233471,
                0.100477260173203
            ],
            "SE": [
                0.291761432680933,
                0.276264793812647,
                0.304677550151327,
                0.300221006243991,
                0.571886585587141,
                0.582189586734823,
                0.271812845465901,
                0.332701344877514,
                0.337182508242112
            ]
        },
        {
            "mean": [
                -1.43326209568097,
                -0.565510233898878,
                1.92380030011281,
                0.717797392093352,
                -0.549353963003264,
                0.191107350842564,
                0.650864260959714,
                -3.0200049378265,
                1.86356576480058
            ],
            "median": [
                -1.43323520621855,
                -0.56957787538145,
                1.92120607123653,
                0.717090802411174,
                -0.549135514017914,
                0.189661945006932,
                0.651130617312323,
                -3.01532035096652,
                1.8760018140261
            ],
            "SE": [
                0.295750547628413,
                0.272536909574086,
                0.30097493119172,
                0.294916519961584,
                0.267796475074896,
                0.299958909470774,
                0.277029294217596,
                0.301663982059745,
                0.299279867008842
            ]
        },
        {
            "mean": [
                -1.48901594695324,
                0.257986011521596,
                1.1594647497867,
                -0.00901754695422956,
                -1.56144487185733,
                0.577305535678517,
                1.35137664707656,
                -0.128180117615462,
                -2.12851711697894
            ],
            "median": [
                -1.48967453283928,
                0.255578964009667,
                1.16054819976313,
                -0.0124644323385068,
                -1.56461594484033,
                0.590711352053996,
                1.35539249136437,
                -0.121131449400936,
                -2.12619426638139
            ],
            "SE": [
                0.289861808047951,
                0.27405159606447,
                0.297797323163301,
                0.309101821039711,
                0.261594512458626,
                0.308247818640943,
                0.280088112128748,
                0.303602493194883,
                0.306886285563097
            ]
        },
        {
            "mean": [
                -2.16454977097899,
                -1.63246944421125,
                2.18111278166606,
                0.702623683106319,
                0.0567924074565089,
                -1.93242092955232,
                2.26017055485542,
                0.945914895660935,
                -2.13694892056913
            ],
            "median": [
                -2.15715379840234,
                -1.63804341824306,
                2.18545671885037,
                0.697943241880994,
                0.0586282068703542,
                -1.93885760788176,
                2.25284156219809,
                0.946753904797606,
                -2.13528482530117
            ],