{
    "uid": "fa9ef6b5-fac9-4e59-b443-5ddab48d1c52",
    "scenario_uid": "b56e398eaedbdad34cec9e8a634c0fba",
    "iteration_uid": "11fac600ce4879cebf1f0edb5f8b0077",
    "PD_subj": [
        {
            "mean": [
                -2.48349262419125,
                -1.38474366854354,
                0.781917647617308,
                1.43441508042613,
                -1.33433593958093,
                -0.397099536273709,
                0.118946280125537,
                -1.76167691020385,
                -2.47245670532254
            ],
            "median": [
                -2.47671567145502,
                -1.3807727765527,
                0.775544912335013,
                1.43453331578514,
                -1.33342311482907,
                -0.398377593357217,
                0.119725676980238,
                -1.76055193069853,
                -2.47454306573598
            ],
            "SE": [
                0.292765684616768,
                0.356372683690843,
                0.291750922586341,
                0.287913861438653,
                0.338727203961377,
                0.279393528437993,
                0.290048908822944,
                0.301628967644295,
                0.293865941332433
            ]
        },
        {
            "mean": [
                -1.83603342293042,
                -2.1999920335492,
                1.54887903044101,
                0.779839919625263,
                -2.75977736333812,
                -0.134549532406294,
                0.403235533538892,
                -0.790941488567388,
                -0.375733446039766
            ],
            "median": [
                -1.83859157210741,
                -2.19152578657751,
                1.55059751900004,
                0.786871067812547,
                -2.75553119762927,
                -0.133191156043081,
                0.409323914769036,
                -0.790644336116501,
                -0.374931972112247
            ],
            "SE": [
                0.296681553863196,
                0.353035425166855,
                0.283538010557883,
                0.293335265105936,
                0.34054746194131,
                0.274506718998598,
                0.290639634626731,
                0.29351497919821,
                0.294182743088078
            ]
        },
        {
            "mean": [
                -0.869477845383297,
                -0.919138884960264,
                1.71797121668351,
                0.167696630741457,
                1.7595775310914,
                -0.338047584398651,
                0.943212540836507,
                -0.38509887095777,
                -0.514450754528755
            ],
            "median": [
                -0.868358068461098,
                -0.919929861046189,
                1.72158046631003,
                0.168801776418082,
                1.76666787176968,
                -0.33157264723358,
                0.942512453120519,
                -0.390173989554633,
                -0.514422999606628
            ],
            "SE": [
                0.296922105485107,
                0.35981132129502,
                0.294991120765272,
                0.284445464091435,
                0.343665381806209,
                0.274288494763539,
                0.290317800842052,
                0.296405855066569,
                0.293138234046247
            ]
        },
        {
            "mean": [
                -1.42716419281179,
                0.830800728566243,
                1.78402013356653,
                0.331711228206424,
                0.641511072780302,
                -1.29708373920465,
                1.29498951953109,
                -3.78179557138024,
                -1.17028565888301
            ],
            "median": [
                -1.43187723293564,
                0.827208473532795,
                1.77596416254324,
                0.337989685792592,
                0.642473509093712,
                -1.28978132788138,
                1.29295637551177,
                -3.78121166643244,
                -1.17203544076857
            ],
            "SE": [
                0.30169036348575,
                0.358928915430417,
                0.285938385959853,
                0.294350622448325,
                0.342638834917862,
                0.283134334683844,
                0.293171137112178,
                0.296284357669222,
                0.287939628295755
            ]
        },
        {
            "mean": [
                -1.26647970061473,
                -0.72542807909222,
                2.33260978825896,
                0.272067255922227,
                -3.14422992851533,
                0.376399820212216,
                1.03192934379785,
                -1.53054152334065,
                -1.05746380605306
            ],
            "median": [
                -1.27114051904361,
                -0.726092993210083,
                2.33326248489574,
                0.264841635708027,
                -3.13778143877719,
                0.375299785061,
                1.02618161672614,
                -1.53618793797628,
                -1.06097188587785
            ],
            "SE": [
                0.485707292949854,
                0.349812557013824,
                0.285166180374973,
                0.489801386418043,
                0.350691022150666,
                0.272080323125211,
                0.529685985939562,
                0.295857148331767,
                0.279222321190981
            ]
        },
        {
            "mean": [
                0.00536232433319235,
                -0.69218886111697,
                1.32009250631283,
                -0.456497545542029,
                -1.95897221127007,
                -1.18622150413401,
                1.28415835803699,
                -0.88044126474807,
                0.0431691506823632
            ],
            "median": [
                -0.00276061329239501,
                -0.694480436530562,
                1.32108157489138,
                -0.454259556649202,
                -1.96507765488337,
                -1.18165458733691,
                1.28052573516475,
                -0.877277901575112,
                0.0405803674904515
            ],
            "SE": [
                0.295052391719748,
                0.366481975059117,
                0.289573453149961,
                0.296225034502702,
                0.33884558089224,
                0.274896444134339,
                0.289867920466781,
                0.300494395639798,
                0.290844506873206
            ]
        },
        {
            "mean": [
                0.57447039354569,
                -1.44262092622951,
                1.17697927178167,
                0.278526932868527,
                0.411897708179486,
                0.0762124514962453,
                1.79495440759353,
                -2.58928019883245,
                -0.133071838921927
            ],
            "median": [
                0.572364130388373,
                -1.44162869014276,
                1.16976900490417,
                0.283923268404863,
                0.411520430023033,
                0.0739989821987546,
                1.80140360819453,
                -2.58813872340955,
                -0.134361749314624
            ],