{
    "uid": "11309a36-7e5d-4712-9abf-e37a30ddecf1",
    "scenario_uid": "b56e398eaedbdad34cec9e8a634c0fba",
    "iteration_uid": "1263f1966d7e7aef7afc59223f5e8173",
    "PD_subj": [
        {
            "mean": [
                0.691603188869599,
                -2.05150651438619,
                0.70712171933482,
                -0.680186539344493,
                -0.987781800907763,
                -0.709878895417318,
                2.5220559775676,
                -1.70778525848752,
                2.51433572781644
            ],
            "median": [
                0.697548617753661,
                -2.05690244665853,
                0.699962420258132,
                -0.684481297169472,
                -0.991712224157507,
                -0.710908146671424,
                2.51353544022673,
                -1.71580751824845,
                2.51474681441189
            ],
            "SE": [
                0.303684618044399,
                0.477156631933089,
                0.295236651537806,
                0.332507213075931,
                0.420062495805352,
                0.293801489828785,
                0.325365233807739,
                0.328814794597816,
                0.2990245232782
            ]
        },
        {
            "mean": [
                1.68353126387192,
                -1.80949584100825,
                -0.0956599325128454,
                3.87019730501018,
                -0.313238244775241,
                -3.24555003655943,
                1.79944205124492,
                -1.55847581239444,
                -1.96289773361334
            ],
            "median": [
                1.67973256074099,
                -1.81794501133962,
                -0.0976994028602368,
                3.86787051564849,
                -0.311397548817207,
                -3.25563855260139,
                1.79998016294885,
                -1.56812475936857,
                -1.96240718828306
            ],
            "SE": [
                0.286945484744259,
                0.471576219703132,
                0.286551314932692,
                0.317474972277805,
                0.415937620434963,
                0.29003783361815,
                0.308328376949425,
                0.334484845376257,
                0.292640770045829
            ]
        },
        {
            "mean": [
                -0.31488465158423,
                0.91896641852117,
                2.32286345897552,
                2.38038543704586,
                -0.86261560637596,
                -0.577887301886562,
                4.51484013230403,
                -3.15839965131546,
                -1.15290232971934
            ],
            "median": [
                -0.310057798729144,
                0.91673034248333,
                2.32438066957435,
                2.38508285569493,
                -0.869640266210471,
                -0.574878091426154,
                4.50818825190492,
                -3.16282823950375,
                -1.15500927222335
            ],
            "SE": [
                0.283171994082697,
                0.483395497125498,
                0.297749160418708,
                0.315046277556091,
                0.410030855979572,
                0.285242061578913,
                0.311929419580969,
                0.322463259235737,
                0.293630394572503
            ]
        },
        {
            "mean": [
                -0.756605793244386,
                0.831473832643326,
                0.718601265896948,
                3.92910054496334,
                -3.69450867658435,
                -2.19930260018486,
                -0.249957745216078,
                -1.88993255616398,
                0.543454498981287
            ],
            "median": [
                -0.751875374655286,
                0.83766854505034,
                0.721654845994161,
                3.92078453995741,
                -3.68814178524418,
                -2.20080323558418,
                -0.253088412278404,
                -1.89437743945999,
                0.539226364595801
            ],
            "SE": [
                0.294788895784374,
                0.469816898636667,
                0.292700194214355,
                0.308009668646769,
                0.421497462997163,
                0.28896237798504,
                0.325679809519197,
                0.331312855636454,
                0.301442182538541
            ]
        },
        {
            "mean": [
                -0.463601256834324,
                -2.53920700317101,
                0.401074112250051,
                0.410865664745032,
                0.270942049253502,
                -1.13926401620079,
                2.45138024210515,
                -1.10165696967931,
                -1.71347085517284
            ],
            "median": [
                -0.473734772916494,
                -2.55040547746127,
                0.411377613720778,
                0.40689642260507,
                0.280963527841114,
                -1.14669874182654,
                2.44357670885431,
                -1.0935902048586,
                -1.7032658488207
            ],
            "SE": [
                0.281079375511697,
                0.481038649405347,
                0.283460938847295,
                0.315758767816732,
                0.419805408974303,
                0.285742060122805,
                0.31390325112072,
                0.322879606309019,
                0.306802988197532
            ]
        },
        {
            "mean": [
                -1.62148090119435,
                -0.154903504197583,
                0.547033032163043,
                1.05171164510317,
                -0.423463709904282,
                -0.364180590059037,
                -1.65937622607367,
                -2.75127421540126,
                -0.0375487364974927
            ],
            "median": [
                -1.63142908782807,
                -0.149954113427615,
                0.538603073112338,
                1.04866879139551,
                -0.411402182953947,
                -0.372695079653413,
                -1.67031129703471,
                -2.75402587478892,
                -0.030990714046536
            ],
            "SE": [
                0.293363453957988,
                0.466219719736705,
                0.291343075714823,
                0.316854350746201,
                0.423050395419841,
                0.286772306261374,
                0.308848506850949,
                0.337194745011686,
                0.292854922906276
            ]
        },
        {
            "mean": [
                1.43649284373364,
                -0.0816965830414432,
                -0.552477802482001,
                1.1679627874675,
                -0.0160781099111406,
                0.21254716626204,
                1.19382584441188,
                -0.493640499061627,
                -0.125917666199537
            ],
            "median": [
                1.43782870300964,
                -0.435979761464802,
                -0.550463026893437,
                1.1681951562681,
                0.0585476116284118,
                0.217691596622423,
                1.19355809637235,
                -0.387565970178731,
                -0.135138886570024
            ],