{
    "uid": "d8c4d430-1563-41f8-8c08-25e078ae5b7f",
    "scenario_uid": "b56e398eaedbdad34cec9e8a634c0fba",
    "iteration_uid": "134b561f4ce0b8a987fcde1f58c75ac7",
    "PD_subj": [
        {
            "mean": [
                -0.298105005230135,
                -3.52153385480992,
                2.16379803540056,
                1.56082618282142,
                -1.53759898545509,
                -2.90704772956683,
                2.1094565150029,
                -2.57201100766847,
                1.82050392306028
            ],
            "median": [
                -0.303853724979375,
                -3.52273015182379,
                2.16834523201435,
                1.55568835286655,
                -1.54041440229359,
                -2.91593851973424,
                2.09995462862728,
                -2.57728369236501,
                1.81843821774011
            ],
            "SE": [
                0.277776902952441,
                0.298114466028446,
                0.306528618929747,
                0.290156104339485,
                0.298120013795244,
                0.313630123401181,
                0.306707013020757,
                0.298058994527114,
                0.311549219559822
            ]
        },
        {
            "mean": [
                -2.31431849131059,
                0.606500580388992,
                -0.623915788096156,
                -0.91021015697527,
                -2.11978500667576,
                -1.2944371450777,
                1.47526136894207,
                -1.09853726808554,
                1.26299355751418
            ],
            "median": [
                -2.31276157848732,
                0.60742297529293,
                -0.616520516622178,
                -0.91105778667118,
                -2.12000965883459,
                -1.28988514459091,
                1.47681580082031,
                -1.11008880973483,
                1.26660848208118
            ],
            "SE": [
                0.285747737557252,
                0.304563977582057,
                0.305788565274021,
                0.283715519166889,
                0.296624953081065,
                0.313243772097127,
                0.304505469925055,
                0.302672106684539,
                0.307060878935712
            ]
        },
        {
            "mean": [
                -0.406878172709413,
                -2.15595571899302,
                1.08722202359813,
                2.14187469743452,
                0.279911573648626,
                -1.19210068541606,
                1.07492385160289,
                0.642074325422652,
                -2.75868749362973
            ],
            "median": [
                -0.397765348514657,
                -2.1529933627461,
                1.07674217574774,
                2.14080089727331,
                0.289897956136681,
                -1.19806033258919,
                1.08338815968494,
                0.641009029878343,
                -2.77095182827763
            ],
            "SE": [
                0.288693047236448,
                0.301434412906234,
                0.292858404389976,
                0.289055721775526,
                0.300659443514573,
                0.315251509302261,
                0.303849763082898,
                0.29718257046879,
                0.302391273867152
            ]
        },
        {
            "mean": [
                0.00897886594445382,
                -1.10785750486345,
                2.03409437502553,
                0.685608436681738,
                -0.889211516567988,
                1.74174786563979,
                3.41655200885422,
                -2.67554259381608,
                -0.387138407646902
            ],
            "median": [
                0.0100737298328229,
                -1.11750030342146,
                2.03553143418705,
                0.68071741961804,
                -0.892673992180223,
                1.74275886586858,
                3.41851490538381,
                -2.68246591250581,
                -0.388392506102385
            ],
            "SE": [
                0.27671869127489,
                0.291415101361057,
                0.298590503004655,
                0.29206378311965,
                0.303735880876967,
                0.302408747129249,
                0.301859550022196,
                0.292178576837838,
                0.299734499646431
            ]
        },
        {
            "mean": [
                -0.759275189763096,
                -0.757321239375631,
                2.77199375683403,
                -0.266500013421335,
                -3.55520169547825,
                0.956541393841931,
                -0.285796832718708,
                -0.904459122284993,
                2.39097314776925
            ],
            "median": [
                -0.759212046460992,
                -0.760336823314856,
                2.77062516642783,
                -0.258628581893393,
                -3.55667033315504,
                0.960378680224501,
                -0.281064033715309,
                -0.909060155457635,
                2.39419401673187
            ],
            "SE": [
                0.281608671221821,
                0.297651143384262,
                0.302158539532125,
                0.30025676191677,
                0.294387003386241,
                0.317127742272211,
                0.310974609900221,
                0.304951406644658,
                0.302092215626743
            ]
        },
        {
            "mean": [
                -0.721919800663846,
                -0.189894824469689,
                2.43001523312642,
                2.10735621983842,
                0.0523455686343245,
                1.90094015145409,
                4.82139539074446,
                -0.842929798543392,
                1.21169643795541
            ],
            "median": [
                -0.726293954488612,
                -0.185397093035789,
                2.42534306125148,
                2.11127342255187,
                0.0475953102864083,
                1.90015976143712,
                4.82680753320155,
                -0.848174123985595,
                1.20869883244603
            ],
            "SE": [
                0.278238406748858,
                0.302559393783529,
                0.298349427911074,
                0.299081013058699,
                0.30849686462899,
                0.311473165622487,
                0.308751667765446,
                0.288136187356672,
                0.309348953409533
            ]
        },
        {
            "mean": [
                0.888450483916406,
                0.889391615733388,
                -0.992222935877176,
                2.72060337838781,
                -1.33630411675637,
                -1.74864040641886,
                2.56305862766873,
                -0.874863580792514,
                2.0477218387702
            ],
            "median": [
                0.882215629540029,
                0.894693727516828,
                -1.00212962804885,
                2.72036111426061,
                -1.33558278453807,
                -1.75490684679587,
                2.55968886726525,
                -0.868174678362702,
                2.04469583597149
            ],