{
    "uid": "168096a3-0e8e-4d9b-b6a3-dfb7b8602cb8",
    "scenario_uid": "b56e398eaedbdad34cec9e8a634c0fba",
    "iteration_uid": "14689d74482f3474a8ecd205912b09f9",
    "PD_subj": [
        {
            "mean": [
                -1.13408503616263,
                -2.63250251095167,
                0.900056243090254,
                -2.02766972870385,
                -0.844601209656119,
                0.14348701472526,
                1.93160041343819,
                -0.981155571064467,
                -1.87146347550891
            ],
            "median": [
                -1.13384121922209,
                -2.63266987571053,
                0.899375666679401,
                -2.0286498439946,
                -0.851482971828527,
                0.129957742206403,
                1.93907585800805,
                -0.982368697861237,
                -1.88030740020614
            ],
            "SE": [
                0.286491697122342,
                0.291354552184727,
                0.298767761358311,
                0.303966025902897,
                0.311967476213698,
                0.290079749699842,
                0.292185192893403,
                0.358878832288213,
                0.300347201810287
            ]
        },
        {
            "mean": [
                -2.02906043881439,
                0.0659409925121308,
                2.85624717133357,
                0.894216818965708,
                -2.47280994574907,
                -1.29264538684377,
                -0.926197434955334,
                -1.83481129560587,
                0.499803884181009
            ],
            "median": [
                -2.03446107077148,
                0.0654910054647614,
                2.85361968474377,
                0.896926763078409,
                -2.47579529500536,
                -1.2869533294091,
                -0.928332445291102,
                -1.84429753936868,
                0.503781101436966
            ],
            "SE": [
                0.281115407128331,
                0.291244497988496,
                0.293987389302346,
                0.295512004092631,
                0.305786292227624,
                0.29548846008159,
                0.29395540262701,
                0.370100080730418,
                0.301309855885296
            ]
        },
        {
            "mean": [
                0.0864704720980973,
                0.08282271371301,
                2.69968000875201,
                -0.185643429246401,
                -0.434906347639318,
                1.48489109977232,
                -2.16360619953936,
                -1.99641986439295,
                2.19377465207647
            ],
            "median": [
                0.0787427682101996,
                0.0883628000817497,
                2.69532942667421,
                -0.0601581801187223,
                -0.541249855018009,
                1.49024729652216,
                -2.19514706727432,
                -1.97270570587986,
                2.19931859221323
            ],
            "SE": [
                0.288387505719904,
                0.287641058096115,
                0.296102814793084,
                0.576051291168578,
                0.57346408908661,
                0.299271286767644,
                0.453454809441898,
                0.480262480177418,
                0.302157831632215
            ]
        },
        {
            "mean": [
                -0.0633351846879493,
                0.0737595617472826,
                0.427960728760319,
                1.29574538096588,
                -1.57212418882835,
                0.697715427543687,
                -0.59070132271495,
                0.681453148651631,
                -0.0293934586111676
            ],
            "median": [
                -0.0637822300662887,
                0.0803485003848771,
                0.204511067360752,
                1.98077794590823,
                -1.53859131002691,
                0.918006012927829,
                -0.878856631130589,
                0.578113901165353,
                0.0869220864820164
            ],
            "SE": [
                0.302719617522591,
                0.302852748133287,
                0.726524472874427,
                1.53550914058745,
                0.429647781628827,
                1.44631888949534,
                0.827389432133521,
                0.613996314373902,
                0.92716429316535
            ]
        },
        {
            "mean": [
                -0.180890477072314,
                -1.08625902815151,
                1.43326151525739,
                2.36646710928926,
                -0.463366259481813,
                0.288393796677112,
                0.796548429846928,
                -0.551963484018615,
                -0.976132465767498
            ],
            "median": [
                -0.18726505107581,
                -1.08478722110712,
                1.43351651463945,
                2.36746552004781,
                -0.456551418117628,
                0.279373938020414,
                0.808688001873275,
                -0.541845251619851,
                -0.971740208677946
            ],
            "SE": [
                0.283823608431462,
                0.297287509854765,
                0.292783960941032,
                0.301286426949869,
                0.30611175435251,
                0.300065831534771,
                0.289613460920977,
                0.357433121310663,
                0.296502408193434
            ]
        },
        {
            "mean": [
                1.43888785089484,
                -0.451649860767487,
                2.86166640134017,
                -0.348573951891642,
                0.606924344766874,
                3.2565209592662,
                -0.901899363074277,
                -2.67275450440782,
                -0.606574656093369
            ],
            "median": [
                1.43995604704965,
                -0.454009554685238,
                2.86182262912564,
                -0.345994501999132,
                0.611267233201452,
                3.25773688941233,
                -0.898630335309985,
                -2.67299473725964,
                -0.611024982430591
            ],
            "SE": [
                0.291053415154857,
                0.28507593304465,
                0.302589882993953,
                0.3027012092403,
                0.309607351029727,
                0.305346396457095,
                0.293327560287468,
                0.358788740749235,
                0.295488882909757
            ]
        },
        {
            "mean": [
                -0.681522403768994,
                -0.169005111265398,
                -0.463844865149641,
                0.200013262806073,
                -1.59184286005993,
                0.236447091205224,
                0.953250230380267,
                -0.346921566409586,
                0.887161167552266
            ],
            "median": [
                -0.682540100720887,
                -0.162905309857855,
                -0.578446597500396,
                0.207796214401525,
                -1.5878941860752,
                0.240226797317802,
                0.928333850195061,
                -0.336695726144636,
                0.886031352567658
            ],