{
    "uid": "bcd3aa82-4fce-4517-a6a3-9033b8cc65bf",
    "scenario_uid": "b56e398eaedbdad34cec9e8a634c0fba",
    "iteration_uid": "14fdba3996da52b2306ca89c9f9386ea",
    "PD_subj": [
        {
            "mean": [
                -2.48195092786776,
                -0.306352168272647,
                -0.5812581894704,
                -2.16594189675742,
                -1.09208189963576,
                -1.67371824926188,
                -1.76508661295938,
                -0.964426871918812,
                -0.866247049317697
            ],
            "median": [
                -2.47704400492821,
                -0.241477206563434,
                -0.583576617811471,
                -2.16733912287321,
                -1.04716528033104,
                -1.67207900771644,
                -1.76666890596366,
                -0.974046573476553,
                -0.8670653850601
            ],
            "SE": [
                0.301120356638902,
                0.803626068436214,
                0.285232853160595,
                0.292307176148357,
                0.449110684580387,
                0.326978301447781,
                0.300046628403213,
                0.500097845013205,
                0.288507176000953
            ]
        },
        {
            "mean": [
                2.53200320543295,
                -0.574101039901661,
                0.263763260709387,
                0.800397206838692,
                -2.21542369939512,
                1.17591934276833,
                2.91741831165487,
                -0.349991401979028,
                -0.421073200191443
            ],
            "median": [
                2.53175798276186,
                -0.584329350831195,
                0.267077273623659,
                0.789186869240653,
                -2.20633890257381,
                1.18860715966099,
                2.92268681525197,
                -0.354021596038264,
                -0.418837301318709
            ],
            "SE": [
                0.29861283352596,
                0.66651118759737,
                0.281823507970711,
                0.29407494164179,
                0.339215982162342,
                0.308143663785884,
                0.301068046646014,
                0.480347446625431,
                0.274684566860083
            ]
        },
        {
            "mean": [
                -2.39983166058306,
                -0.998159990678229,
                0.599682341593535,
                1.12272814605423,
                -1.00556321603894,
                1.01597415793442,
                -0.0765996808185194,
                0.0117999416626746,
                -0.516907550902224
            ],
            "median": [
                -2.39974740085814,
                -0.987153616441089,
                0.600475528087756,
                1.12499522298889,
                -1.00881898395586,
                1.0193881970549,
                -0.0708564951411107,
                0.017877210116007,
                -0.514864718694524
            ],
            "SE": [
                0.296915133549548,
                0.632934862997602,
                0.287435790363602,
                0.292362403042911,
                0.3322364858278,
                0.307021921728468,
                0.292507021476794,
                0.478026714775974,
                0.286043246036728
            ]
        },
        {
            "mean": [
                -1.2905559236516,
                -3.0683016529165,
                1.29734907820866,
                0.539249051524331,
                -1.70889680224137,
                -1.12247566477996,
                0.248900502365847,
                -0.201399582910775,
                -1.10407283141298
            ],
            "median": [
                -1.28877020700178,
                -3.07115213919586,
                1.30011298455812,
                0.542118268583072,
                -1.69915519785818,
                -1.11742595733312,
                0.238259961233508,
                -0.201375806205096,
                -1.10066103269928
            ],
            "SE": [
                0.29280649214539,
                0.647853032879015,
                0.279756105257277,
                0.298610980244875,
                0.343149429831415,
                0.303482796019494,
                0.292959986570411,
                0.481417090235462,
                0.286206746498197
            ]
        },
        {
            "mean": [
                -0.560345553378534,
                -2.50088714160729,
                -0.568314964782027,
                2.56831375730026,
                0.14774922119549,
                2.58199449655317,
                -0.524881980830551,
                -1.93289597366979,
                -0.512512034072338
            ],
            "median": [
                -0.556863730242265,
                -2.48835621211712,
                -0.572218837463282,
                2.56539092953756,
                0.149535375875564,
                2.57374583252999,
                -0.521893128740653,
                -1.93047940569938,
                -0.50413285352377
            ],
            "SE": [
                0.317816205563168,
                0.638407932174574,
                0.304253646126044,
                0.310658962887822,
                0.330143701183497,
                0.328993165152664,
                0.32144264256212,
                0.492003388873595,
                0.294581540438622
            ]
        },
        {
            "mean": [
                -1.2233977278123,
                -1.22898372124384,
                -1.25634021654377,
                2.25621921775704,
                -1.56651802037109,
                2.49746095118805,
                1.93099475848917,
                -1.04853972905948,
                2.11845301923349
            ],
            "median": [
                -1.22221639776095,
                -1.23229741181927,
                -1.25068570778904,
                2.08020109352906,
                -1.57198933182612,
                2.65922547109807,
                1.84165290207613,
                -1.04828620554554,
                2.19690401006554
            ],
            "SE": [
                0.28983479841437,
                0.634092719631519,
                0.28874523107669,
                0.647432260088302,
                0.329520861718175,
                0.645387985319303,
                0.547575090936754,
                0.476870631872467,
                0.515198770754851
            ]
        },
        {
            "mean": [
                -0.843808834247905,
                -0.260917546147512,
                0.0878799712983371,
                0.466108670922783,
                -1.91945380414477,
                -1.64888046354964,
                0.763986345455826,
                -3.04113607771161,
                1.13106083454831
            ],
            "median": [
                -0.934733909253418,
                -0.278190139610166,
                0.083361307901915,
                1.00573088212364,
                -1.92477644169243,
                -1.64935258770824,
                0.810659845322862,
                -3.04635662487108,
                1.12951522425478
            ],