{
    "uid": "93de6741-1873-4700-a3bd-178f505b6e28",
    "scenario_uid": "b56e398eaedbdad34cec9e8a634c0fba",
    "iteration_uid": "157fad44bd97a8ecf0bea5e2091c83e9",
    "PD_subj": [
        {
            "mean": [
                -1.42080519392786,
                -0.65227282678692,
                -0.802018505551965,
                3.44385901996455,
                -0.666609852597627,
                -0.567355052181018,
                1.39421233821623,
                -0.0177231514783127,
                -2.093538251763
            ],
            "median": [
                -1.41850175355946,
                -0.650551151811392,
                -0.798813382690337,
                3.44250631318605,
                -0.664138641147882,
                -0.569895226228151,
                1.40121483551336,
                -0.0236491794408457,
                -2.09290289061149
            ],
            "SE": [
                0.296673630489722,
                0.297932764349449,
                0.30168317174207,
                0.299157074514688,
                0.309892062919656,
                0.413288974931443,
                0.296831323929542,
                0.296699763851993,
                0.376690113332727
            ]
        },
        {
            "mean": [
                -1.13544154815356,
                -1.13706373459372,
                0.803106744473795,
                2.69275662645739,
                2.73003119747675,
                -0.583670761356832,
                -0.993882057339799,
                -0.985884890621881,
                1.78468621925212
            ],
            "median": [
                -1.14010971929357,
                -1.12912411730789,
                0.799773588492379,
                2.69013789482596,
                2.73302645647082,
                -0.58525655954658,
                -0.996888576253587,
                -0.976958491101881,
                1.78317409733053
            ],
            "SE": [
                0.319377079168447,
                0.296951905074716,
                0.299753984663624,
                0.320706268195164,
                0.318891704349308,
                0.415422993606608,
                0.322205979930375,
                0.315135847022855,
                0.382210059429623
            ]
        },
        {
            "mean": [
                1.54604293431717,
                -0.825668697948501,
                2.0976886469581,
                1.15314971547812,
                -3.21652711281825,
                -1.84253691804884,
                3.37815209649138,
                -1.52528338405467,
                3.1814271360667
            ],
            "median": [
                1.54599527324636,
                -0.825904290175176,
                2.09242359087653,
                1.14624663000999,
                -3.21608779154126,
                -1.83879226114013,
                3.37336938755873,
                -1.52792970155642,
                3.1770889129917
            ],
            "SE": [
                0.300900461981511,
                0.290507714151739,
                0.302762416677017,
                0.307074337681807,
                0.309692303357535,
                0.419665836784331,
                0.299038960795796,
                0.292365720701235,
                0.383881063219441
            ]
        },
        {
            "mean": [
                0.644868531019333,
                -2.97311557491614,
                2.21240981277775,
                -1.18403450196924,
                -0.755364381403463,
                -0.693281462417511,
                0.596078692866225,
                -0.361624158336883,
                -2.26539258831943
            ],
            "median": [
                0.64455960676431,
                -2.96655969911449,
                2.21854691920819,
                -1.19038933403481,
                -0.759510382696687,
                -0.697257132637451,
                0.587820795286829,
                -0.351467024336345,
                -2.2635853537691
            ],
            "SE": [
                0.299967995072402,
                0.295593557744831,
                0.299398656075448,
                0.297412857700821,
                0.301866191609921,
                0.41490115339641,
                0.289655402319677,
                0.29198059960139,
                0.389843720901751
            ]
        },
        {
            "mean": [
                -2.15579107673235,
                0.425999431186709,
                -1.14621747424186,
                0.440994095086757,
                -2.71483933642401,
                2.43475820866216,
                1.29905467298793,
                -2.1817933799183,
                1.21466372971325
            ],
            "median": [
                -2.15274300413561,
                0.42304906559073,
                -1.13764949855694,
                0.449489297765669,
                -2.71410736969407,
                2.43252245333458,
                1.30515335221178,
                -2.18164408179051,
                1.21636067099909
            ],
            "SE": [
                0.309259502029707,
                0.293517232853471,
                0.309439310892717,
                0.295527219903657,
                0.306899119101076,
                0.414321254411311,
                0.30432767429194,
                0.295785031211697,
                0.379995328679282
            ]
        },
        {
            "mean": [
                0.239712290871481,
                0.269982027859117,
                2.12521576216245,
                -0.510911056740439,
                -0.994677295150785,
                -3.28812638591819,
                0.492531367425979,
                -2.95725627782421,
                3.67971067960565
            ],
            "median": [
                0.236286315464105,
                0.268921754457142,
                2.12614940157348,
                -0.516159057292578,
                -0.987235203079747,
                -3.28429821690738,
                0.49866675492019,
                -2.95890602534178,
                3.68553454533128
            ],
            "SE": [
                0.291595081672803,
                0.289716734580035,
                0.307489278808904,
                0.301424284665945,
                0.312097668797641,
                0.409515659729424,
                0.289078281584193,
                0.292876621488405,
                0.389756543993739
            ]
        },
        {
            "mean": [
                1.34494329340059,
                1.18617590052848,
                2.92639282784744,
                -0.162797452850011,
                -1.76748937596549,
                -1.48376097941839,
                0.150119530463035,
                -2.25031096755201,
                1.10516246905132
            ],
            "median": [
                1.33688511427984,
                1.17213433629559,
                2.93216414658284,
                -0.159514456121435,
                -1.76872821173319,
                -1.47929884094931,
                0.154273136723084,
                -2.25342323281434,
                1.10017140550746
            ],