{
    "uid": "f65642e3-0f48-41c1-aed7-440fe20f8c8e",
    "scenario_uid": "b56e398eaedbdad34cec9e8a634c0fba",
    "iteration_uid": "15d99d47a3ce2a3dad9431f4d0ebd4ee",
    "PD_subj": [
        {
            "mean": [
                -1.06831666254508,
                -3.49714090117987,
                -1.07701165085483,
                0.626295956302001,
                0.201209191886824,
                -1.80428919368237,
                1.04261091274406,
                0.56325522892316,
                0.679189807697903
            ],
            "median": [
                -1.06779413839522,
                -3.49766622743023,
                -1.07765351731281,
                0.624911419577385,
                0.207033233499462,
                -1.80617700912147,
                1.03955693526073,
                0.541857562559272,
                0.682113499779787
            ],
            "SE": [
                0.292741676164485,
                0.314841678264298,
                0.288809226013504,
                0.284023255407771,
                0.759257268367319,
                0.305096007693765,
                0.270977509814059,
                0.866396942210108,
                0.282263758129923
            ]
        },
        {
            "mean": [
                -0.75560785539677,
                -1.59609131652068,
                0.909550971786708,
                0.761794426547682,
                -0.898152489675542,
                -1.90357073892114,
                1.10611048521814,
                -2.66852539217134,
                -1.31960337436435
            ],
            "median": [
                -0.750982753185638,
                -1.59946801337405,
                0.906579437213435,
                0.768272409268383,
                -0.909069915730447,
                -1.89873056725392,
                1.10011549476977,
                -2.66703118183448,
                -1.31941223252951
            ],
            "SE": [
                0.464647626271104,
                0.304633246649347,
                0.294239004560115,
                0.46185455292261,
                0.768374865331512,
                0.299989381547628,
                0.34687662917221,
                0.866427944733586,
                0.283774497397871
            ]
        },
        {
            "mean": [
                0.688961123721106,
                -1.54554741476731,
                1.49328952582428,
                -0.0967760814997902,
                -1.78008072802198,
                -0.523353975371888,
                1.29930533391932,
                -2.23732344513556,
                -0.899896424385157
            ],
            "median": [
                0.686684624896926,
                -1.53647304243729,
                1.49058194521151,
                -0.0943265978886035,
                -1.77735293206111,
                -0.522484514559677,
                1.29326668237024,
                -2.21877027234539,
                -0.902048622770265
            ],
            "SE": [
                0.290586794525795,
                0.323055090079129,
                0.2843337214311,
                0.291939066331272,
                0.781418903320508,
                0.294252157786273,
                0.2653216706687,
                0.867887541852711,
                0.28351876519231
            ]
        },
        {
            "mean": [
                -1.41394866404874,
                -1.50117731880455,
                -0.293282516457942,
                0.361021367128687,
                0.970830749191604,
                0.233817431041149,
                0.594972657190389,
                -1.1022020460105,
                -0.0311688661823665
            ],
            "median": [
                -1.4176212921244,
                -1.49314874515293,
                -0.292674245832143,
                0.362447626087019,
                0.968002096545689,
                0.230810459915391,
                0.595211427716564,
                -1.12740171617456,
                -0.0350499520412601
            ],
            "SE": [
                0.296963151134117,
                0.315459144810475,
                0.304422768987331,
                0.29157834996424,
                0.800861767118892,
                0.293982280501756,
                0.272052724105177,
                0.92371257809622,
                0.291089669459669
            ]
        },
        {
            "mean": [
                -2.21367248625589,
                1.0693068260422,
                -0.553834552242511,
                1.01795716514609,
                0.810583873066941,
                -2.40003141429115,
                0.660164733278517,
                -1.53604969061173,
                2.02872921875342
            ],
            "median": [
                -2.21282272668311,
                1.0609441461339,
                -0.561394357517284,
                1.01364677572626,
                0.800031715434931,
                -2.40044255546658,
                0.659648458106506,
                -1.53609858394777,
                2.03378829231675
            ],
            "SE": [
                0.298244219953471,
                0.314791750233644,
                0.294664744127779,
                0.27900299413272,
                0.753486883597864,
                0.298490161896891,
                0.266419318906326,
                0.871887088631456,
                0.282798344917092
            ]
        },
        {
            "mean": [
                -0.570451279067223,
                -0.303616753370068,
                2.3998361122514,
                1.10913616118953,
                -0.920366444947917,
                1.27106038926668,
                1.75814114207737,
                -2.34109621836297,
                0.611568359845028
            ],
            "median": [
                -0.566252072512445,
                -0.301439220081224,
                2.39318942713749,
                1.10862576546693,
                -0.924665584897664,
                1.27566271359189,
                1.75570296344009,
                -2.350529963613,
                0.605734293557799
            ],
            "SE": [
                0.285623269847106,
                0.304546434291235,
                0.300984348865767,
                0.283898554517261,
                0.76648738949916,
                0.289393742706446,
                0.272264066864247,
                0.875550983633827,
                0.279487624062711
            ]
        },
        {
            "mean": [
                0.800443546186757,
                -1.91117712092616,
                0.60618253799476,
                3.29207685607764,
                -2.61144606437102,
                -0.589886593988352,
                2.66130891558488,
                -1.66302317939121,
                0.0648793380487902
            ],
            "median": [
                0.801886490974501,
                -1.91766538345149,
                0.606472516115997,
                3.28814301459763,
                -2.61028022452746,
                -0.605494422457529,
                2.65940844871729,
                -1.65132076358068,
                0.0614183721413752
            ],