{
    "uid": "695fbfd5-a142-4be6-b4ca-bb6f1a3ae95a",
    "scenario_uid": "b56e398eaedbdad34cec9e8a634c0fba",
    "iteration_uid": "16468a7fe687cfe1a9477ee5ec2f1424",
    "PD_subj": [
        {
            "mean": [
                -1.03959593910133,
                -1.03350584468944,
                0.809907760330942,
                2.24437913718445,
                -0.732503402822447,
                -0.0896409391507949,
                1.96225512028378,
                -3.71171197014701,
                0.631452853647332
            ],
            "median": [
                -1.03237680536403,
                -1.03094542126531,
                0.809164211033761,
                2.23287062716522,
                -0.7296492345056,
                -0.0867996358367273,
                1.95236331504458,
                -3.71712710703773,
                0.629393689568128
            ],
            "SE": [
                0.325824502621782,
                0.291028260019681,
                0.292811193021659,
                0.415414728832599,
                0.293297906806916,
                0.280223098950084,
                0.538928600757244,
                0.303218818605007,
                0.294628253135401
            ]
        },
        {
            "mean": [
                1.56119636043723,
                0.529095331072961,
                0.435239960112908,
                1.82131156313415,
                -3.2619811216455,
                -0.423669540784371,
                1.46965210727868,
                -1.17953505513421,
                -1.91429140776323
            ],
            "median": [
                1.55540908794568,
                0.518584523162297,
                0.432840069797601,
                1.82201203750773,
                -3.26946545711205,
                -0.430757257650136,
                1.4671603832123,
                -1.17948814743505,
                -1.92049888950681
            ],
            "SE": [
                0.324426478660779,
                0.295830837373435,
                0.292185468606543,
                0.415049951219489,
                0.301421757132929,
                0.287378573317893,
                0.523672461340881,
                0.300356840741818,
                0.293467598017044
            ]
        },
        {
            "mean": [
                0.103983097609504,
                -1.32479921976943,
                0.447950959295329,
                0.0108531331725535,
                0.82594023256973,
                1.21010709375888,
                0.748062758821087,
                -2.75821378070765,
                -0.603417765309892
            ],
            "median": [
                0.106965331246337,
                -1.32523237910466,
                0.449146506057179,
                0.0142520819632975,
                0.825404555835043,
                1.20271525864767,
                0.758594780909129,
                -2.76095396869816,
                -0.611636999426592
            ],
            "SE": [
                0.320088431151533,
                0.285127464590632,
                0.291007743421862,
                0.424956027569272,
                0.301796555893759,
                0.285996486309688,
                0.543813572236475,
                0.303276180285758,
                0.296960813295434
            ]
        },
        {
            "mean": [
                0.774655874410843,
                -0.292184256985828,
                1.79083777203803,
                -1.94551354894126,
                0.878588986241967,
                -1.30529393118889,
                -0.919396327851302,
                -1.58731043261982,
                0.562820795585272
            ],
            "median": [
                0.771998774720286,
                -0.299860234750503,
                1.79042593510878,
                -1.95737683705113,
                0.884159531084355,
                -1.2987294987557,
                -0.936119972470765,
                -1.58338391121495,
                0.561190063694811
            ],
            "SE": [
                0.312051751589061,
                0.296931668871259,
                0.288092827177453,
                0.426143503467897,
                0.296393731827285,
                0.282126902774111,
                0.536377544040783,
                0.303522810849079,
                0.302085019772477
            ]
        },
        {
            "mean": [
                -0.22044799074412,
                -2.50415699262646,
                0.581986198081284,
                -0.220711597659088,
                -1.4158977701671,
                0.170991057800458,
                -0.44757569454103,
                0.449167129041145,
                -0.307349014059982
            ],
            "median": [
                -0.29829707463343,
                -2.50524922019678,
                0.589625013687278,
                -0.240884320165766,
                -1.40474212457356,
                0.171976013369764,
                -0.45181359770838,
                0.448725952071899,
                -0.313620948225942
            ],
            "SE": [
                0.477292350415874,
                0.29000896451307,
                0.314496023391492,
                0.505894202202532,
                0.304671965734145,
                0.291936906794126,
                0.576444451067761,
                0.303409787316585,
                0.309351250715979
            ]
        },
        {
            "mean": [
                -1.70888873629489,
                -0.0788928543169048,
                -2.08242919607281,
                0.36370131544622,
                -2.40974352533059,
                2.18863848276488,
                -0.0283083116883071,
                -2.00189902469751,
                0.282523778712413
            ],
            "median": [
                -1.7127049525645,
                -0.0796220772257164,
                -2.08255654573634,
                0.351734079503662,
                -2.40614880956854,
                2.18353676908479,
                -0.0378513228287854,
                -1.99742528305607,
                0.281979483055527
            ],
            "SE": [
                0.316431774872488,
                0.28979309129888,
                0.295144927199143,
                0.428921541142758,
                0.294631313130674,
                0.27896491995097,
                0.54818841424482,
                0.307273553927384,
                0.309380888504823
            ]
        },
        {
            "mean": [
                -2.41035968833596,
                -2.34275858268065,
                2.38442386192457,
                -0.524867218900856,
                -0.492880056517528,
                -0.0303798984580052,
                0.789365881027214,
                -0.050083454487332,
                1.3896696619014
            ],
            "median": [
                -2.41383737663084,
                -2.41260330404807,
                2.39240303998893,
                -0.529369352605207,
                -0.485917745899895,
                -0.028121178636818,
                1.00632818128829,
                -0.392843280588072,
                1.38975302804949
            ],