{
    "uid": "a57e2ed7-3c38-4148-9ed4-495f1c053852",
    "scenario_uid": "b56e398eaedbdad34cec9e8a634c0fba",
    "iteration_uid": "16520cf13bed8c6ca4287fe7db074beb",
    "PD_subj": [
        {
            "mean": [
                -0.0943823171550028,
                1.91319120279275,
                1.99313244873223,
                -1.74321498073337,
                -2.3132820908737,
                -1.18758006862799,
                -0.543762329172172,
                -0.950964054081962,
                1.27714800216429
            ],
            "median": [
                -0.0941919965651557,
                1.90620423285009,
                1.99606127244466,
                -1.75187586513246,
                -2.31467230377829,
                -1.19488179202874,
                -0.551363596475435,
                -0.941979708760357,
                1.27172396841358
            ],
            "SE": [
                0.297077416746777,
                0.289477654037517,
                0.301814693160242,
                0.292539167647757,
                0.308693455656496,
                0.3056308229372,
                0.291550790964624,
                0.296469909247479,
                0.308313801031503
            ]
        },
        {
            "mean": [
                0.813456759201728,
                -0.376792712850135,
                4.23829098201851,
                1.5088303489492,
                -2.49862616024322,
                -0.460116514579698,
                -1.52161394775067,
                -0.111808128996698,
                -0.657656359552791
            ],
            "median": [
                0.816594130369833,
                -0.384311473577682,
                4.24155500835037,
                1.50615436604536,
                -2.49760807338674,
                -0.453575144900374,
                -1.51939673987353,
                -0.123294088963291,
                -0.645821242225412
            ],
            "SE": [
                0.292838892574896,
                0.290114121340617,
                0.292305835408942,
                0.289572669509845,
                0.314345749303627,
                0.299135794646333,
                0.302424322655744,
                0.295191020804546,
                0.317761261919277
            ]
        },
        {
            "mean": [
                0.2821175743504,
                -2.14483886564865,
                2.05635139651957,
                2.00836234306597,
                -0.664546654699001,
                -0.282678686977639,
                0.661168610693944,
                -2.4407384090799,
                -0.119726587568692
            ],
            "median": [
                0.282668575611436,
                -2.1440704004531,
                2.05696402391323,
                2.0142705561292,
                -0.659698398881131,
                -0.291817022904277,
                0.655185706333985,
                -2.44942931460131,
                -0.132838202907857
            ],
            "SE": [
                0.289820775277192,
                0.293336914690485,
                0.304861537012723,
                0.296202632742506,
                0.309064404703729,
                0.303069665413807,
                0.295167105509037,
                0.294551805408994,
                0.323157178794076
            ]
        },
        {
            "mean": [
                -2.20427591065865,
                0.12318871527959,
                0.485031599658412,
                2.26057814611571,
                -3.2267400294794,
                1.5179138019478,
                -0.302505017649243,
                -0.327007084072014,
                1.38011261160892
            ],
            "median": [
                -2.20161597634023,
                0.118958848028013,
                0.47769407655721,
                2.26873012545077,
                -3.22583297188301,
                1.5194369801677,
                -0.301871677052713,
                -0.32252721802394,
                1.37470377921414
            ],
            "SE": [
                0.293695943300419,
                0.284246196344213,
                0.295413255682602,
                0.293183352032898,
                0.299605838514123,
                0.298301788817978,
                0.29103050284243,
                0.289653033125711,
                0.325607567721162
            ]
        },
        {
            "mean": [
                -1.19968239846004,
                -0.569642292601408,
                2.29353454642163,
                1.21640697688123,
                0.287966162271136,
                2.00055406369954,
                1.64570118986534,
                0.0420695863444229,
                2.94400951949597
            ],
            "median": [
                -1.20069407613401,
                -0.577436539594571,
                2.2911924710133,
                1.22975398488743,
                0.284160427269685,
                1.99223595792526,
                1.64422841767196,
                0.0363318758592333,
                2.93689626973077
            ],
            "SE": [
                0.29588252821442,
                0.288190380592577,
                0.300221832362956,
                0.297442729441374,
                0.311275364337299,
                0.302626931836867,
                0.291834038530292,
                0.289685221955454,
                0.316281646620246
            ]
        },
        {
            "mean": [
                0.952001734607498,
                1.45905720180278,
                2.09357646583356,
                0.64140063363072,
                -0.987076958700858,
                2.28520949449928,
                0.318676168304494,
                -0.757267278834779,
                -0.810357184180632
            ],
            "median": [
                0.951560567855874,
                1.45665406106446,
                2.10173380233098,
                0.638710417786202,
                -0.989897331908895,
                2.28568638641101,
                0.31984549549492,
                -0.758104670404187,
                -0.810146884614511
            ],
            "SE": [
                0.283909594646408,
                0.295080872682976,
                0.296839112683077,
                0.299386512878031,
                0.316779818349451,
                0.301151430054672,
                0.291071430739047,
                0.292036042062711,
                0.321281629571337
            ]
        },
        {
            "mean": [
                1.203730505421,
                0.039908428700942,
                -0.0736281115893892,
                0.740048695416353,
                2.06420183938544,
                -1.06894092794329,
                -1.16815398750399,
                -1.86229312332298,
                -2.04887412644103
            ],
            "median": [
                1.20212168803857,
                0.0370922349530254,
                -0.0786409016447803,
                0.745007276981861,
                2.06564868295581,
                -1.06506816682083,
                -1.16793113838416,
                -1.86520310080636,
                -2.05607093610744
            ],