{
    "uid": "ac7407b7-2b7c-4f35-815e-70f21fa0efa4",
    "scenario_uid": "b56e398eaedbdad34cec9e8a634c0fba",
    "iteration_uid": "166a6090f801b03b6944d412fadfb08a",
    "PD_subj": [
        {
            "mean": [
                0.756400977277321,
                -0.220981562274071,
                -0.219826284235073,
                -0.798518317081986,
                0.628786020215591,
                0.656262385655328,
                1.978920878209,
                -1.61704713406624,
                -1.39867662868712
            ],
            "median": [
                0.758076629876959,
                -0.223091312579223,
                -0.221475305653411,
                -0.799394749417416,
                0.622983927428655,
                0.671922459180565,
                1.98218471524669,
                -1.96599178768918,
                -1.33865849065049
            ],
            "SE": [
                0.292936585417025,
                0.309081760147744,
                0.344661160692473,
                0.29958399598194,
                0.420111100567997,
                0.94160363375279,
                0.288886890630817,
                0.870851836094062,
                1.16525405873863
            ]
        },
        {
            "mean": [
                -1.38051605429582,
                -0.0519748454136063,
                0.207081295430427,
                1.93146533121817,
                -2.4448468497568,
                -1.99372229159875,
                0.641472725503107,
                -2.13799245851597,
                1.96945379428685
            ],
            "median": [
                -1.3891232156601,
                -0.0560397039579241,
                0.20135796255448,
                1.93200677692017,
                -2.43851002482814,
                -2.01754507106885,
                0.643200641622865,
                -2.13837010683754,
                1.97580018283549
            ],
            "SE": [
                0.286430277932204,
                0.285078327816338,
                0.307105620788599,
                0.307028839248315,
                0.300793482875099,
                0.870699574754156,
                0.29277259550408,
                0.293421707091898,
                0.769781995159269
            ]
        },
        {
            "mean": [
                0.559743676430174,
                -1.7403924118004,
                -0.406507421217832,
                -0.554068587440703,
                -1.34613222592967,
                -1.7097938692343,
                -0.231737301456096,
                0.679095724661108,
                -2.98695986751469
            ],
            "median": [
                0.561995884009823,
                -1.73523282428257,
                -0.398522710366042,
                -0.55315831075356,
                -1.35871047697773,
                -1.68890440024744,
                -0.233667608487138,
                0.672510768460991,
                -2.99590931867423
            ],
            "SE": [
                0.291788378113952,
                0.28236028990075,
                0.312537686388477,
                0.298903964334691,
                0.3120686559227,
                0.888323288170085,
                0.296045552824582,
                0.302677172696455,
                0.800687139411169
            ]
        },
        {
            "mean": [
                -0.243968708800491,
                -0.693485366390898,
                0.911873194246433,
                0.106132538182533,
                1.38457987401789,
                0.4337677493221,
                1.27223418331587,
                -1.34763795646394,
                -0.773966248171147
            ],
            "median": [
                -0.252904426156188,
                -0.691743230829163,
                0.916181882527106,
                0.107991893249788,
                1.38912268002699,
                0.428422201333543,
                1.27354748770557,
                -1.3551875240456,
                -0.758758437652235
            ],
            "SE": [
                0.283036558239817,
                0.291767473740833,
                0.311283581167411,
                0.299782801142726,
                0.308342266989135,
                0.883517034495298,
                0.301968352240992,
                0.297526364427505,
                0.810030752255773
            ]
        },
        {
            "mean": [
                -1.30614411916317,
                -0.987240470181324,
                1.73168791256437,
                2.97793202096464,
                -2.0545966530273,
                0.511638026614514,
                -0.630667508901543,
                -2.75454453320133,
                1.76970269341983
            ],
            "median": [
                -1.3085978984738,
                -0.986012296311897,
                1.72491980323079,
                2.97678984615191,
                -2.05269807607819,
                0.495067203171288,
                -0.635743090889054,
                -2.75331148230815,
                1.77411227732093
            ],
            "SE": [
                0.286032737552901,
                0.286795997790131,
                0.312479895398411,
                0.293681169627787,
                0.307669921209835,
                0.879836331043774,
                0.296551319503672,
                0.295319801743658,
                0.797860925873388
            ]
        },
        {
            "mean": [
                -0.108586793323793,
                2.09306068125264,
                -2.01524001924797,
                -0.743818112650417,
                -2.37700967477473,
                0.890037737227727,
                2.94577222588799,
                -1.19251160718795,
                1.5222454629782
            ],
            "median": [
                -0.106610163777545,
                2.09414320077753,
                -2.00603191268912,
                -0.738830318101771,
                -2.38961487516326,
                0.878944600995146,
                2.93564889896901,
                -1.18871040802866,
                1.51039280017506
            ],
            "SE": [
                0.284244910831735,
                0.284531824619829,
                0.31170893056876,
                0.289083817665075,
                0.307312765009822,
                0.874756967380477,
                0.292469617926434,
                0.295849117601324,
                0.801879453950013
            ]
        },
        {
            "mean": [
                -1.12844667504419,
                0.739304209267222,
                2.95265742092892,
                1.14724530933084,
                -0.801849331740958,
                2.07555278492056,
                0.129305877536523,
                -2.2990903548036,
                1.28451959094244
            ],
            "median": [
                -1.1295890430997,
                0.734839182327134,
                2.94928221532906,
                1.14015452032322,
                -0.793272636978028,
                2.08467592897261,
                0.128166809199963,
                -2.29750925892692,
                1.27429066436055
            ],