{
    "uid": "f307c3d3-e48b-4bbb-b2c9-00332d0ac864",
    "scenario_uid": "b56e398eaedbdad34cec9e8a634c0fba",
    "iteration_uid": "16f34ea39b8bafeb8cf20bfafc5d6789",
    "PD_subj": [
        {
            "mean": [
                2.45041361758162,
                -0.596534559013604,
                -2.00275525185713,
                1.34138232917801,
                -3.13583208025579,
                -0.656427657495967,
                3.24052497631408,
                -1.09219416831579,
                -0.547605086806002
            ],
            "median": [
                2.45604736462762,
                -0.606151283900178,
                -2.00371561824747,
                1.34030680983269,
                -3.13367138365581,
                -0.657597647133891,
                3.24380726086559,
                -1.09137082268669,
                -0.538678560309886
            ],
            "SE": [
                0.309977891969226,
                0.29795119296706,
                0.312114874290195,
                0.309373725012353,
                0.305340084549531,
                0.317527548646507,
                0.298805513626393,
                0.304143366140457,
                0.293131906643992
            ]
        },
        {
            "mean": [
                -1.278922117595,
                -1.47470248903218,
                0.32860625511203,
                -0.0437534927100171,
                0.867064584519489,
                1.27014599384317,
                1.25743798531561,
                -4.83384429211777,
                -2.78744388000622
            ],
            "median": [
                -1.28743731799043,
                -1.46571861789811,
                0.326879638453961,
                -0.0413174262236868,
                0.866766566432015,
                1.26675274927628,
                1.2517268537498,
                -4.83337476094814,
                -2.78974565410888
            ],
            "SE": [
                0.310926848895987,
                0.294739703489039,
                0.30569691901745,
                0.306457588630237,
                0.297025715781556,
                0.308214643105476,
                0.301668885826482,
                0.300015073320243,
                0.290203070978425
            ]
        },
        {
            "mean": [
                -1.25595132269759,
                -0.128966788026598,
                0.318734194441156,
                2.02546338176902,
                -1.32644036164103,
                1.98019277655251,
                0.0363916687609319,
                -2.23571184241115,
                -1.42854188765537
            ],
            "median": [
                -1.25025552419425,
                -0.130475668223181,
                0.32530930963641,
                2.01165958807746,
                -1.32293805447971,
                1.98813801636591,
                0.0408543533903405,
                -2.24487785973107,
                -1.42474515272413
            ],
            "SE": [
                0.313633015121092,
                0.291939614178731,
                0.30524918639031,
                0.316012229627468,
                0.30945106398524,
                0.306682608029121,
                0.295920277400208,
                0.307205834236725,
                0.300740978318856
            ]
        },
        {
            "mean": [
                -0.882124984244789,
                -1.38962235348318,
                2.04467198055827,
                -1.40240202081948,
                0.812654975286342,
                1.15386612563222,
                1.92442049917006,
                -2.69290332986492,
                -0.226146860500562
            ],
            "median": [
                -0.866225783784867,
                -1.3793017305338,
                2.04203501888794,
                -1.39461128673219,
                0.80996954855331,
                1.14980272805863,
                1.92608357659134,
                -2.68567560316936,
                -0.235490476500041
            ],
            "SE": [
                0.30499013059022,
                0.291108069372308,
                0.311901878092885,
                0.317187429075252,
                0.29825032627032,
                0.309194241340432,
                0.297611699014713,
                0.295931944645207,
                0.294874604705433
            ]
        },
        {
            "mean": [
                2.27342390304923,
                -2.92876428664344,
                0.730202442424771,
                3.35525290259038,
                0.708908039677196,
                -1.38748544749069,
                -1.20998964641568,
                -0.81460414000341,
                0.778816448157711
            ],
            "median": [
                2.27989821953821,
                -2.92725545843524,
                0.725666566331882,
                3.35730498917639,
                0.706695340442558,
                -1.39231497842193,
                -1.20426855122671,
                -0.83209985423438,
                0.77355947215717
            ],
            "SE": [
                0.306032392819517,
                0.293918439631468,
                0.309661582343558,
                0.312063419838377,
                0.301164652547786,
                0.314592094435499,
                0.307212592320899,
                0.297125626543642,
                0.296505522053845
            ]
        },
        {
            "mean": [
                -0.300133214443958,
                -2.15995295506696,
                0.463009054430216,
                -1.21138921907685,
                1.0678021496557,
                0.581124043087327,
                0.909262603909425,
                -0.693778301479075,
                -1.06230322602385
            ],
            "median": [
                -0.293370762695409,
                -2.15876370042582,
                0.463021416252789,
                -1.21218281438474,
                1.06073025067808,
                0.587683084133146,
                0.90254667010199,
                -0.688189547923178,
                -1.0535226354157
            ],
            "SE": [
                0.302022643174155,
                0.303799762754084,
                0.308344726153965,
                0.312240839257336,
                0.297374819349498,
                0.31777282430585,
                0.294178102343867,
                0.311971351823501,
                0.295139925931812
            ]
        },
        {
            "mean": [
                1.01440579484099,
                2.58665435478205,
                3.17108930042272,
                2.23146530494074,
                -0.0563653583526263,
                1.60628092190332,
                1.36212868850536,
                -2.46738877238979,
                0.10213007033634
            ],
            "median": [
                1.01164439388573,
                2.58829669894699,
                3.1655709418265,
                2.22003082905439,
                -0.0599647360561388,
                1.60324518734361,
                1.35285134335314,
                -2.46366732237249,
                0.0889222311512502
            ],