{
    "uid": "e4bf95c6-af37-432e-8c04-636ad5dfcc7d",
    "scenario_uid": "b56e398eaedbdad34cec9e8a634c0fba",
    "iteration_uid": "1723ca6cce23ac1982098fba933817b3",
    "PD_subj": [
        {
            "mean": [
                -0.0274609520045124,
                -0.94276000081999,
                0.688909770689576,
                1.93058388702333,
                -1.58907431111559,
                0.117742964422024,
                1.3597185592991,
                0.0962241917513295,
                0.839259586278032
            ],
            "median": [
                -0.0268841839301022,
                -0.982798441445564,
                0.712316717151365,
                1.94109405875579,
                -1.59434217216464,
                -0.0228125220369665,
                1.36701254361559,
                0.093576271521285,
                0.815013226087636
            ],
            "SE": [
                0.270389636321749,
                0.566341405638049,
                0.360385503915159,
                0.278841545148378,
                0.722587158542366,
                0.649452095862275,
                0.289133639193015,
                0.506670677657233,
                0.315815762294278
            ]
        },
        {
            "mean": [
                1.82629160350468,
                -1.80113532179908,
                2.04944011685815,
                0.561367673208821,
                -0.913322142921062,
                -0.0389703173657652,
                -0.138575227526258,
                -0.896352361482285,
                -0.385437107040928
            ],
            "median": [
                2.06673128372876,
                -1.79900129790942,
                2.04114505599314,
                0.622788174973941,
                -0.904497276557703,
                -0.15893474985402,
                -0.249095726102214,
                -0.898395530337499,
                -0.385112740911533
            ],
            "SE": [
                0.749889604804927,
                0.529801025592421,
                0.307693424530207,
                0.725432560655364,
                0.676120399646616,
                0.561229835768375,
                0.549200729483096,
                0.492203681636069,
                0.261396325365772
            ]
        },
        {
            "mean": [
                0.405403320409624,
                1.97114046829244,
                0.41719628998664,
                1.48606762095611,
                0.999346874531094,
                1.47277329218453,
                0.705489959360918,
                -1.87279658061778,
                0.686394253166997
            ],
            "median": [
                0.403403452267207,
                1.98829565693343,
                0.411796987609732,
                1.48492055597542,
                1.00097820454261,
                1.46570552959691,
                0.697998406101373,
                -1.85913809885646,
                0.686170844784251
            ],
            "SE": [
                0.286580824098324,
                0.509351458294143,
                0.316627800811833,
                0.292374653795677,
                0.646452261343928,
                0.327554160744775,
                0.304008396644978,
                0.486226615066283,
                0.283965355442212
            ]
        },
        {
            "mean": [
                -0.68820060045907,
                -0.271749061062174,
                0.0180457215787279,
                0.0230544001788728,
                -1.4151543131435,
                -1.26370363967965,
                0.746126179363648,
                -0.432738787229751,
                -0.384407699974039
            ],
            "median": [
                -0.68231238186749,
                -0.419637869496588,
                0.330849311848943,
                0.0197516923433717,
                -1.40985669021447,
                -1.21508481422721,
                0.742090431662342,
                -0.433015514878398,
                -0.377560001637243
            ],
            "SE": [
                0.265775097585083,
                0.888820195699088,
                0.79239240741575,
                0.280602196210447,
                0.77612865439431,
                0.478807831290882,
                0.292036413148216,
                0.487314463788969,
                0.276597294971208
            ]
        },
        {
            "mean": [
                0.333113884481054,
                -1.79858704838515,
                0.950508637727949,
                2.58630876187126,
                -1.96813586289655,
                0.0554758056788304,
                3.11895815811078,
                -3.27606430711711,
                0.251872818959409
            ],
            "median": [
                0.331149790535358,
                -1.80548108298089,
                0.963379182438573,
                2.58503385224713,
                -1.98547180574545,
                0.0438768950433603,
                3.12089941043268,
                -3.27389618024421,
                0.249909072583111
            ],
            "SE": [
                0.271218967986624,
                0.502381252945002,
                0.519310068498976,
                0.273562388206232,
                0.681567141564071,
                0.555111461737682,
                0.284312935606372,
                0.483594331269135,
                0.350525867151573
            ]
        },
        {
            "mean": [
                1.17619003697895,
                -0.169216653053367,
                2.43552031661344,
                2.53151061367936,
                -1.01072724632825,
                -1.62725370779757,
                3.32771516026237,
                -1.04604684572665,
                -0.390595745233704
            ],
            "median": [
                1.17542892798347,
                -0.175459625211139,
                2.43091115765646,
                2.5317267623021,
                -1.0139782570897,
                -1.62512771539511,
                3.32909487671431,
                -1.05089083563609,
                -0.389223834653572
            ],
            "SE": [
                0.273700215693096,
                0.51319652911518,
                0.296906223785046,
                0.272273121553535,
                0.667279463072672,
                0.301817687640091,
                0.291397227934001,
                0.475469639245284,
                0.258310869295832
            ]
        },
        {
            "mean": [
                -0.324196544374508,
                -0.602169799895957,
                3.60005977731914,
                0.719157148260341,
                -2.84166096190616,
                1.15953904891192,
                -0.269955710978848,
                -1.00573463884353,
                1.38626487652181
            ],
            "median": [
                -0.325423755132249,
                -0.599103607449995,
                3.60128811378972,
                0.720969216428861,
                -2.84079813550929,
                1.14786902562078,
                -0.267764288524425,
                -1.00116405031845,
                1.38590252864209
            ],