{
    "uid": "83d8e8bc-fd2a-4e95-a3de-6fa0bbac55fc",
    "scenario_uid": "b56e398eaedbdad34cec9e8a634c0fba",
    "iteration_uid": "1775bd97da41598182c00f37102983f3",
    "PD_subj": [
        {
            "mean": [
                2.66468902692195,
                -1.42133225459054,
                2.84288530082776,
                4.25358897336858,
                -1.63496992001005,
                2.00465759379332,
                1.245054541488,
                0.373144943987334,
                -1.94216664282145
            ],
            "median": [
                2.6657335869608,
                -1.43617270241928,
                2.84598240492056,
                4.26249438441214,
                -1.63672191837808,
                2.00499694299869,
                1.24725699339874,
                0.370254982369263,
                -1.94856189858246
            ],
            "SE": [
                0.296475854562882,
                0.319697947005263,
                0.300596333753027,
                0.302277540613169,
                0.310204764836315,
                0.295045466622053,
                0.286060077346979,
                0.662294868965659,
                0.301385609330332
            ]
        },
        {
            "mean": [
                1.44451228238467,
                -1.68603404597394,
                2.35735563112939,
                1.04538658768888,
                -1.72290225796868,
                -2.24822592036979,
                -0.723171423796868,
                -1.68574767633815,
                0.0975743346352948
            ],
            "median": [
                1.4484128837376,
                -1.67471384836703,
                2.36093843971919,
                1.04051381128288,
                -1.72721276696557,
                -2.25353302545377,
                -0.721294503862864,
                -1.68046121588039,
                0.0920158345958691
            ],
            "SE": [
                0.302483651297587,
                0.333646661570954,
                0.307171352185125,
                0.301277851863735,
                0.316052049180901,
                0.295313678598004,
                0.293659671115258,
                0.673489995546483,
                0.285762842625889
            ]
        },
        {
            "mean": [
                -1.10069352206102,
                -1.72680996992624,
                -1.80258860903822,
                -0.576692877019853,
                -1.22723619516019,
                -1.29712117314301,
                0.676635776109336,
                -3.62479897268806,
                -0.397648523391633
            ],
            "median": [
                -1.10718056835187,
                -1.7287254047248,
                -1.80074905134021,
                -0.573961568779303,
                -1.22074556719169,
                -1.30341830828738,
                0.675739138455346,
                -3.63828074139219,
                -0.40141649428641
            ],
            "SE": [
                0.300194821132107,
                0.3294894215435,
                0.304192391922619,
                0.297026278533478,
                0.299328893582979,
                0.297377582144991,
                0.286590498868205,
                0.703294839666238,
                0.298068394370605
            ]
        },
        {
            "mean": [
                0.775173071414386,
                -1.26089246337008,
                0.745984565276433,
                2.58217765333579,
                -2.05678138690125,
                2.5783388727053,
                0.631617573766092,
                0.851056022652147,
                0.624709876614351
            ],
            "median": [
                0.775154256133901,
                -1.26013337303645,
                0.745244411514872,
                2.57789693519579,
                -2.05736078772833,
                2.58262447404588,
                0.634805588256799,
                0.842474431187552,
                0.623416049766506
            ],
            "SE": [
                0.308294148640645,
                0.330831101333626,
                0.310074203871772,
                0.309607453387121,
                0.306148863868756,
                0.296600772809866,
                0.301122466770057,
                0.68058900026521,
                0.302712189780885
            ]
        },
        {
            "mean": [
                -0.349548280214113,
                1.44926507864469,
                2.10980052382586,
                0.313233978877123,
                -0.612283756260379,
                1.13931509746861,
                1.27684650799723,
                0.256806166560735,
                1.47435099685834
            ],
            "median": [
                -0.355626898326141,
                1.45395880781457,
                2.11069254995498,
                0.307491165351608,
                -0.621253985583681,
                1.14679665262817,
                1.28093517007176,
                0.241475863033402,
                1.47436622658172
            ],
            "SE": [
                0.305399829955368,
                0.331044572458525,
                0.297827293214876,
                0.306401426132478,
                0.304769626762741,
                0.29298105646547,
                0.2922034928966,
                0.688002730465103,
                0.3030134907504
            ]
        },
        {
            "mean": [
                -1.48206468315455,
                -2.92372163297464,
                0.790553603977005,
                0.79557640762612,
                -3.38384195692028,
                0.207851905717874,
                1.35949067463563,
                -1.50544781031803,
                -0.614160795817075
            ],
            "median": [
                -1.48071980473694,
                -2.92832401799238,
                0.793355022412568,
                0.796883169033451,
                -3.38672434735804,
                0.213890423828828,
                1.35904442226827,
                -1.50841289127197,
                -0.613850280489953
            ],
            "SE": [
                0.297125911990019,
                0.326910644171851,
                0.303826282875269,
                0.303804439077979,
                0.314088973841942,
                0.29672856359692,
                0.290108246231751,
                0.671687721278556,
                0.297589116575404
            ]
        },
        {
            "mean": [
                -0.744748753806302,
                1.43080877182309,
                -1.13657784471712,
                1.57143884116986,
                -2.40553634617865,
                0.983145873568102,
                0.282914028958931,
                -2.76029041517938,
                -0.936562648101196
            ],
            "median": [
                -0.749441574628916,
                1.42980502817997,
                -1.13796825795875,
                1.5693284858508,
                -2.40524155876004,
                0.977311284638654,
                0.28937894577525,
                -2.7442847178037,
                -0.940113545088874
            ],