{
    "uid": "e427d263-b787-49e5-9ec4-bb8029925de6",
    "scenario_uid": "b56e398eaedbdad34cec9e8a634c0fba",
    "iteration_uid": "18994e5ba03788abb8752658ca1a197c",
    "PD_subj": [
        {
            "mean": [
                -1.34591425973643,
                -1.29551551971497,
                -1.37517510915059,
                -0.288572214731825,
                0.151391241735238,
                -0.315649995486483,
                -0.280645402557901,
                -0.387661419927132,
                -0.344556379211919
            ],
            "median": [
                -1.312309633965,
                -1.28314526274063,
                -1.37164416868108,
                -0.356704292234454,
                0.109404268422163,
                -0.358349800225439,
                -0.225166441404302,
                -0.367797059363912,
                -0.293298712429824
            ],
            "SE": [
                0.452610964755496,
                0.565589249617968,
                0.492467792900398,
                0.445764412459546,
                0.624818390623292,
                0.409119562876298,
                0.580193918046283,
                0.459408957042531,
                0.530736358341833
            ]
        },
        {
            "mean": [
                -1.4764836169215,
                -0.583593283120498,
                1.82916642582706,
                -0.633845755190094,
                -2.54303006854636,
                -1.70517580607452,
                1.64168413605772,
                -0.770222589241706,
                -0.332709197476627
            ],
            "median": [
                -1.47977053480905,
                -0.59246080117998,
                1.82871980194958,
                -0.637822866395357,
                -2.53895272450409,
                -1.70398090609665,
                1.62848443615723,
                -0.769278235060844,
                -0.334660325714931
            ],
            "SE": [
                0.291059053834843,
                0.493819476090679,
                0.306401527378526,
                0.295942822206559,
                0.370262358519816,
                0.311156904231898,
                0.297511943216479,
                0.270014333490675,
                0.286687091404452
            ]
        },
        {
            "mean": [
                -0.172469656803464,
                1.06032387568369,
                1.37170073031822,
                0.891883118694432,
                1.2749161535546,
                -3.50041781480899,
                3.35196507730949,
                0.226222808258471,
                -1.04529351437674
            ],
            "median": [
                -0.180125717049965,
                1.05293499141514,
                1.35714304703361,
                0.895068537406587,
                1.28686166127354,
                -3.50790416330317,
                3.35308827794287,
                0.223729994487495,
                -1.04351824300957
            ],
            "SE": [
                0.298732934318094,
                0.498857568113993,
                0.310647081328725,
                0.307644347822931,
                0.376582062679464,
                0.30934656376809,
                0.295978377007477,
                0.278184375486022,
                0.276885298256529
            ]
        },
        {
            "mean": [
                -0.140373624776345,
                0.0728915016028061,
                3.38284729059107,
                3.77772494980128,
                -0.845879438380662,
                -1.06890386839654,
                2.55259708400359,
                -0.0972322086065964,
                -1.31004243010577
            ],
            "median": [
                -0.146008069968808,
                0.0704518511988506,
                3.37083841781623,
                3.77449015970818,
                -0.846765058534554,
                -1.06577766331943,
                2.55472757211246,
                -0.0975362322871378,
                -1.30560413574935
            ],
            "SE": [
                0.295501889788967,
                0.506284727159077,
                0.304797386193678,
                0.30417919504989,
                0.380560019076068,
                0.308254796378185,
                0.288962882589884,
                0.275364346452546,
                0.28465481205731
            ]
        },
        {
            "mean": [
                -1.4090561595262,
                -1.50035906893784,
                1.7704556626867,
                -0.860649244849852,
                -0.15812610023672,
                -1.91598250639122,
                -1.20710129929246,
                -1.06434722105473,
                0.884312452878335
            ],
            "median": [
                -1.41104289157008,
                -1.50111308306929,
                1.77115258289597,
                -1.22463454411018,
                0.174019840469836,
                -1.92192273179686,
                -1.21055862539825,
                -1.05069641871918,
                0.888643494446106
            ],
            "SE": [
                0.304299406917613,
                0.517208356329064,
                0.301602278423793,
                0.876493098631855,
                0.889625308917977,
                0.301988619589223,
                0.334233073137827,
                0.303973975887444,
                0.285766980031242
            ]
        },
        {
            "mean": [
                -0.68511187879519,
                -1.77413980286832,
                1.63771532476019,
                1.0697962093056,
                -3.43858248416797,
                2.10150903423966,
                1.2140437009807,
                -1.15675300752621,
                -0.447485895720876
            ],
            "median": [
                -0.688566624748995,
                -1.75843301817731,
                1.64455617132561,
                1.08127706531985,
                -3.43981888427717,
                2.10233847284982,
                1.22714638972393,
                -1.15780013534711,
                -0.446706092316033
            ],
            "SE": [
                0.548821660724847,
                0.504240858556794,
                0.29700680569498,
                0.57239800206128,
                0.372471739579056,
                0.305061675184842,
                0.526544893704752,
                0.279376425799921,
                0.282956401599902
            ]
        },
        {
            "mean": [
                -3.74050645083348,
                -0.0686950768671259,
                1.77390247081076,
                2.30360034071584,
                1.01779620597088,
                0.770296268207842,
                1.18648501176584,
                0.413612909727171,
                -0.998525253256173
            ],
            "median": [
                -3.72664424525507,
                -0.0652976911098227,
                1.77787567780519,
                2.30084625192321,
                1.01319852038896,
                0.774462008741032,
                1.18018373339174,
                0.41673180909776,
                -1.0001312997513
            ],