{
    "uid": "3d20da50-91b1-4689-9e55-f81ead29b3bd",
    "scenario_uid": "b56e398eaedbdad34cec9e8a634c0fba",
    "iteration_uid": "197c610fb7903b880faf08a58125f241",
    "PD_subj": [
        {
            "mean": [
                1.09669242699756,
                -1.67077479275662,
                2.89076906591946,
                -0.768470043439903,
                1.2823048027423,
                -4.44454920657135,
                2.81134208318683,
                -2.90269192429555,
                -0.94588403051104
            ],
            "median": [
                1.0959387558678,
                -1.67546682372469,
                2.89791749406813,
                -0.756542376373825,
                1.2783723369008,
                -4.44966548461847,
                2.81221723557162,
                -2.91071683957848,
                -0.945842977758488
            ],
            "SE": [
                0.271673265769611,
                0.302241368663886,
                0.309370634867362,
                0.337308077802357,
                0.282705817802446,
                0.305713980961401,
                0.311313990125194,
                0.298309309129124,
                0.296550840416781
            ]
        },
        {
            "mean": [
                -0.263883576511568,
                -0.533797740155107,
                1.31968771288048,
                -1.71626338195039,
                -0.538752150386466,
                0.715029581426418,
                -2.04389331701669,
                0.0433578269493076,
                -1.2298551571762
            ],
            "median": [
                -0.268516974549192,
                -0.531645770081193,
                1.3276574257192,
                -1.72518743745037,
                -0.545336644066464,
                0.717453676378738,
                -2.05019194396671,
                0.0355280079982675,
                -1.22434069522724
            ],
            "SE": [
                0.277070177626341,
                0.297364209088585,
                0.305569251363083,
                0.333945729396591,
                0.285285204163294,
                0.296433755974363,
                0.31709995328913,
                0.311562382804985,
                0.291384221528737
            ]
        },
        {
            "mean": [
                -0.14148636961826,
                -5.12597811578809,
                0.205097371794512,
                2.01586714689078,
                -0.569849827103378,
                0.200227283188799,
                1.90336520779292,
                -4.308539173925,
                0.211632439692244
            ],
            "median": [
                -0.0308975736052401,
                -5.12506794200534,
                -0.49265149384184,
                2.35859225108543,
                -0.570252698495597,
                0.609909003731711,
                1.99263661194418,
                -4.30503312235803,
                0.921245356085368
            ],
            "SE": [
                0.543959564675271,
                0.30096788853155,
                1.26576635947238,
                0.858479266482251,
                0.284657930604491,
                0.94716766559927,
                0.556306713579669,
                0.308404776040246,
                1.27193382790105
            ]
        },
        {
            "mean": [
                -0.00389312842604958,
                -1.369268391034,
                0.680268099959723,
                4.34544300894403,
                -1.39038009252978,
                0.452958424182991,
                0.118867917264412,
                0.722116235260176,
                -1.58161715738571
            ],
            "median": [
                -0.00528813438785432,
                -1.37736900321005,
                0.674907228156822,
                4.3449753885747,
                -1.38680945149465,
                0.451456115125757,
                0.119173886710519,
                0.722984230200327,
                -1.58600255629021
            ],
            "SE": [
                0.271628609976111,
                0.294199829373364,
                0.29725497256785,
                0.34045031699982,
                0.285743880575477,
                0.300979470568883,
                0.312122772768489,
                0.298927673792785,
                0.291979596481313
            ]
        },
        {
            "mean": [
                0.218989383805899,
                -0.265049826013898,
                1.39859015439625,
                1.84111431610542,
                -1.67023008828453,
                -0.0118149612026428,
                -0.0485287045989435,
                0.84604117659622,
                0.0191900383420746
            ],
            "median": [
                0.22754333778248,
                -0.261942350262511,
                1.39202168474748,
                1.84321741915982,
                -1.6751138423636,
                -0.0117487275725185,
                -0.0528468060576227,
                0.843658079740827,
                0.023050753732765
            ],
            "SE": [
                0.277064064681152,
                0.294772691096628,
                0.309396340014031,
                0.336407992443296,
                0.292818524295791,
                0.289719505047478,
                0.319155158433481,
                0.300447151625856,
                0.287615590996494
            ]
        },
        {
            "mean": [
                -0.822895733999452,
                -1.05145447177931,
                -0.490079737598666,
                0.733129554061274,
                -1.44441777864368,
                -1.36637611718374,
                2.12593453747665,
                -0.887712469797668,
                -0.935427569388776
            ],
            "median": [
                -0.822524576724554,
                -1.07272171273109,
                -0.849956639571337,
                0.737369050324957,
                -1.44969136736047,
                -1.42841560604351,
                2.1246937556072,
                -0.882282032313969,
                -0.929181306189345
            ],
            "SE": [
                0.268608748749603,
                0.359300640052958,
                1.09229999521693,
                0.34006051379683,
                0.316594882216893,
                0.492818415357084,
                0.300743723000186,
                0.308541411972783,
                0.372189971315396
            ]
        },
        {
            "mean": [
                -0.519888337858373,
                -1.50815592373689,
                1.02186104171559,
                1.25690516399124,
                -1.68993861535985,
                -0.86593528099434,
                0.0873134381526377,
                -0.440311367338672,
                -2.7214238025421
            ],
            "median": [
                -0.521991270397801,
                -1.50833519674762,
                1.01779862491617,
                1.25403544775551,
                -1.69006493224906,
                -0.866910394367114,
                0.0904013354799559,
                -0.437663630299524,
                -2.72331772643249
            ],