{
    "uid": "369adaff-0403-4570-a119-2fb005f1d013",
    "scenario_uid": "b56e398eaedbdad34cec9e8a634c0fba",
    "iteration_uid": "19bc74ca18ade77f0dfead85248c6333",
    "PD_subj": [
        {
            "mean": [
                0.0426999030357864,
                0.0680643925773086,
                -0.269771737898807,
                -0.936789010149337,
                0.311246689820999,
                0.51494933697122,
                1.81557741059683,
                0.2369613979201,
                0.504531253377683
            ],
            "median": [
                0.0468007181006138,
                0.206412886743415,
                -0.399422844257711,
                -0.935609596098627,
                0.265093768813634,
                0.567285665400538,
                1.81453008868729,
                0.168741308316728,
                0.563841901511727
            ],
            "SE": [
                0.348074918361472,
                0.56940234397789,
                0.572300953238903,
                0.351653739009644,
                0.405570397282206,
                0.397979886197029,
                0.27990209476475,
                0.45611378420109,
                0.465317609445028
            ]
        },
        {
            "mean": [
                -0.849364520256442,
                0.409744845129177,
                0.424546821007886,
                -1.76263156588569,
                -0.0874801942831532,
                -0.108994527923095,
                0.215296059110938,
                -1.33772181999285,
                -1.71067986256677
            ],
            "median": [
                -0.854098409765711,
                0.407643908450306,
                0.415217188367414,
                -1.75403967280973,
                -0.085006345066978,
                -0.111494564753613,
                0.216066075389823,
                -1.09796213025515,
                -1.92300312461709
            ],
            "SE": [
                0.349531674501345,
                0.322957834737487,
                0.303396660843976,
                0.347384188002232,
                0.318767769846414,
                0.297844192875526,
                0.282986137113359,
                0.671036261093256,
                0.670932092250901
            ]
        },
        {
            "mean": [
                -0.877728471713381,
                -0.284673246607987,
                1.35163906281689,
                2.12787123919878,
                -1.84338601693719,
                -1.00732415720454,
                1.67371581779382,
                -2.31310399907247,
                -1.21919258507836
            ],
            "median": [
                -0.877589840044761,
                -0.284954734423072,
                1.35300320744154,
                2.12431873189334,
                -1.84559142514156,
                -0.996951586608007,
                1.67141395475632,
                -2.3070540703168,
                -1.22266538600456
            ],
            "SE": [
                0.33369802621668,
                0.297896609866843,
                0.297353149758115,
                0.347337511468958,
                0.293874750414684,
                0.284597639450304,
                0.271964850157393,
                0.282773884504235,
                0.304969538681193
            ]
        },
        {
            "mean": [
                0.825216731796487,
                1.17283648032412,
                -3.06449945590086,
                -1.54320653260612,
                -1.54558321349969,
                -0.854889810880873,
                1.29012374085864,
                -1.25419805011464,
                0.499814192701045
            ],
            "median": [
                0.827902726707127,
                1.16882402648618,
                -3.05239877773419,
                -1.55474856917891,
                -1.54977503966841,
                -0.854874149566581,
                1.28612933459948,
                -1.2456246413582,
                0.513280376588622
            ],
            "SE": [
                0.348644601587016,
                0.312100993481792,
                0.299634115900739,
                0.350280135383983,
                0.285979377425433,
                0.286470292056206,
                0.281624513939583,
                0.294451312008061,
                0.298678656777793
            ]
        },
        {
            "mean": [
                0.0186961948677507,
                0.1168866141596,
                -1.06368884041428,
                0.380298525596187,
                -2.58395438964593,
                1.57859835073792,
                0.149495869402685,
                -1.14017158189626,
                -1.1194340056009
            ],
            "median": [
                0.0109850179487424,
                0.115539335772362,
                -1.05850922750123,
                0.381108657753237,
                -2.58262249340378,
                1.57484122903757,
                0.151435538513085,
                -1.14223013873698,
                -1.11628505874383
            ],
            "SE": [
                0.349170291977055,
                0.295661982334003,
                0.305668810220402,
                0.344650128628454,
                0.286107608172566,
                0.289978782817048,
                0.273235956086222,
                0.283603208635685,
                0.301692390653484
            ]
        },
        {
            "mean": [
                1.07905158376444,
                0.269212420577807,
                1.82651498753995,
                -1.81729187154316,
                0.69557683378869,
                0.498347896465396,
                -0.992314060435778,
                -4.10283060844545,
                -0.153914072566884
            ],
            "median": [
                1.07172981118572,
                0.27337703894588,
                1.83596589271826,
                -1.82239922410393,
                0.701043281516435,
                0.488749458004698,
                -0.989215702507901,
                -4.09522712034245,
                -0.157116720990639
            ],
            "SE": [
                0.342459660886705,
                0.308115327835622,
                0.298836439573275,
                0.353504630706052,
                0.285248493981932,
                0.277790271758275,
                0.270589382604436,
                0.293786667303514,
                0.299000218226426
            ]
        },
        {
            "mean": [
                -0.0662242886353209,
                -2.3366615449786,
                2.10569343730105,
                2.36266003784945,
                -0.488471334416813,
                -0.931017045232908,
                -0.262203864525586,
                0.31652894843195,
                -3.74169851125877
            ],
            "median": [
                -0.0655036863621539,
                -2.33965733516282,
                2.10172510263349,
                2.36595265104357,
                -0.485470948469606,
                -0.931041507294259,
                -0.25664376437882,
                0.316383708126011,
                -3.73823964621671
            ],