{
    "uid": "842edd2d-0253-429f-bb11-389892e83387",
    "scenario_uid": "b56e398eaedbdad34cec9e8a634c0fba",
    "iteration_uid": "1b0c224574bd23dad505b56b3c949bbb",
    "PD_subj": [
        {
            "mean": [
                -0.844258659289194,
                -1.07189537626924,
                -0.933845270026091,
                1.20161915457546,
                0.830673466493454,
                1.01185088866496,
                0.0621971567137982,
                -0.659147001873918,
                -0.300334021424983
            ],
            "median": [
                -0.823712725059632,
                -1.06069033344134,
                -0.920631237841384,
                1.26793115066344,
                0.804172200817701,
                0.942807093300542,
                0.329417745038014,
                -0.81928899599631,
                -0.56899594888536
            ],
            "SE": [
                0.645432687469329,
                0.495860230690514,
                0.547300830953539,
                0.510529407686737,
                0.523705404311899,
                0.486168427775422,
                0.880486982553015,
                0.705044209173219,
                0.847897685808851
            ]
        },
        {
            "mean": [
                -0.789107251158447,
                0.427242878077636,
                -0.928535298703278,
                1.74076353451669,
                -2.34986158774818,
                -1.06708792316993,
                -1.32794390231477,
                -2.13945743583036,
                0.734317100136465
            ],
            "median": [
                -0.789317639244713,
                0.417055629004419,
                -0.924575888507627,
                1.74856583066118,
                -2.3477716961653,
                -1.0636862577398,
                -1.331902117844,
                -2.14072613955718,
                0.741031503823896
            ],
            "SE": [
                0.542129729718913,
                0.334611329152393,
                0.315000181606834,
                0.292940420435241,
                0.304289840904908,
                0.310533103779062,
                0.559746987886198,
                0.296717464932529,
                0.301412411116332
            ]
        },
        {
            "mean": [
                -0.267122946136111,
                -0.232941537471137,
                0.491583096750371,
                0.855729322616627,
                0.777037360508425,
                0.981261182062883,
                0.388537871661255,
                -2.49830701380175,
                -0.08718859698471
            ],
            "median": [
                -0.328208064861977,
                -0.23550468648982,
                0.552264895941965,
                0.845227713827699,
                0.78532547703516,
                0.983350897458281,
                0.43577196673107,
                -2.49154510128975,
                -0.129523051917777
            ],
            "SE": [
                0.683194374587656,
                0.347307228227037,
                0.441960760591552,
                0.316701070149525,
                0.304805637120676,
                0.319049943463959,
                0.635810489141179,
                0.312867394526691,
                0.377511065114617
            ]
        },
        {
            "mean": [
                1.64510652828257,
                -1.64321402872091,
                3.62214847666136,
                1.54886908430835,
                -2.14766506339341,
                2.04856088458119,
                -1.07759815553966,
                -0.323768508713541,
                1.48817130956853
            ],
            "median": [
                1.649265900008,
                -1.65382126683735,
                3.62566655442867,
                1.55177752170661,
                -2.15128876814134,
                2.05313106865024,
                -1.08136147133913,
                -0.330573864792548,
                1.492254227938
            ],
            "SE": [
                0.549023738829494,
                0.339501999354937,
                0.307980136530869,
                0.296169784515842,
                0.29872868676839,
                0.306411493160441,
                0.561037584381211,
                0.313868325028353,
                0.291884400090653
            ]
        },
        {
            "mean": [
                -0.116551669483509,
                -0.212577388361637,
                0.287208846466419,
                1.34773115963215,
                -1.18401887567939,
                1.50700458227249,
                0.629014233015467,
                -1.33136575904876,
                1.29961829555241
            ],
            "median": [
                -0.00905397972181568,
                -0.207557415658137,
                0.2868367126074,
                1.37064113105625,
                -1.17961250914248,
                1.51063043580221,
                0.811020298090165,
                -1.3332206041678,
                1.30725408028865
            ],
            "SE": [
                0.720967304824791,
                0.343923617920215,
                0.318069121307246,
                0.431587882237744,
                0.296589259756006,
                0.315217975852771,
                0.888628084098046,
                0.316840639791851,
                0.3113239302985
            ]
        },
        {
            "mean": [
                0.793480965965981,
                0.566827598756407,
                1.13710220196688,
                1.39638633412994,
                0.870227430902724,
                1.81058483994919,
                -0.0295604682532763,
                0.0231420726988409,
                -1.10364373643774
            ],
            "median": [
                0.842530856944353,
                0.567785880563766,
                1.20616850006995,
                1.2530981927032,
                0.852770948996773,
                2.11978418514146,
                0.0209641466854222,
                -0.225823480538458,
                -1.15695214187312
            ],
            "SE": [
                0.644009875050692,
                0.343589342284111,
                0.476324139436467,
                0.649859746132468,
                0.394310388523635,
                0.803305026268106,
                1.0943691137756,
                0.791616485124745,
                0.424115157704335
            ]
        },
        {
            "mean": [
                -2.21510690182413,
                -1.68015480296208,
                2.59169689522976,
                0.677931930119943,
                -3.49877474657272,
                0.97896994042606,
                0.324924282773428,
                0.0825488291920305,
                2.54800236713653
            ],
            "median": [
                -2.22393055147214,
                -1.67045330485308,
                2.58422060631096,
                0.68958942219279,
                -3.49396282592302,
                0.977800857214322,
                0.326403681457266,
                0.0832130012876301,
                2.55048170855329
            ],