{
    "uid": "60e14cdf-6a16-4f0f-bfab-5f8a02fbca34",
    "scenario_uid": "b56e398eaedbdad34cec9e8a634c0fba",
    "iteration_uid": "1bc21ebd8e7794bc78bef1f93cc483c4",
    "PD_subj": [
        {
            "mean": [
                -0.429840844169955,
                -1.38873501518846,
                2.15839842638119,
                -0.5965545569982,
                -4.15300294277235,
                -0.52012034614802,
                -1.66924655689126,
                -1.12866262461677,
                0.252710239311709
            ],
            "median": [
                -0.43171004621214,
                -1.38357590486329,
                2.15120630364869,
                -0.605470330206481,
                -4.14921021937316,
                -0.523015201773058,
                -1.66491590334641,
                -1.12980064927308,
                0.249329589773682
            ],
            "SE": [
                0.293461948267047,
                0.305171741250816,
                0.321030320292961,
                0.277552774277561,
                0.299019083199586,
                0.285810342159996,
                0.300855202707624,
                0.314898409332914,
                0.307308272071265
            ]
        },
        {
            "mean": [
                0.855906005466241,
                2.08524420754931,
                3.63279870690058,
                0.689087424585595,
                -1.61066751956787,
                0.918513741378791,
                -0.537658390291259,
                0.932372312073706,
                1.65052029152391
            ],
            "median": [
                0.856668455391071,
                2.09369897146148,
                3.63956779245427,
                0.684689881902967,
                -1.61205177926022,
                0.917932912984887,
                -0.53351111655654,
                0.931906276440181,
                1.66039239297326
            ],
            "SE": [
                0.294707243228088,
                0.298285418130649,
                0.303435804359412,
                0.276880415913416,
                0.289640474142708,
                0.284846733912446,
                0.309091647586255,
                0.315379325858544,
                0.309334794883426
            ]
        },
        {
            "mean": [
                -0.281763585071024,
                0.49092874857191,
                -0.946665654458931,
                0.791105686821196,
                -2.2168644091122,
                -1.07765053554653,
                1.43837019120515,
                -1.14876839754489,
                -2.4684090044802
            ],
            "median": [
                -0.277322502500772,
                0.496024091440693,
                -0.944672257302745,
                0.793854240810337,
                -2.2222371463185,
                -1.07889970026669,
                1.44377711099504,
                -1.14410115666852,
                -2.46412280924167
            ],
            "SE": [
                0.295598448147341,
                0.303807299162035,
                0.305467936089222,
                0.287393634270736,
                0.288529211651969,
                0.287698543443196,
                0.29771323509679,
                0.326246740349659,
                0.295364510473762
            ]
        },
        {
            "mean": [
                1.14590791603724,
                1.08389816593855,
                -1.01241881332131,
                1.13544153008766,
                -3.4975878777254,
                -0.385516398532768,
                0.348689136148735,
                -1.58932568300493,
                -2.49826153536214
            ],
            "median": [
                1.14884336733791,
                1.08290363689993,
                -1.02026573902819,
                1.13281955071887,
                -3.49676754743963,
                -0.380945969076567,
                0.337515936852316,
                -1.59262566482349,
                -2.48956844907717
            ],
            "SE": [
                0.290506627678086,
                0.301554394572376,
                0.315684702411449,
                0.278685374264848,
                0.297225912309234,
                0.286631272526606,
                0.300685859761091,
                0.309665181747896,
                0.301751370087318
            ]
        },
        {
            "mean": [
                0.185738678436425,
                -3.62283014937447,
                0.949138672401756,
                2.66450706344916,
                -2.36956919256519,
                -0.116383361079391,
                1.90120856209443,
                -1.48167978611879,
                -0.226917733130374
            ],
            "median": [
                0.195690926195678,
                -3.62290594456329,
                0.946802410415681,
                2.66905979387181,
                -2.36959404937016,
                -0.115818708068402,
                1.89875390146915,
                -1.47651857388931,
                -0.206340331585617
            ],
            "SE": [
                0.293430695379937,
                0.294177259118732,
                0.763530276926521,
                0.274945136268341,
                0.289676909750239,
                0.448489175935923,
                0.313434826463897,
                0.315330612787594,
                0.600748055980096
            ]
        },
        {
            "mean": [
                -2.78162047457143,
                1.95389445182789,
                4.18789766222397,
                0.868324265287935,
                -1.71497675462918,
                1.02564562390914,
                2.50036107989632,
                -0.160507032232189,
                -0.419335395716892
            ],
            "median": [
                -2.78260289159391,
                1.9542646131908,
                4.184117314052,
                0.868179977324606,
                -1.71783318891246,
                1.02345605393634,
                2.50427464123683,
                -0.156295163634303,
                -0.421121046697412
            ],
            "SE": [
                0.307913576167056,
                0.300497101215199,
                0.30508975772692,
                0.285624612842693,
                0.288892810844209,
                0.272655747277114,
                0.295272590919271,
                0.309454560199866,
                0.298825872945435
            ]
        },
        {
            "mean": [
                1.62241698556517,
                -1.28601383824512,
                3.16441104125003,
                0.276150532225367,
                -1.00209746267513,
                -2.41654502172434,
                1.15655036560135,
                -2.02139951706609,
                1.17611893457649
            ],
            "median": [
                1.62080379811608,
                -1.29671984658296,
                3.16159405109112,
                0.284921708866238,
                -1.00509748292607,
                -2.41242086180477,
                1.15651593737517,
                -2.01580061151633,
                1.17073401368384
            ],