{
    "uid": "1bb61d63-ce7c-4650-9444-16b929706731",
    "scenario_uid": "b56e398eaedbdad34cec9e8a634c0fba",
    "iteration_uid": "1cb17fe995d79a853123d1de463dee90",
    "PD_subj": [
        {
            "mean": [
                0.456125027211786,
                -0.493021629323436,
                -0.340856333306775,
                1.68558269559945,
                -1.52264776349177,
                -1.48655894966712,
                1.65274170000019,
                -1.160845863973,
                -1.21331108180707
            ],
            "median": [
                0.454853572104608,
                -0.504455681969489,
                -0.383248346739687,
                1.68212361801935,
                -1.50919666945779,
                -1.53543746856895,
                1.65381830580756,
                -1.11061294219331,
                -1.21723452320928
            ],
            "SE": [
                0.310899713067939,
                0.395284379657607,
                0.573420405996703,
                0.281225562703332,
                0.38151472800696,
                0.478668698340481,
                0.276052674887382,
                0.528247719969199,
                0.568592503367148
            ]
        },
        {
            "mean": [
                0.427196441927244,
                -3.16919887836457,
                2.50864544530323,
                -0.81877836322416,
                -1.85330335566903,
                -0.191261275605817,
                1.35015736304589,
                -0.695830122393973,
                -1.97254190833363
            ],
            "median": [
                0.426489414778643,
                -3.16154920658885,
                2.51395235639631,
                -0.821514998558345,
                -1.85663651613108,
                -0.193386928422126,
                1.33808680595888,
                -0.689512847768072,
                -1.97068622737205
            ],
            "SE": [
                0.301720687498676,
                0.297752607311197,
                0.307384493216738,
                0.288502159332512,
                0.309661140743007,
                0.283052833697733,
                0.278335013520345,
                0.298517342035049,
                0.305346429472439
            ]
        },
        {
            "mean": [
                0.846119506917968,
                0.142148129353634,
                1.28130985405527,
                0.671841594725352,
                -1.9227318833297,
                0.984391255290871,
                2.77938592505343,
                -3.95135408331678,
                0.196616405634648
            ],
            "median": [
                0.846310502564788,
                0.143423642423208,
                1.27973823695282,
                0.669103610086119,
                -1.91965746733815,
                0.989160847020033,
                2.77441860470173,
                -3.9421880118613,
                0.194333563174028
            ],
            "SE": [
                0.302889856481984,
                0.292698569875076,
                0.306616261791172,
                0.298083219253265,
                0.298324302757806,
                0.279813355853241,
                0.280198052191709,
                0.296938548556873,
                0.307429800063303
            ]
        },
        {
            "mean": [
                -0.707871101153097,
                0.478700302378104,
                0.824369662144392,
                0.928647473671181,
                -2.96041332445694,
                -0.216521936976974,
                0.474085148226359,
                -3.51744022720662,
                -0.851763320801327
            ],
            "median": [
                -0.70898249007617,
                0.483564276579356,
                0.819817431081428,
                0.935997209126334,
                -2.96935156636506,
                -0.212445322560054,
                0.479574592484319,
                -3.51136314767451,
                -0.849237777167599
            ],
            "SE": [
                0.298856025355255,
                0.286652763274724,
                0.31189389638731,
                0.29300092590877,
                0.300511489064954,
                0.282253107145953,
                0.292324308529443,
                0.302634333473183,
                0.309706602913109
            ]
        },
        {
            "mean": [
                -2.60810665011488,
                0.322434678530891,
                2.25421611417559,
                1.10437925230801,
                0.325736965432881,
                -0.416077790514632,
                2.23430061302985,
                -2.38057809533672,
                -4.12203427182423
            ],
            "median": [
                -2.61283606966324,
                0.315332413775613,
                2.26747851271456,
                1.10668125574634,
                0.321310226643936,
                -0.41383343708344,
                2.23512997633234,
                -2.3743923519024,
                -4.12864584032983
            ],
            "SE": [
                0.29750098009478,
                0.294136674081533,
                0.316429909471985,
                0.293476161309369,
                0.296531214646862,
                0.284713859563514,
                0.28220048803175,
                0.303571300254543,
                0.308674317672086
            ]
        },
        {
            "mean": [
                -1.67392148513187,
                0.153660796851842,
                4.08094917999494,
                0.552405332198437,
                -2.95549467947931,
                0.0755891404610604,
                1.05109777612415,
                -2.18020867653361,
                -0.639362644340454
            ],
            "median": [
                -1.67158797009242,
                0.148838169782739,
                4.08642695848978,
                0.55572758477736,
                -2.95454512966587,
                0.0722254629484547,
                1.0483526606698,
                -2.18070179386746,
                -0.639498357306946
            ],
            "SE": [
                0.300418242242154,
                0.287855186458338,
                0.302109365802467,
                0.303444662137882,
                0.302002526666185,
                0.283806691043671,
                0.285597715773227,
                0.305619590047796,
                0.307193282904402
            ]
        },
        {
            "mean": [
                1.23912080466821,
                1.14698213665322,
                1.1074327409059,
                1.37194651469882,
                0.640167594501555,
                0.651137618668026,
                4.13153334838613,
                -0.188650016616123,
                -0.177720052897076
            ],
            "median": [
                1.23626356581854,
                1.25547398932133,
                1.21667983129596,
                1.36772666887203,
                0.636543308470908,
                0.6525118051666,
                4.14030380225792,
                -0.199260861115881,
                -0.185644697394389
            ],