{
    "uid": "084cd2ad-29a2-4d3b-b394-2735ed743b0e",
    "scenario_uid": "b56e398eaedbdad34cec9e8a634c0fba",
    "iteration_uid": "1ea5ee6167559ef34048346ab090d3bd",
    "PD_subj": [
        {
            "mean": [
                1.40494217598602,
                0.0722676772655368,
                -0.0987846883766919,
                -2.25189045536387,
                -2.60031565192473,
                0.690872284625472,
                -0.309600474770698,
                -1.32551970984837,
                0.590234833243099
            ],
            "median": [
                1.40774969358159,
                0.0658223516219451,
                -0.0995943554611277,
                -2.24944633850622,
                -2.60063092535879,
                0.69764589701117,
                -0.312293862840952,
                -1.32326983728744,
                0.594202019777523
            ],
            "SE": [
                0.297195728707838,
                0.296671823792563,
                0.292108765043423,
                0.299060553660973,
                0.295452042544833,
                0.300688150900093,
                0.301358014079857,
                0.306584156649077,
                0.293073092887425
            ]
        },
        {
            "mean": [
                1.09268241432282,
                -0.452365579521286,
                2.86187830402843,
                1.79089257350604,
                0.0398217835501911,
                2.27930142236672,
                3.83960225723512,
                1.49709388068669,
                -0.181989832290398
            ],
            "median": [
                1.09364840100928,
                -0.454018986213348,
                2.86190404997261,
                1.78218507066011,
                0.0367435103288153,
                2.26636298992945,
                3.83980866651716,
                1.49364538183543,
                -0.181360102681642
            ],
            "SE": [
                0.295382266556767,
                0.293138927313527,
                0.287699493961324,
                0.302443898303793,
                0.299131244567355,
                0.292898688951487,
                0.303818612787914,
                0.300270105657636,
                0.291843581430097
            ]
        },
        {
            "mean": [
                -2.2265394891628,
                -2.66358388736358,
                0.573491651933884,
                0.772479073258735,
                -3.0996730470961,
                -0.580621984144566,
                1.39078160256724,
                -2.70399448377208,
                -1.29908219120487
            ],
            "median": [
                -2.22924394424436,
                -2.65689736306964,
                0.58001842617756,
                0.778683282064376,
                -3.10037696483292,
                -0.581479491236057,
                1.38891587980336,
                -2.69620359356435,
                -1.30335465801489
            ],
            "SE": [
                0.298692055747613,
                0.303503352084552,
                0.289994644975018,
                0.301334890526801,
                0.300855121857484,
                0.295519134760161,
                0.302107277425858,
                0.303163789324888,
                0.296208974163735
            ]
        },
        {
            "mean": [
                -1.33020578244691,
                0.609105199234913,
                2.07399167608379,
                0.983587159122539,
                -2.83530275780717,
                -0.542872342616192,
                3.02942193052969,
                -0.26300259170057,
                -0.296241980852692
            ],
            "median": [
                -1.32981415357605,
                0.612684416867754,
                2.08513838183917,
                0.978933171325659,
                -2.8358587005557,
                -0.536743601604819,
                3.02948082008704,
                -0.262300429702224,
                -0.286321831480574
            ],
            "SE": [
                0.294886521374482,
                0.29920129600741,
                0.2912711731338,
                0.305361675060205,
                0.301752077053516,
                0.293816086080675,
                0.305251587660464,
                0.30675423352264,
                0.295430141896795
            ]
        },
        {
            "mean": [
                0.780072510250874,
                0.357875793346665,
                0.684787618635665,
                -1.95385938082275,
                -2.99658860068802,
                -1.51839206816838,
                0.208617625362647,
                -3.26418362525158,
                2.03419652184043
            ],
            "median": [
                0.780834343445053,
                0.356692646056849,
                0.680338031481367,
                -1.95407304146182,
                -2.98838788063099,
                -1.51287142587849,
                0.208275711668462,
                -3.26381553480356,
                2.03586609632985
            ],
            "SE": [
                0.300153547074168,
                0.293943015975598,
                0.291763452104845,
                0.298038413441928,
                0.297894403902264,
                0.296090566877194,
                0.302587372997943,
                0.305975276197163,
                0.298157194319631
            ]
        },
        {
            "mean": [
                -1.65536816995314,
                -2.47109526536321,
                -0.0125552638669635,
                2.10175303887879,
                -0.777226706400406,
                -1.22987062384832,
                -1.02724387327321,
                -2.73630939217176,
                -0.466785435914454
            ],
            "median": [
                -1.65442129178809,
                -2.47757661431126,
                -0.0100324266251096,
                2.10177772845548,
                -0.781066204134273,
                -1.22813098885715,
                -1.02481799549132,
                -2.73819776941293,
                -0.474785609997081
            ],
            "SE": [
                0.298976259349787,
                0.293284021181753,
                0.289013618072404,
                0.294729549279526,
                0.29389269113204,
                0.297264163291074,
                0.305441149872545,
                0.308980706215079,
                0.296396056712335
            ]
        },
        {
            "mean": [
                2.34740700799627,
                -1.40874619125669,
                1.05489391004875,
                3.57445744137921,
                -1.29051329209748,
                -1.46442514205734,
                1.05274233990615,
                -2.07151580482224,
                2.11989086129445
            ],
            "median": [
                2.34887893024413,
                -1.41316118256108,
                1.05736543100525,
                3.57551221887538,
                -1.29692620207121,
                -1.46175289082365,
                1.05192247862579,
                -2.07516743948754,
                2.11347633880816
            ],