{
    "uid": "b51e6ee6-7061-462c-b748-4d15dbb9f6a7",
    "scenario_uid": "b56e398eaedbdad34cec9e8a634c0fba",
    "iteration_uid": "1f74028def7b9b9fdedf28fa50aa8f6b",
    "PD_subj": [
        {
            "mean": [
                -0.113907624970637,
                -0.513519882805787,
                -3.13046909120434,
                -0.86341256149211,
                -0.869069645283026,
                -1.05605907314338,
                1.19981845356045,
                -0.648362590239282,
                0.337846534921378
            ],
            "median": [
                -0.119839753521912,
                -0.510531518089251,
                -3.13145259948012,
                -0.859936999851026,
                -0.877440907028268,
                -1.04882301511167,
                1.19716974469443,
                -0.644624547592325,
                0.3423994219852
            ],
            "SE": [
                0.29616706090995,
                0.273608956430648,
                0.318898489438849,
                0.284431348663163,
                0.303313304525755,
                0.285509213810321,
                0.274211635211032,
                0.294521956673986,
                0.289636765235107
            ]
        },
        {
            "mean": [
                -0.83314987648341,
                -0.821961593117834,
                2.05098917234338,
                -0.251192665132469,
                -0.260665591233268,
                -2.31705585867358,
                -0.150728047977645,
                -0.157226361503745,
                -0.32078991003807
            ],
            "median": [
                -0.847313953354088,
                -0.817262554369575,
                2.05131624003636,
                -0.248961083178096,
                -0.255685236142037,
                -2.31870021581546,
                -0.15442300008437,
                -0.152235821654872,
                -0.308283344014652
            ],
            "SE": [
                0.299587167498337,
                0.302799667977383,
                0.320913273939392,
                0.296478905626528,
                0.320175353092771,
                0.286769878399686,
                0.297431118318756,
                0.315672341764205,
                0.289007180300914
            ]
        },
        {
            "mean": [
                -0.773594499406048,
                1.19081950098498,
                -3.17435184440802,
                -2.44605247834406,
                0.962047143568469,
                -0.56270601113586,
                0.140927361922751,
                -2.39431669295628,
                0.810866118235922
            ],
            "median": [
                -0.783069947995532,
                1.18972694769554,
                -3.17097090486082,
                -2.44836394554758,
                0.972835616623189,
                -0.574970561878336,
                0.13472270235689,
                -2.38337989417625,
                0.817914728310073
            ],
            "SE": [
                0.286051485965868,
                0.284162856479072,
                0.328793893944904,
                0.281863115156223,
                0.297615069263929,
                0.291354590461338,
                0.284510744418,
                0.298307581694173,
                0.304028667786448
            ]
        },
        {
            "mean": [
                -0.216883880974688,
                -1.7781602560823,
                -0.106047071270716,
                0.946903782657247,
                -2.23664867237286,
                -0.372936176639872,
                1.32473447452316,
                0.0240543044373089,
                -1.60897824228927
            ],
            "median": [
                -0.210441188969816,
                -1.77737820840976,
                -0.0960206059963228,
                0.94701756699506,
                -2.23797035905814,
                -0.377341252758204,
                1.32548829591718,
                0.0258800859756949,
                -1.61376603362494
            ],
            "SE": [
                0.288741363782168,
                0.281120806865206,
                0.321560416735767,
                0.283845870051132,
                0.304975423830762,
                0.29205220752596,
                0.280848545590837,
                0.291519985324219,
                0.293008312213733
            ]
        },
        {
            "mean": [
                -1.71723758512132,
                -1.70142779176114,
                -0.132120599756206,
                -2.05446018049059,
                -2.06036617886799,
                -1.11746066094734,
                0.828079633202146,
                0.835026844929582,
                -0.887617570934165
            ],
            "median": [
                -1.70896727897985,
                -1.70559814580917,
                -0.125814792741516,
                -2.07044512473249,
                -2.05438131325512,
                -1.11594339132556,
                0.838003546154036,
                0.82889523014569,
                -0.88931397901237
            ],
            "SE": [
                0.295297109805511,
                0.301611000126106,
                0.324977037925932,
                0.29151195917248,
                0.323852596233569,
                0.279531932714035,
                0.289633174746992,
                0.32094161098517,
                0.294611113511089
            ]
        },
        {
            "mean": [
                1.93912463252113,
                0.911721230969915,
                1.06631022494096,
                0.918364461006705,
                -2.11892788759598,
                -1.06224429384144,
                0.652632916681447,
                -1.9678885407056,
                0.519017992173739
            ],
            "median": [
                1.93450961994856,
                0.91034117703235,
                1.07147726526465,
                0.923890753749629,
                -2.12039020593221,
                -1.0632103677549,
                0.651268460208408,
                -1.95816619278443,
                0.517598058309883
            ],
            "SE": [
                0.278127197520447,
                0.276679257755947,
                0.322763032938457,
                0.286166696195537,
                0.301344057519308,
                0.296124556463809,
                0.288054942408839,
                0.288311995416835,
                0.30061020040792
            ]
        },
        {
            "mean": [
                0.778438765063435,
                -1.62788557935825,
                0.314523104110476,
                0.599425681037645,
                2.3318051410521,
                0.392730267257526,
                0.56814493557451,
                -1.6789136566869,
                0.382020052261413
            ],
            "median": [
                1.08446099473887,
                -1.62845131773814,
                0.0442758702386103,
                0.644262319824978,
                2.32744357340832,
                0.352259168356488,
                0.595075398875346,
                -1.67232622019345,
                0.350648875289105
            ],