{
    "uid": "eba2af93-f43e-4507-acbf-77e7d5f943ef",
    "scenario_uid": "b56e398eaedbdad34cec9e8a634c0fba",
    "iteration_uid": "203da529cad475cac54cf00a7d6142a5",
    "PD_subj": [
        {
            "mean": [
                0.184919603580928,
                -0.819771391311018,
                1.04281119201317,
                1.13439663407518,
                -0.996238725735735,
                1.41587270303259,
                0.221288164606169,
                -3.30993068859308,
                -2.21430563082289
            ],
            "median": [
                -0.191608512391844,
                -0.809627007305723,
                1.04616421361288,
                1.08191700118976,
                -1.00923165236063,
                1.42532217898411,
                0.832454403082795,
                -3.30497732026413,
                -2.26500401697972
            ],
            "SE": [
                1.08150470092971,
                0.28170372141341,
                0.318878915769859,
                0.534725772803837,
                0.29535573352281,
                0.332389899018413,
                1.36141189174392,
                0.31827578232107,
                0.488590054073788
            ]
        },
        {
            "mean": [
                -0.470686582434739,
                -0.500386631443792,
                2.53960316403292,
                -0.346578133332415,
                -1.34526111568952,
                -1.51325474196982,
                1.08454013458505,
                0.341743364165538,
                0.0214397680467151
            ],
            "median": [
                -0.445560809280981,
                -0.499272859864545,
                2.53175929954459,
                -1.03713511791128,
                -1.35081255549519,
                -1.51149451973009,
                1.14267673682219,
                0.205712875261673,
                0.0259928742597072
            ],
            "SE": [
                0.39450561122259,
                0.327117004166458,
                0.300580979670729,
                1.3546350157616,
                0.302377264861649,
                0.315262782293891,
                0.496145094017002,
                0.63453681248481,
                0.433893961114968
            ]
        },
        {
            "mean": [
                -0.882550658322283,
                -1.56701720536224,
                -1.52755652706813,
                1.21469237812036,
                -1.83206980783673,
                -1.56730098488032,
                1.67174239959172,
                -0.774874286085779,
                -0.70488217782776
            ],
            "median": [
                -0.892187497620468,
                -1.52522132529811,
                -1.68854108025015,
                1.21283416834577,
                -1.89004959645558,
                -1.54843102434158,
                1.67747865187577,
                -0.771830075215971,
                -0.769451587116518
            ],
            "SE": [
                0.285998227731665,
                0.455076104699712,
                0.835890581002701,
                0.30148117077254,
                0.486243272852113,
                0.607957406196573,
                0.3035824355137,
                0.343892236203511,
                0.54588018216686
            ]
        },
        {
            "mean": [
                -1.74293685495043,
                0.423405799781491,
                -0.449679938189822,
                1.86308887772467,
                -1.81741954146059,
                0.0100285808543888,
                2.78744518342031,
                -4.09770839235703,
                0.996154714589393
            ],
            "median": [
                -1.74145977615388,
                0.425100145119879,
                -0.453292612324887,
                1.86065123568547,
                -1.81858767435222,
                0.0105895192430813,
                2.78658934267969,
                -4.0988687600834,
                0.995610039328248
            ],
            "SE": [
                0.288829140744353,
                0.29022696550292,
                0.310809571100025,
                0.31093313762801,
                0.300666836639069,
                0.31739068621573,
                0.292474442062217,
                0.330138416772996,
                0.437192264919133
            ]
        },
        {
            "mean": [
                0.0390136446447717,
                -0.864450358864419,
                0.270049310995568,
                4.82596218196632,
                0.264987679723404,
                0.660248790097634,
                2.69485488003998,
                -4.1779769209526,
                3.31112465628781
            ],
            "median": [
                0.0419085755270437,
                -0.859996351820182,
                0.271254175655442,
                4.82040231811572,
                0.274809487370176,
                0.658805211813319,
                2.69904895851603,
                -4.18561653559673,
                3.30088656236739
            ],
            "SE": [
                0.282982580063096,
                0.299725952228918,
                0.302630483897464,
                0.308958107699969,
                0.309233882661513,
                0.310846856977541,
                0.307469457885888,
                0.321111650988316,
                0.443154668113807
            ]
        },
        {
            "mean": [
                0.0861352741573151,
                0.330461978042522,
                0.865607675059721,
                2.28849048140111,
                -3.39635498288375,
                -1.59404934075368,
                0.62959241482391,
                -2.41087703340142,
                0.643106714576088
            ],
            "median": [
                0.0748103415914285,
                0.332912048784435,
                0.858278980344523,
                2.28906122340344,
                -3.39255279137757,
                -1.60058602023207,
                0.630215173578395,
                -2.41445654028719,
                0.645281486188164
            ],
            "SE": [
                0.288093438404058,
                0.296217169592089,
                0.301433531887769,
                0.31536783552652,
                0.293567579666677,
                0.304466387520489,
                0.304818664296222,
                0.317720100088548,
                0.442775588675217
            ]
        },
        {
            "mean": [
                -1.40750173726727,
                -1.36054597398784,
                -0.800177123219057,
                0.52691077302069,
                0.484744165000254,
                -0.419985159625981,
                -0.714052759036792,
                -0.646209618262816,
                -2.44670453060163
            ],
            "median": [
                -1.41911430379291,
                -1.33819219427138,
                -0.799100350794621,
                0.572583862134333,
                0.458119442555054,
                -0.420391584644767,
                -0.777446929984444,
                -0.604439287025774,
                -2.46727053556248
            ],