{
    "uid": "ddd0c136-2ce7-4186-9cf7-d02091301b2f",
    "scenario_uid": "b56e398eaedbdad34cec9e8a634c0fba",
    "iteration_uid": "2068dc4f21b0e9a2394c9fd6595f5bf4",
    "PD_subj": [
        {
            "mean": [
                -1.62784009100907,
                0.0695189601267991,
                2.02802084950642,
                2.92893198157515,
                -1.07910180521351,
                -0.481909821027163,
                -0.99316211291972,
                -3.66420996830001,
                -1.06328303547123
            ],
            "median": [
                -1.62988443829149,
                0.073621727027879,
                2.0327551569384,
                2.92636873513779,
                -1.09107540920908,
                -0.47468724699108,
                -0.995644382661401,
                -3.66564222918702,
                -1.06189160507113
            ],
            "SE": [
                0.317482420668866,
                0.291304450166473,
                0.295188835490428,
                0.729483316763833,
                0.303885371392609,
                0.312007509722772,
                0.304663664869146,
                0.288036609858467,
                0.300555515541517
            ]
        },
        {
            "mean": [
                -0.184910664456389,
                -2.92666302437854,
                0.531437400433425,
                1.97013518075361,
                1.19185297949878,
                -1.11603955955724,
                2.41609098281898,
                -1.16965601302125,
                0.99973678307053
            ],
            "median": [
                -0.194974818693416,
                -2.93083778277747,
                0.53106084147563,
                1.95948956040837,
                1.18204050836007,
                -1.11319835717661,
                2.41696669709041,
                -1.16627190950061,
                0.997466743337885
            ],
            "SE": [
                0.324266041979387,
                0.297744528844974,
                0.289914009969472,
                0.721923579983602,
                0.306653213150749,
                0.296374999123997,
                0.314647545329865,
                0.28855575624268,
                0.309015001642836
            ]
        },
        {
            "mean": [
                -2.17342031997816,
                -1.35129072633532,
                -0.523535023929324,
                2.5835697901729,
                -1.80640974816425,
                0.98157164763378,
                0.895021540653706,
                -1.78618009573357,
                -0.950998622388936
            ],
            "median": [
                -2.16781633799805,
                -1.34950066585574,
                -0.51523828577745,
                2.58618961520165,
                -1.80005118342754,
                0.97326152094027,
                0.900527442242846,
                -1.78497995419838,
                -0.94939255392083
            ],
            "SE": [
                0.315904539055034,
                0.296967044208925,
                0.293845492717363,
                0.746613368361442,
                0.295379061139016,
                0.304338308614077,
                0.302357972399634,
                0.294605990432365,
                0.295588297012166
            ]
        },
        {
            "mean": [
                -0.650572900968185,
                0.187782097986054,
                0.175820646126563,
                0.381801745814636,
                1.50290914129192,
                1.50054666314254,
                2.39312213672059,
                0.0212527628042613,
                0.0272061876350423
            ],
            "median": [
                -0.645083366312306,
                0.190838200370071,
                0.174886751319956,
                0.370374123297308,
                1.49247678777165,
                1.49339823660308,
                2.38582364557741,
                0.0324858513036638,
                0.0338023667331528
            ],
            "SE": [
                0.32663403109437,
                0.302651093756659,
                0.308489543855995,
                0.718178259303199,
                0.308367471052656,
                0.320686191395283,
                0.310521881911017,
                0.300074046921746,
                0.320257980968022
            ]
        },
        {
            "mean": [
                0.517635216279714,
                -1.68636568135496,
                2.40983022481146,
                2.24558678915848,
                -1.5007107075251,
                -0.69388591313063,
                0.803158413833601,
                0.866217795377365,
                0.0193176512815644
            ],
            "median": [
                0.507021827944761,
                -1.68736138129426,
                2.41117227716935,
                2.25575470008099,
                -1.50125467621817,
                -0.690229099851586,
                0.800006868824795,
                0.873922862895629,
                0.0189364833614896
            ],
            "SE": [
                0.322953072115604,
                0.298923282740942,
                0.298971608463954,
                0.738973106744289,
                0.296080565733525,
                0.301282947886935,
                0.310019143184297,
                0.287395355042819,
                0.294171699899797
            ]
        },
        {
            "mean": [
                -1.29613897968168,
                -1.54767131466312,
                -1.90819628135359,
                -0.475854738257891,
                -2.41811585543708,
                1.02083714598297,
                1.48148307740802,
                -0.197120372014943,
                0.661461933493883
            ],
            "median": [
                -1.29313370227653,
                -1.54141444578984,
                -1.91836869558482,
                -0.471470635605229,
                -2.41525611479335,
                1.02437795480575,
                1.48172932544277,
                -0.195162841597734,
                0.656849382942979
            ],
            "SE": [
                0.322600266123434,
                0.298308524697631,
                0.307301846643508,
                0.741347557901164,
                0.295103230604722,
                0.301474696039853,
                0.320914902500587,
                0.300674229939177,
                0.29122286871712
            ]
        },
        {
            "mean": [
                0.628957053046224,
                -2.29726570700925,
                1.35598432696516,
                2.66935183453422,
                -1.11499789399837,
                1.79061582515568,
                0.635176761475185,
                -0.415658348251322,
                -3.74839364656913
            ],
            "median": [
                0.638328205959433,
                -2.29889457991627,
                1.35602342903307,
                2.65887506784386,
                -1.10735597398541,
                1.78740857827772,
                0.640709032404519,
                -0.41782581821529,
                -3.74942306486264
            ],