{
    "uid": "e2892f58-2a79-435d-977b-42e11f6c6634",
    "scenario_uid": "b56e398eaedbdad34cec9e8a634c0fba",
    "iteration_uid": "21f1db03477dada889fa450377facb79",
    "PD_subj": [
        {
            "mean": [
                1.54974115765264,
                -1.22592594492664,
                1.28551801512125,
                1.54021170076565,
                0.900472079668993,
                -2.11542641784911,
                1.67222426563705,
                -3.62689322619652,
                0.595746627275463
            ],
            "median": [
                1.54424465502644,
                -1.22555208617716,
                1.28409712124379,
                1.54402425430186,
                0.899892542113912,
                -2.11814021154989,
                1.66693398759824,
                -3.62282970500423,
                0.58832052026841
            ],
            "SE": [
                0.324346596141062,
                0.30398931156147,
                0.286904182852206,
                0.322889533545757,
                0.305798315171554,
                0.305554033597598,
                0.319860499477,
                0.29609389458852,
                0.291955053333495
            ]
        },
        {
            "mean": [
                1.19717254877757,
                -1.46072787617612,
                1.84135134565842,
                3.15787070362055,
                -0.342800601867981,
                -0.74049908550537,
                -0.944772297697588,
                -2.07427878323208,
                -2.35677111798532
            ],
            "median": [
                1.2012016286606,
                -1.45524173240072,
                1.84691542707661,
                3.15937087135705,
                -0.332508595136957,
                -0.738955953296598,
                -0.940557882726497,
                -2.07753147356545,
                -2.34614251456933
            ],
            "SE": [
                0.322664093400689,
                0.307964605004475,
                0.298290161385171,
                0.32123824692395,
                0.309249473117924,
                0.295554182588287,
                0.317604262683093,
                0.305207851894292,
                0.307928277536019
            ]
        },
        {
            "mean": [
                0.826244920581307,
                0.215098270693082,
                0.0916763673734968,
                -1.11783387714389,
                -3.09612999632272,
                0.213916985292504,
                -1.15460145473891,
                -0.104948819375905,
                -0.796032615539157
            ],
            "median": [
                0.821687468014195,
                0.216107214519043,
                0.0872811348832657,
                -1.11889418184057,
                -3.1076827589425,
                0.216833806674972,
                -1.14978703254892,
                -0.106680726801654,
                -0.795999545368094
            ],
            "SE": [
                0.325824725333048,
                0.303518585677945,
                0.305004077014364,
                0.309134938740463,
                0.29546614789673,
                0.305042962838989,
                0.319203585389258,
                0.304085206316491,
                0.299424134591548
            ]
        },
        {
            "mean": [
                1.15162044954413,
                -3.74672161770004,
                -0.655188581959339,
                2.1755172408987,
                -0.443454130228858,
                0.118604382600094,
                1.59224052376711,
                3.41256181923529,
                -2.64688660094269
            ],
            "median": [
                1.15810223189857,
                -3.74406818738816,
                -0.659540443899427,
                2.16841786258165,
                -0.445692031444482,
                0.105572876307217,
                1.59996553471424,
                3.40412650067971,
                -2.64241846034409
            ],
            "SE": [
                0.318265554454331,
                0.301163014316391,
                0.297733097165354,
                0.309469717193091,
                0.300459006696761,
                0.293953893172202,
                0.326536117603628,
                0.301091972131641,
                0.301966976750834
            ]
        },
        {
            "mean": [
                0.420346051473008,
                -0.949686130772306,
                -0.980297680222149,
                -0.417264914641747,
                -0.707101463312927,
                -0.608620519100581,
                1.58069490266789,
                -1.21406849673068,
                -1.14554688273751
            ],
            "median": [
                0.424226504564696,
                -0.948431300431127,
                -0.983479024503921,
                -0.417949266719532,
                -0.743413010953284,
                -0.495245342866951,
                1.5817978150973,
                -1.22010293698597,
                -1.13936223029132
            ],
            "SE": [
                0.32214411122289,
                0.325631060445265,
                0.341609569749338,
                0.31755762423634,
                0.594653727418395,
                0.588115810416121,
                0.324918298270039,
                0.416564998414139,
                0.428277620580887
            ]
        },
        {
            "mean": [
                -2.17986921422219,
                -1.71721638475288,
                1.9722121124342,
                0.959393318184574,
                -0.730820848882774,
                -1.00248924918462,
                0.200809182820386,
                -2.24072644209287,
                -2.08795913546946
            ],
            "median": [
                -2.1811360403176,
                -1.72261523495078,
                1.97103524425016,
                0.959587737528453,
                -0.72721915211904,
                -0.999037067008633,
                0.204556541836873,
                -2.24540244853591,
                -2.0964869350787
            ],
            "SE": [
                0.330521772983737,
                0.30206425429904,
                0.299907653108218,
                0.315656201472196,
                0.307749917624917,
                0.296915353680209,
                0.318449362631585,
                0.303939987191991,
                0.295838981446691
            ]
        },
        {
            "mean": [
                -0.142242985216928,
                -2.5791750974784,
                -0.809958402731213,
                4.09964556784288,
                -1.97258804725515,
                1.6851542387031,
                1.17303837599825,
                -1.07862584844122,
                1.27845533707317
            ],
            "median": [
                -0.140041379889297,
                -2.57255918932431,
                -0.813537279689446,
                4.1016509323626,
                -1.98261235939914,
                1.69125211954988,
                1.16949362827691,
                -1.08689892896378,
                1.2783266890075
            ],