{
    "uid": "ff7d724b-d9b8-453f-be91-98b003c4c699",
    "scenario_uid": "b56e398eaedbdad34cec9e8a634c0fba",
    "iteration_uid": "22ca9d4d645731eaa9cb6890e722dfd2",
    "PD_subj": [
        {
            "mean": [
                -1.54603310615536,
                -2.67969874755321,
                0.635578845759375,
                0.0851684458436001,
                -1.76802643465664,
                -1.14721887161387,
                0.225491825547377,
                -1.60671852186298,
                0.316420308940853
            ],
            "median": [
                -1.54404298490305,
                -2.67154657556581,
                0.633618856295607,
                0.0832776294360432,
                -1.76194948287332,
                -1.15091402547213,
                0.22586185604879,
                -1.60670071823727,
                0.312202190974545
            ],
            "SE": [
                0.282796956327135,
                0.290306273324419,
                0.294226108621989,
                0.307102229573166,
                0.292088558480111,
                0.304026124475056,
                0.304592064190139,
                0.279916998289647,
                0.295007243178869
            ]
        },
        {
            "mean": [
                -0.295617964842983,
                -0.392350830639493,
                2.79465657512232,
                0.511865911586094,
                0.416336208381828,
                -0.721410397965502,
                -0.283379695697423,
                -0.26042685238732,
                0.133830108425067
            ],
            "median": [
                -0.269949044725932,
                -0.485778700161936,
                2.79624451522338,
                0.50238085441533,
                0.402495379332517,
                -0.721310462145214,
                -0.295103850867391,
                -0.258316692300226,
                0.135889790107455
            ],
            "SE": [
                0.566554487583838,
                0.55613332996782,
                0.300978351858051,
                0.453794228193744,
                0.396349381552701,
                0.297891897154556,
                0.400068846857249,
                0.356713367692466,
                0.290990502274716
            ]
        },
        {
            "mean": [
                -0.474432170544824,
                -2.07220484810702,
                2.2118324100778,
                2.66208070231107,
                0.0772464642509688,
                -0.615567634034569,
                1.53572427236521,
                -1.74366961144269,
                -0.190918997827862
            ],
            "median": [
                -0.476808356296617,
                -2.06032629683809,
                2.2041209831228,
                2.65567785402105,
                0.0894928910624649,
                -0.622337515286224,
                1.53268168590697,
                -1.74344539178212,
                -0.187183578450177
            ],
            "SE": [
                0.281914875363488,
                0.291867554214526,
                0.296111066472368,
                0.296142341986919,
                0.298650206784853,
                0.291826376054234,
                0.312226292898143,
                0.285242510266755,
                0.286971396618384
            ]
        },
        {
            "mean": [
                0.811888703669483,
                -0.218130692539463,
                1.59056924706627,
                2.09612952584537,
                -2.90340602735705,
                1.02137394235391,
                0.232803311421235,
                -2.94763592256592,
                0.179987668738267
            ],
            "median": [
                0.780732458226506,
                -0.216217634033254,
                1.62055219110155,
                2.1549276391921,
                -2.90136072465001,
                0.970741802209495,
                0.229850786670419,
                -2.9528983068437,
                0.182876387380486
            ],
            "SE": [
                0.365854017476793,
                0.285861471666412,
                0.361717167982415,
                0.423366885708663,
                0.303590374773525,
                0.419680750936292,
                0.303669313803263,
                0.290466562945207,
                0.288371737257224
            ]
        },
        {
            "mean": [
                -1.3946126135405,
                0.243181409381326,
                0.767923514858853,
                2.44449908000896,
                -0.575312776599381,
                -0.17847188976835,
                -1.53397071225208,
                -1.88562789539109,
                -0.388595505977383
            ],
            "median": [
                -1.39353841018747,
                0.286355641933544,
                0.73807134676961,
                2.44936643007888,
                -0.557364639803826,
                -0.21261601080748,
                -1.52863411350896,
                -1.8969972476447,
                0.0415674436661001
            ],
            "SE": [
                0.278477066811545,
                0.436078466065238,
                0.563487258206189,
                0.306551138703862,
                0.32562361722868,
                0.520625704590594,
                0.296061330146141,
                0.340119713462676,
                1.11766148923917
            ]
        },
        {
            "mean": [
                -0.467893115769775,
                -0.791615868146371,
                1.71372993452923,
                1.76949455211366,
                -1.75630595000995,
                1.24428531014025,
                2.0691376213964,
                -0.437948542533829,
                -0.378677749509655
            ],
            "median": [
                -0.466029569627007,
                -0.784922615274366,
                1.71942720486282,
                1.77832815180954,
                -1.75037278303512,
                1.23567610145692,
                2.0864724476109,
                -0.430933254795626,
                -0.368700739282181
            ],
            "SE": [
                0.283321814575286,
                0.283401396541419,
                0.305301502221811,
                0.30081523727891,
                0.301224440900106,
                0.296691786549025,
                0.31416738957697,
                0.29892933937243,
                0.284021679101957
            ]
        },
        {
            "mean": [
                1.66036281383179,
                -0.868411359301232,
                -0.504842889426431,
                0.274246267089533,
                -1.62524414967897,
                -1.92707685437728,
                0.962608993424247,
                -1.48164441378315,
                3.35395057154011
            ],
            "median": [
                1.66705549534537,
                -0.868393297588741,
                -0.49659253286744,
                0.278661244775822,
                -1.62630161471931,
                -1.92036511420321,
                0.967170798285091,
                -1.47206596696641,
                3.35752544849444
            ],