{
    "uid": "a5844e03-1aac-4ef7-93d7-b3222652914b",
    "scenario_uid": "b56e398eaedbdad34cec9e8a634c0fba",
    "iteration_uid": "2326d7eb5bc0ea00492860f2c44b8271",
    "PD_subj": [
        {
            "mean": [
                -1.50030770992978,
                0.746047468093703,
                3.48356746881272,
                -0.318230391291033,
                -0.0165536913216104,
                0.149146116463738,
                -0.234854641315406,
                -2.27877083648977,
                0.763115624550219
            ],
            "median": [
                -1.4981667653973,
                0.745861386993022,
                3.48938334555121,
                -0.32279621870327,
                -0.0213666990690746,
                0.161824468565007,
                -0.23332863898511,
                -2.27658127125926,
                0.760032639149584
            ],
            "SE": [
                0.294965267512539,
                0.317247727024304,
                0.30757967456616,
                0.30336558745663,
                0.289248042349041,
                0.291214690444171,
                0.293420883797887,
                0.303975909485077,
                0.295808725854642
            ]
        },
        {
            "mean": [
                -0.902085495498127,
                1.48942754462962,
                -1.58739479680434,
                -0.598421700945315,
                -1.47642176375337,
                2.52211225226744,
                2.56670143233462,
                -2.05293271448743,
                -2.47054252439288
            ],
            "median": [
                -0.898753027963969,
                1.49200192817738,
                -1.6044742400796,
                -0.605567566102508,
                -1.4742816278799,
                2.52354012151195,
                2.57479397599286,
                -2.05219443952194,
                -2.4668652687151
            ],
            "SE": [
                0.289558139409313,
                0.314417852587023,
                0.306646668255203,
                0.302184482254975,
                0.295138551544168,
                0.285902855547828,
                0.306835942921351,
                0.306772043327418,
                0.296109788719031
            ]
        },
        {
            "mean": [
                -0.597847783776536,
                -1.8940638209657,
                0.765041712385978,
                -1.80185932083807,
                0.510194900891338,
                1.61682810103463,
                -2.03666451493095,
                -0.88065078546828,
                -0.0583508930367929
            ],
            "median": [
                -0.598486110578416,
                -1.89552971320094,
                0.766526547211375,
                -1.79185146119465,
                0.512316551648134,
                1.62486657081785,
                -2.04017469032751,
                -0.874673005366484,
                -0.0636422754394631
            ],
            "SE": [
                0.289715049884557,
                0.313970027166552,
                0.30917447266025,
                0.304968515496442,
                0.297534255180532,
                0.282627425886215,
                0.298593461620818,
                0.305072114080402,
                0.293785283962425
            ]
        },
        {
            "mean": [
                -1.93825895509874,
                -0.392847939121351,
                -0.755039597065264,
                2.16940729169624,
                -2.51214952466908,
                1.00446804155734,
                1.16448511079718,
                -1.62431482635085,
                -0.0315232389658112
            ],
            "median": [
                -1.9403464680215,
                -0.392223075397846,
                -0.761438931446575,
                2.17739752089329,
                -2.51497162400233,
                1.00694014616332,
                1.16827265933686,
                -1.62035223418461,
                -0.0287169247057914
            ],
            "SE": [
                0.304775367942746,
                0.313761401132399,
                0.312213555469108,
                0.300561371739154,
                0.29528744602375,
                0.298041643862273,
                0.300626127661589,
                0.299965102888413,
                0.298844366315043
            ]
        },
        {
            "mean": [
                -1.16954460026274,
                -0.603395006948573,
                3.02417704730088,
                1.02131903216798,
                -2.2435203782356,
                -0.689476986957184,
                0.854173157249831,
                -1.33387297491043,
                2.76770920235399
            ],
            "median": [
                -1.17219859985871,
                -0.59978088829406,
                3.02646270935819,
                1.01246220617475,
                -2.24357527841771,
                -0.692277294261257,
                0.859857307247583,
                -1.3389428249433,
                2.77225480893116
            ],
            "SE": [
                0.301951711665776,
                0.298761310474092,
                0.301914417438179,
                0.305770482461714,
                0.299079349461933,
                0.286009308105085,
                0.294646270103314,
                0.304616566348233,
                0.293013972044288
            ]
        },
        {
            "mean": [
                -0.824573449086464,
                -0.544705684941664,
                1.02204983857713,
                -0.795175929781323,
                -0.81986671249048,
                0.690932946377532,
                0.186555111218912,
                -0.16043533957944,
                0.736747635214675
            ],
            "median": [
                -0.957857420620687,
                -0.407839929069551,
                1.02623326759803,
                -0.791885771983488,
                -0.817953417504733,
                0.697300311846466,
                0.391330669087871,
                -0.380420567066212,
                0.73668372962757
            ],
            "SE": [
                0.558561483867649,
                0.564206810287028,
                0.305314857998543,
                0.303854345258114,
                0.298585996961589,
                0.291970588279424,
                0.642043283671239,
                0.640108478938801,
                0.301243523237104
            ]
        },
        {
            "mean": [
                -2.01607805442146,
                0.374553504516511,
                1.61526319888612,
                3.18034923757257,
                -1.64940356946852,
                0.6346531634311,
                1.19946651508622,
                -0.926465466317912,
                1.23302483394053
            ],
            "median": [
                -2.01932695425916,
                0.373505899877325,
                1.62483382165858,
                3.18025442364013,
                -1.6452961300277,
                0.632194057519794,
                1.1991849732344,
                -0.923603457771826,
                1.22832010075088
            ],