{
    "uid": "dee2b6f8-405d-48a8-bf6f-894b73c0c420",
    "scenario_uid": "b56e398eaedbdad34cec9e8a634c0fba",
    "iteration_uid": "249cd1a9ff1a7e02f9a43a02dacc7a84",
    "PD_subj": [
        {
            "mean": [
                0.828921584236873,
                0.658810417832544,
                0.461355642915911,
                0.741527319647859,
                -1.23781191095312,
                2.29352482647355,
                1.25379435198459,
                -2.21730872611368,
                -0.193343501457875
            ],
            "median": [
                0.823510891544406,
                0.658496168404288,
                0.469517405308225,
                0.753179048765985,
                -1.23298107449343,
                2.29214869265949,
                1.25209004961155,
                -2.21822758214985,
                -0.198326261622919
            ],
            "SE": [
                0.29082750527457,
                0.286428787314058,
                0.302310062893744,
                0.288593893032669,
                0.302004456482213,
                0.302637714328244,
                0.289103988519152,
                0.297988530603371,
                0.286081554815949
            ]
        },
        {
            "mean": [
                -0.488201829067884,
                -2.18213125963667,
                -1.12274488313425,
                -1.08459558643244,
                2.42069270674875,
                1.0192806046397,
                1.24252010528966,
                0.642284461099077,
                1.67505482231804
            ],
            "median": [
                -0.489668880532561,
                -2.18469620089004,
                -1.11610618179388,
                -1.07961818088101,
                2.42398642056007,
                1.02345194493698,
                1.24292444935352,
                0.641595920030332,
                1.67077466989214
            ],
            "SE": [
                0.300144532644348,
                0.297189195691779,
                0.296281870992032,
                0.301342880127507,
                0.311803491186306,
                0.297136336676414,
                0.284445278062115,
                0.29876082198659,
                0.276169828277876
            ]
        },
        {
            "mean": [
                0.306864651237935,
                0.855889827600629,
                0.997746577985264,
                0.403178284376656,
                -2.26113984543306,
                -2.38644577069701,
                1.01224240081194,
                0.36667426532592,
                0.449247856028957
            ],
            "median": [
                0.297458027777941,
                0.756514765241663,
                1.08616958076257,
                0.404338197719632,
                -2.20681498780018,
                -2.44755954541701,
                1.01748034217496,
                0.363047372563506,
                0.458482769989865
            ],
            "SE": [
                0.299248810546718,
                0.57933064730981,
                0.568607523005548,
                0.297334083611951,
                0.491539882669463,
                0.498948690638623,
                0.284191593310697,
                0.428452728167981,
                0.397514349091308
            ]
        },
        {
            "mean": [
                -2.51199716916577,
                -2.01491953826257,
                -0.445980829482292,
                0.471238038700919,
                -2.49759996046119,
                -0.0695904114557349,
                0.72170870013939,
                -0.479032444410602,
                -0.986888541163575
            ],
            "median": [
                -2.51569647517929,
                -2.01501935433003,
                -0.436593514683281,
                0.464488190353858,
                -2.49483408985942,
                -0.0739398245095076,
                0.721599840907962,
                -0.478133187239792,
                -0.9831050207631
            ],
            "SE": [
                0.292947374874756,
                0.285613358590106,
                0.289905887194621,
                0.289721902693411,
                0.306206936863077,
                0.3021617693248,
                0.300723932914663,
                0.294713469454674,
                0.290880574197124
            ]
        },
        {
            "mean": [
                0.161168078806937,
                -2.45926754050193,
                2.40070825366159,
                3.07447631823926,
                0.154321493493819,
                -1.67129547886903,
                0.758370280499037,
                -0.841742318276367,
                -2.08972404493359
            ],
            "median": [
                0.154299820328638,
                -2.45586934610546,
                2.40196197378375,
                3.07836089454264,
                0.149053800809904,
                -1.66387228929573,
                0.762546589674206,
                -0.849671044933661,
                -2.09121178990881
            ],
            "SE": [
                0.286687369938293,
                0.287493949673563,
                0.303338825176201,
                0.284180108299721,
                0.311625977923483,
                0.308063630832658,
                0.293327355631084,
                0.299826483526807,
                0.27986244126567
            ]
        },
        {
            "mean": [
                -0.243253205627512,
                -0.806084723153705,
                2.3441491588137,
                2.04540320102166,
                -2.0723823632243,
                -1.75805931026902,
                -0.458499435005482,
                -1.3211539189584,
                0.29715483683897
            ],
            "median": [
                -0.246250887694952,
                -0.809186625232903,
                2.34399235274245,
                2.04453909487249,
                -2.08452267101029,
                -1.7550186083367,
                -0.46639688759839,
                -1.31447324997982,
                0.301773453602581
            ],
            "SE": [
                0.295976296332678,
                0.285799522766747,
                0.300104842781326,
                0.297810539213367,
                0.300677551071167,
                0.305241024001754,
                0.297334588296906,
                0.288895259849767,
                0.284429602120842
            ]
        },
        {
            "mean": [
                -0.582880488489847,
                -0.815350142687428,
                -0.338003057191372,
                0.439697213693233,
                0.408798317383853,
                0.669680566049841,
                -0.430653813440174,
                -0.208361146083841,
                -0.325485475262181
            ],
            "median": [
                -0.61555640567278,
                -0.984387049806712,
                -0.157599646676992,
                0.360036538592018,
                0.35404681991188,
                0.694939156519753,
                -0.478563095578221,
                -0.169369867355106,
                -0.345056806905166
            ],