{
    "uid": "06624578-1f7a-475a-8ea7-d753201c0b31",
    "scenario_uid": "b56e398eaedbdad34cec9e8a634c0fba",
    "iteration_uid": "249f87c78b96f8d46ddff9c5a9a11e1f",
    "PD_subj": [
        {
            "mean": [
                1.38223288450807,
                0.868518994088123,
                0.621829911790101,
                2.27944553698882,
                1.34526847150764,
                -0.317726661131835,
                2.15264198315099,
                0.0498018434940153,
                -1.72035575447229
            ],
            "median": [
                1.38221008026595,
                0.874092271366111,
                0.624229811654876,
                2.28545516154562,
                1.39106807735699,
                -0.312400508759437,
                2.14625753843452,
                0.0533117290257835,
                -1.71104239390839
            ],
            "SE": [
                0.298822157121585,
                0.468004463212072,
                0.300278704964168,
                0.284987895654612,
                0.785470402685775,
                0.304349070626797,
                0.284950504398499,
                0.603491854649022,
                0.310579587073215
            ]
        },
        {
            "mean": [
                -0.0862656398202399,
                1.17407859342836,
                1.65421028496193,
                1.22156398702997,
                -0.0426872475328726,
                0.429276134668828,
                3.52325239805391,
                -0.152927739096404,
                -0.181111028526106
            ],
            "median": [
                -0.0844090347271807,
                1.49378198864,
                1.65414146103669,
                1.22623777582592,
                0.0642098069914161,
                0.426479719079013,
                3.53169525406193,
                -0.151236467692624,
                -0.175686795869148
            ],
            "SE": [
                0.297039302105674,
                1.08058490507878,
                0.293243383241959,
                0.281035936448131,
                1.14299069724657,
                0.37507435476875,
                0.285503353932237,
                0.613733835811672,
                0.339583849807925
            ]
        },
        {
            "mean": [
                -2.79246986892599,
                -1.72345502931026,
                1.59019736610155,
                1.26782082454408,
                -3.8106761763237,
                -2.11323337427754,
                0.317525822960534,
                -1.99869465482969,
                1.19836286973642
            ],
            "median": [
                -2.79280793693644,
                -1.71807449388151,
                1.58146071348478,
                1.27099784911706,
                -3.81002961375642,
                -2.11476040750446,
                0.318645389828961,
                -1.99626976410539,
                1.20081180571512
            ],
            "SE": [
                0.293758084472444,
                0.444509884348952,
                0.296899060999448,
                0.284305852394573,
                0.707043301500988,
                0.311740383147555,
                0.287229631534491,
                0.481659812805487,
                0.305023906972477
            ]
        },
        {
            "mean": [
                -1.60934329815643,
                0.443326081885493,
                2.87849247980715,
                0.98800731728079,
                -2.86017645022042,
                -1.12272624933994,
                0.536699985518602,
                0.905461885312547,
                -0.719542225984983
            ],
            "median": [
                -1.60175212885428,
                0.441462569004018,
                2.88014658064554,
                0.987994362619592,
                -2.85183762208358,
                -1.12429984764768,
                0.533877304337241,
                0.908214810330292,
                -0.723332786629806
            ],
            "SE": [
                0.296485419150749,
                0.451083124502144,
                0.301968007408291,
                0.279480610856167,
                0.694785794307435,
                0.310416924586762,
                0.283703616710022,
                0.48758271696809,
                0.321181680955916
            ]
        },
        {
            "mean": [
                0.448636117327701,
                0.0905634299489825,
                2.01939340199663,
                2.18261995362421,
                -3.64527158817302,
                0.427045450970666,
                0.338764831556336,
                -1.33895175505111,
                0.0169830598639953
            ],
            "median": [
                0.446431461231528,
                0.094887251234607,
                2.01345796726136,
                2.18414474501776,
                -3.64230623203039,
                0.427203339812703,
                0.336897535168978,
                -1.34759662711055,
                0.0140222658250873
            ],
            "SE": [
                0.292753764118003,
                0.465770895953989,
                0.297867962432833,
                0.28120313002763,
                0.689972440478327,
                0.308330569531315,
                0.282621123198679,
                0.472109066497928,
                0.310774476871452
            ]
        },
        {
            "mean": [
                -1.03085700824213,
                -0.804505913739571,
                0.580378042414417,
                -1.47657205608872,
                -1.09058990057093,
                0.951173440565776,
                2.09916006532027,
                -1.27328829209583,
                -0.567061282174191
            ],
            "median": [
                -1.03622791676111,
                -0.795582412140151,
                0.575625846745791,
                -1.46517098137142,
                -1.09902755353129,
                0.955807082334343,
                2.09357583767348,
                -1.28237098594738,
                -0.574471410340553
            ],
            "SE": [
                0.298694937590455,
                0.453102199523353,
                0.296868281327446,
                0.279671872327525,
                0.699918629026396,
                0.308491436533879,
                0.280604792013851,
                0.473467575201397,
                0.296827277945103
            ]
        },
        {
            "mean": [
                -1.50867749372752,
                0.248190296409246,
                2.24973187774773,
                1.40265320448305,
                -1.69679401779749,
                0.948753802144211,
                2.03527094915947,
                0.0564650875789665,
                3.26024002031727
            ],
            "median": [
                -1.50509550602286,
                0.255884490505723,
                2.25473256750214,
                1.40470182120055,
                -1.70355957220891,
                0.9589638449187,
                2.03860799158024,
                0.0529377149200475,
                3.26278997291245
            ],