{
    "uid": "742bd95a-f668-4097-bbab-83b41e0289d9",
    "scenario_uid": "b56e398eaedbdad34cec9e8a634c0fba",
    "iteration_uid": "261132fb506f9dd67bece5aafabf6049",
    "PD_subj": [
        {
            "mean": [
                0.130673489436622,
                -1.64056388037177,
                2.76323913513843,
                0.944697787176606,
                -1.4038100718377,
                -0.52448727884452,
                3.60375098404341,
                -1.51298403780369,
                3.18795170738239
            ],
            "median": [
                0.134477328602025,
                -1.64791892614482,
                2.75806895623376,
                0.942775387920756,
                -1.3997201050988,
                -0.523618453356809,
                3.59903243827577,
                -1.51677694426884,
                3.18581141765016
            ],
            "SE": [
                0.290926739409929,
                0.271531091573,
                0.294406748272812,
                0.302475021211968,
                0.311677965518897,
                0.307720001895982,
                0.297797899566451,
                0.299807321286423,
                0.305945674179748
            ]
        },
        {
            "mean": [
                -0.476178235057402,
                0.109496571199169,
                1.58512279293783,
                0.139115172335044,
                -0.45142462609797,
                -1.7394303541634,
                1.22290765864307,
                -1.04081287951492,
                -1.09892714856792
            ],
            "median": [
                -0.480485374065117,
                0.109108055277098,
                1.58625161332765,
                0.142483578540359,
                -0.454545701338061,
                -1.74107241608005,
                1.23002840219203,
                -1.02473627804112,
                -1.09703633267658
            ],
            "SE": [
                0.282685659829869,
                0.268859759990153,
                0.307328944956559,
                0.296543839860276,
                0.30312151670285,
                0.30596054948589,
                0.291094772970642,
                0.298133605733023,
                0.311571902144583
            ]
        },
        {
            "mean": [
                0.462537793053705,
                -0.980820857935093,
                -0.935356785923417,
                1.09342965018012,
                -1.06672171228455,
                0.316207305335045,
                0.989005416092602,
                -3.86900611923997,
                -0.049494094451702
            ],
            "median": [
                0.464716378982823,
                -0.974398831545672,
                -0.93156270789584,
                1.09814640944681,
                -1.07244879654832,
                0.310106137545261,
                0.985020774354885,
                -3.87315995294806,
                -0.04555361001451
            ],
            "SE": [
                0.286828447193549,
                0.264523763173993,
                0.304213140909759,
                0.308549248482744,
                0.305580495820689,
                0.302839709392929,
                0.293131174586829,
                0.300245562985182,
                0.313745231138027
            ]
        },
        {
            "mean": [
                -1.05947990352053,
                -2.26477280564556,
                -0.858859165014811,
                -0.423946373475286,
                2.94364729875967,
                -0.315962997141109,
                0.969042165660512,
                -1.89491614248317,
                -1.59712845777199
            ],
            "median": [
                -1.05201780356603,
                -2.26616399608838,
                -0.861215582507158,
                -0.424717939475957,
                2.94136320392858,
                -0.316731492403062,
                0.965753852355175,
                -1.89402149488875,
                -1.60033868053936
            ],
            "SE": [
                0.281661098601485,
                0.266475345498332,
                0.306988593111708,
                0.29931146825913,
                0.302508238467646,
                0.307484570314912,
                0.308355126859803,
                0.297330713544648,
                0.309024612283645
            ]
        },
        {
            "mean": [
                0.491254991760383,
                -1.67738952077545,
                0.137708587988677,
                3.42309262125967,
                -2.86592882476675,
                0.44033589765367,
                1.20693074981018,
                -2.11874413992502,
                -1.39624694989423
            ],
            "median": [
                0.496375283421451,
                -1.68161641391544,
                0.133929635945588,
                3.420360947786,
                -2.86476551755287,
                0.438582695973887,
                1.20511936120163,
                -2.12395082174292,
                -1.39293442843616
            ],
            "SE": [
                0.286136594071032,
                0.270211688634916,
                0.294396825356403,
                0.305949829052887,
                0.310802538331342,
                0.306184473293678,
                0.290991761024858,
                0.298680869790503,
                0.315461557817884
            ]
        },
        {
            "mean": [
                -1.42030281057074,
                -0.9186699129142,
                0.47715793011181,
                2.56721215805744,
                -1.56199534503269,
                -0.81157851640841,
                0.249947968113548,
                -0.898921251840223,
                1.28497353152311
            ],
            "median": [
                -1.42315266222331,
                -0.917147630343883,
                0.471958498505633,
                2.57374663119151,
                -1.56107754975331,
                -0.813157318580373,
                0.253332935954953,
                -0.891713396058637,
                1.28708359845444
            ],
            "SE": [
                0.283073168750694,
                0.266433830099977,
                0.293726050999722,
                0.30254667752369,
                0.302168125018325,
                0.302728415363256,
                0.298046063862892,
                0.300123264583652,
                0.307263202748574
            ]
        },
        {
            "mean": [
                1.56356319294403,
                -1.15938934156324,
                0.94886469125863,
                1.8076164066029,
                -1.98990346476156,
                -0.236967410199492,
                1.19205799439759,
                -1.14696672094525,
                -3.00019959203153
            ],
            "median": [
                1.56785673397732,
                -1.15036717443494,
                0.961990596141744,
                1.8077629451727,
                -1.99167889873212,
                -0.244276686043355,
                1.20283471849195,
                -1.15045240590269,
                -2.9943818409595
            ],