{
    "uid": "e5c6149a-434e-4f58-b54f-585388d82d16",
    "scenario_uid": "b56e398eaedbdad34cec9e8a634c0fba",
    "iteration_uid": "263606cf810fc95fe8ef0b352b7171e7",
    "PD_subj": [
        {
            "mean": [
                -0.715363246654576,
                0.552169443386085,
                1.24169594478293,
                0.3169331067325,
                1.08427328528245,
                1.91278918338455,
                1.13314137752103,
                -0.879751701376454,
                1.24097642221179
            ],
            "median": [
                -0.71211017391694,
                0.552010612491755,
                1.24228560856789,
                0.312848316503564,
                1.08530991812893,
                1.91337718821793,
                1.13679484824094,
                -0.882587580796959,
                1.2478881894346
            ],
            "SE": [
                0.282091027850055,
                0.301554488272162,
                0.292322934878845,
                0.300748385657747,
                0.336972058400342,
                0.290853462392217,
                0.267393395354315,
                0.313239789157538,
                0.291176236192954
            ]
        },
        {
            "mean": [
                -0.996637701764929,
                -0.0450551526330591,
                1.55095667097514,
                3.73717745711412,
                2.24403721217402,
                0.39927778119787,
                1.0009790471922,
                -1.48836022454089,
                0.51582122736956
            ],
            "median": [
                -1.00370992125967,
                -0.0487964440740349,
                1.55187244326955,
                3.73685697199722,
                2.24715894196013,
                0.396149511057752,
                1.00526196517109,
                -1.48648520340915,
                0.518794501110941
            ],
            "SE": [
                0.292169416587738,
                0.306687492172387,
                0.295701701666211,
                0.305158124868934,
                0.341028257991374,
                0.290226839906139,
                0.269398094532146,
                0.312723803412261,
                0.292712130645691
            ]
        },
        {
            "mean": [
                0.409176983287187,
                -1.68012006791616,
                1.72360555535026,
                -0.622141868895954,
                0.922431479676569,
                -0.572299032289906,
                0.926478312823923,
                0.762917172145185,
                -1.30779735947739
            ],
            "median": [
                0.410010355183658,
                -1.68424308198336,
                1.72267245620947,
                -0.623160581318877,
                0.9293663334747,
                -0.567480162371049,
                0.925961957852177,
                0.767963880133683,
                -1.31134073631335
            ],
            "SE": [
                0.294436550872435,
                0.301803244563976,
                0.286752190039593,
                0.303853628013809,
                0.336566168388642,
                0.285061042123379,
                0.268056284428167,
                0.318839169781283,
                0.292452961179505
            ]
        },
        {
            "mean": [
                1.65148059066657,
                -2.52093811334376,
                -1.0100289450877,
                1.74364665680276,
                -1.63586847311183,
                0.426313088706528,
                2.63382508297062,
                0.660445146905481,
                1.70807759998813
            ],
            "median": [
                1.65355683206774,
                -2.51829696773061,
                -1.01768820694632,
                1.7388755853082,
                -1.63558370936165,
                0.414727225121453,
                2.64049271780634,
                0.652865961611565,
                1.70845155929687
            ],
            "SE": [
                0.296415392464797,
                0.307017775475949,
                0.287582606919209,
                0.297935483710821,
                0.340596844261221,
                0.280607361925698,
                0.268182880913795,
                0.319242698308469,
                0.287144342028575
            ]
        },
        {
            "mean": [
                -0.0709365668415992,
                -1.16943675640758,
                -1.2996569060502,
                -0.919931198623301,
                -4.23005052884778,
                0.634128520354833,
                1.69779312194635,
                -2.94732796190931,
                -0.381739094538934
            ],
            "median": [
                -0.0663166714754015,
                -1.16861145538745,
                -1.30063760894945,
                -0.920354267697966,
                -4.23684685508484,
                0.635513595787285,
                1.70103083005465,
                -2.96090304326555,
                -0.381982515379063
            ],
            "SE": [
                0.286565199275821,
                0.300134804383183,
                0.290715357443871,
                0.29643983690159,
                0.338238392609277,
                0.279960640142914,
                0.264803838044742,
                0.320563707443367,
                0.291096708105312
            ]
        },
        {
            "mean": [
                0.741049197953732,
                -3.24993948420432,
                1.04110919923734,
                3.47581843731904,
                -1.18780916278283,
                -2.03701744668593,
                1.5468242246663,
                -1.36986617457696,
                -1.24920600096062
            ],
            "median": [
                0.743781612616959,
                -3.24818369052661,
                1.03632734950949,
                3.4787963294431,
                -1.1940451145735,
                -2.02427162507306,
                1.55460316217092,
                -1.36539167916725,
                -1.24541960521103
            ],
            "SE": [
                0.293753586609673,
                0.310927108731382,
                0.293928197915417,
                0.301055231275257,
                0.342440067396806,
                0.291486933847421,
                0.264980327012998,
                0.315618831199887,
                0.292620060988317
            ]
        },
        {
            "mean": [
                0.197291656031533,
                -0.37489431557494,
                1.60625913089674,
                0.849695130275163,
                -1.72349014479709,
                -0.230793659405537,
                1.23628986849003,
                -1.99903490062811,
                0.268976533205097
            ],
            "median": [
                -0.0401714582360794,
                -0.371483370614451,
                1.60292208679364,
                0.935414224799091,
                -1.71801956125255,
                -0.22936312190834,
                1.38807624951452,
                -1.99177714232904,
                0.269432962580572
            ],