{
    "uid": "a9887ae2-16cc-43f0-b6d0-a51aed241a9e",
    "scenario_uid": "b56e398eaedbdad34cec9e8a634c0fba",
    "iteration_uid": "27772ff12d356e878ccbc5c5e7fe92bf",
    "PD_subj": [
        {
            "mean": [
                -0.0722771419241242,
                1.87679288224118,
                -3.43277560495423,
                -0.198894379258674,
                -1.61392514532613,
                1.39369978412921,
                -0.786887443727153,
                -3.60254568670416,
                2.62568498259255
            ],
            "median": [
                -0.0713420762111317,
                1.87439233814725,
                -3.43562936678057,
                -0.195622567336935,
                -1.60970872416256,
                1.38716338383587,
                -0.784501271441432,
                -3.60720175062563,
                2.62568292615987
            ],
            "SE": [
                0.334287818100685,
                0.292426336630171,
                0.311564313840118,
                0.317764910409923,
                0.296483282304841,
                0.296545995500155,
                0.519852965628561,
                0.294128691130109,
                0.306694265627494
            ]
        },
        {
            "mean": [
                -0.731770821382316,
                -0.891895075653347,
                2.1424496653711,
                -0.638482270792918,
                -0.695104943992043,
                -2.01614067218424,
                -0.19252309462159,
                0.315883560437959,
                -2.63214509956437
            ],
            "median": [
                -0.701315317634671,
                -0.91936569920407,
                2.13900062152105,
                -0.639314573930061,
                -0.69645667967515,
                -2.02242194526588,
                -0.483905153023958,
                0.8058450073519,
                -2.62837335298628
            ],
            "SE": [
                0.448971298071775,
                0.425558761001058,
                0.31115472241295,
                0.337484698287717,
                0.319298185785537,
                0.298189652610927,
                1.07159222012744,
                1.0207879758138,
                0.310137283426293
            ]
        },
        {
            "mean": [
                1.83847001528732,
                -1.39118713140698,
                -1.03937562867237,
                -1.05982620037149,
                -0.985684231624371,
                1.88709705904463,
                -0.269101358880824,
                -2.02701069121562,
                5.38077345735575
            ],
            "median": [
                1.84173173395124,
                -1.39501285321873,
                -1.03607826894495,
                -1.05535252380249,
                -0.9838628330025,
                1.88462419748595,
                -0.27055177776394,
                -2.03132919413153,
                5.38924671227627
            ],
            "SE": [
                0.337807162127047,
                0.296114811844851,
                0.31784276793384,
                0.316172176747843,
                0.291589598747369,
                0.285978553787542,
                0.526068354056075,
                0.302020470221796,
                0.310269119725883
            ]
        },
        {
            "mean": [
                0.96386763669972,
                -1.70284284402612,
                0.698858506782526,
                1.80753962742981,
                -4.4763234181657,
                1.51754802760532,
                0.902167220834613,
                -1.73769844949996,
                0.397669792351188
            ],
            "median": [
                0.979502625051319,
                -1.70209640809012,
                0.701808690691358,
                1.8233713197749,
                -4.48223636679669,
                1.55513855331916,
                0.922984609866385,
                -1.74593945843108,
                0.300637190692554
            ],
            "SE": [
                0.400781864110838,
                0.295179247417247,
                0.394367281479461,
                0.394387500491507,
                0.292064321282788,
                0.423767042380759,
                0.658394028848847,
                0.294901810237003,
                0.569061653220702
            ]
        },
        {
            "mean": [
                -0.191505084256394,
                -0.799850184626066,
                2.18714002619733,
                2.03254562835039,
                -0.873926080343831,
                -0.582794033794593,
                -0.136813008613748,
                -1.1403840733975,
                -0.0119783184241808
            ],
            "median": [
                -0.193015493795756,
                -0.798516120694103,
                2.18910843745425,
                2.03223117966348,
                -0.865150841929958,
                -0.5792494055401,
                -0.141255400224252,
                -1.13694398432776,
                -0.0130683304674921
            ],
            "SE": [
                0.332130153709238,
                0.297140535737404,
                0.300636568886974,
                0.313618246428935,
                0.297023513612005,
                0.297580513344092,
                0.519187249416616,
                0.302205385827686,
                0.306567470126546
            ]
        },
        {
            "mean": [
                -0.121447832134774,
                -1.28708653581264,
                2.68603471366052,
                -1.14193836378937,
                0.121608254185325,
                -0.624328436841465,
                -1.62855117401079,
                -0.898119130948796,
                4.41962696974673
            ],
            "median": [
                -0.125811085084719,
                -1.28184739486247,
                2.68203872894976,
                -1.13571340612857,
                0.120633081150609,
                -0.626896659916818,
                -1.61275556347269,
                -0.891852503485625,
                4.42195686084014
            ],
            "SE": [
                0.330320370164361,
                0.307357587534649,
                0.311174335786118,
                0.318006425545118,
                0.288632922743129,
                0.294906213230087,
                0.524694460274762,
                0.292624804175281,
                0.303853678429961
            ]
        },
        {
            "mean": [
                -1.71158817932815,
                0.802158753067503,
                0.810989992234716,
                1.19953838517396,
                0.280411109688054,
                0.267402812608152,
                1.59532267802995,
                -2.48512262784398,
                -2.49473456288596
            ],
            "median": [
                -1.71347802831609,
                0.788990521292335,
                0.814064841733663,
                1.20069266282581,
                0.281087873983908,
                0.266560839625764,
                1.59076876140877,
                -2.48836324488285,
                -2.48789163408546
            ],