{
    "uid": "657f5639-2550-4970-8189-6ce69b5d630d",
    "scenario_uid": "b56e398eaedbdad34cec9e8a634c0fba",
    "iteration_uid": "283daaedb6907f6bf9913e09bda4597f",
    "PD_subj": [
        {
            "mean": [
                -0.566583782708932,
                -0.115404084854421,
                1.89737773526336,
                3.44999504945712,
                -3.26979166676999,
                -0.193199203741163,
                0.753808300469742,
                0.911774191227664,
                0.408612033627529
            ],
            "median": [
                -0.563422376042215,
                -0.122416235606212,
                1.90592036876118,
                3.45699981705278,
                -3.27121458927421,
                -0.191188177629342,
                0.757591260564927,
                0.915933462955982,
                0.409424692215678
            ],
            "SE": [
                0.288165972766363,
                0.288016556205703,
                0.294486977952311,
                0.301907005224332,
                0.303572539504894,
                0.264283107749731,
                0.279039809529053,
                0.292167770901884,
                0.294640547712576
            ]
        },
        {
            "mean": [
                -0.829766036227418,
                -1.05347401227008,
                -0.403862829364153,
                -0.122439561955063,
                -3.08470575778367,
                -0.203094574643894,
                1.69508058628309,
                -2.21514733341496,
                -3.06292295906509
            ],
            "median": [
                -0.826003014850548,
                -1.05541973199767,
                -0.400896359339964,
                -0.12215252918623,
                -3.08723098157066,
                -0.203088901182937,
                1.69520061215544,
                -2.22170761108022,
                -3.05852675165402
            ],
            "SE": [
                0.279923443931422,
                0.282079134167468,
                0.299747975182271,
                0.304243306607996,
                0.295678827846168,
                0.268999703178039,
                0.286802245788604,
                0.296681376047897,
                0.295657829040166
            ]
        },
        {
            "mean": [
                -1.71157103713723,
                -1.91801597015141,
                1.73796151729661,
                -0.358592085402759,
                0.124546260492174,
                -0.40889214231488,
                1.10086656127743,
                -1.87358298676724,
                0.0461377592265985
            ],
            "median": [
                -1.71463278075097,
                -1.91719315498203,
                1.73732908059247,
                -0.356420242565483,
                0.129215361182773,
                -0.407038961512388,
                1.10030275789037,
                -1.87228721900561,
                0.0489953121957037
            ],
            "SE": [
                0.288901778447734,
                0.289053708616188,
                0.284728576215747,
                0.296707801157331,
                0.301488933859659,
                0.269533002830512,
                0.284771927770267,
                0.296255325390024,
                0.297705057788241
            ]
        },
        {
            "mean": [
                -1.12884037008671,
                -0.796697222983385,
                1.60370870610354,
                3.01442746006174,
                -0.93654252729152,
                1.71744655053807,
                -0.176677863836949,
                -2.20480380269826,
                -1.5175606795965
            ],
            "median": [
                -1.13066540136505,
                -0.792903268214276,
                1.60611984588486,
                3.01671043755763,
                -0.945331363080282,
                1.71879828438864,
                -0.174594713384522,
                -2.20734126031326,
                -1.51713376975432
            ],
            "SE": [
                0.276357337233939,
                0.291574358391715,
                0.286886734584895,
                0.301156653530225,
                0.298176761407986,
                0.279052447793898,
                0.290299767409594,
                0.291797336433842,
                0.295841238070727
            ]
        },
        {
            "mean": [
                0.0645088364614429,
                1.63612956169508,
                -0.687930981657583,
                0.867819330540765,
                -2.46920757639585,
                0.803407424906853,
                1.23942635513984,
                -3.04705967454298,
                -1.87399137808946
            ],
            "median": [
                0.0612394045130079,
                1.64615946474583,
                -0.685029090549096,
                0.873138044368181,
                -2.46332386203764,
                0.801463304873665,
                1.240985616382,
                -3.04664174348309,
                -1.8630604149602
            ],
            "SE": [
                0.283309163686515,
                0.295763786506905,
                0.28469319253205,
                0.307339544226275,
                0.295941229493601,
                0.26594779662698,
                0.287056584165157,
                0.296422182171612,
                0.295911164283698
            ]
        },
        {
            "mean": [
                -1.44028790963822,
                -1.54502965636871,
                2.36691503939736,
                -0.580555443668651,
                0.695829388513044,
                -0.515133448358703,
                -0.894104776080023,
                -3.39623558674681,
                -0.196928736225205
            ],
            "median": [
                -1.439570602492,
                -1.55001297592544,
                2.36937203294144,
                -0.582753877309573,
                0.699402889516706,
                -0.521446570984054,
                -0.889478529132133,
                -3.39373143028596,
                -0.19347223311958
            ],
            "SE": [
                0.292339717834419,
                0.291133738995487,
                0.278645056495101,
                0.297308744238879,
                0.300350970107654,
                0.274952008887051,
                0.282589131454446,
                0.294440657008288,
                0.296252976831191
            ]
        },
        {
            "mean": [
                1.3069638721266,
                0.144366971682226,
                1.7265969602716,
                -0.268966829872431,
                -1.93702925261717,
                0.0514589921405819,
                -0.0703371135399915,
                -3.05473474080727,
                -0.136314887510471
            ],
            "median": [
                1.13650120773369,
                0.146065094808615,
                1.87633299072793,
                -0.361790780127695,
                -1.93164865576459,
                0.150242822004289,
                -0.0648554853458427,
                -3.05379277396482,
                -0.127082872504625
            ],