{
    "uid": "9b716b67-3069-4150-83d8-9af1bcb85025",
    "scenario_uid": "b56e398eaedbdad34cec9e8a634c0fba",
    "iteration_uid": "284cde8d7590e57ee03598a9eda37219",
    "PD_subj": [
        {
            "mean": [
                -0.766457209546873,
                -1.90255739221953,
                -0.93180510085846,
                0.558735261281697,
                -2.06463945989666,
                -1.46197256201756,
                5.19032639099554,
                -1.80827987413602,
                0.0118328412516961
            ],
            "median": [
                -0.768762031043339,
                -1.9010825203253,
                -0.93171993082004,
                0.554454360774234,
                -2.06271520375491,
                -1.45341309417069,
                5.19437018668841,
                -1.80508480849486,
                0.00309463984785465
            ],
            "SE": [
                0.292295089664331,
                0.291966300329917,
                0.292604625364363,
                0.301794505659283,
                0.291907072465459,
                0.306976806803392,
                0.294130873976202,
                0.303236851736649,
                0.305282060227037
            ]
        },
        {
            "mean": [
                -0.898151029200632,
                -0.255896067665085,
                -1.09837360320308,
                -1.28116430328349,
                -1.67942915731415,
                -0.961583495096009,
                0.946140536078672,
                -2.22275170042644,
                0.932741882828896
            ],
            "median": [
                -0.843319930989062,
                -0.254305380346038,
                -1.16588489151866,
                -1.39663217794968,
                -1.67582308308605,
                -0.834638948548382,
                0.948063589778636,
                -2.22382770819681,
                0.951251692400698
            ],
            "SE": [
                0.428074248816413,
                0.286372751640915,
                0.472203796895322,
                0.535397230106794,
                0.297024913115949,
                0.564226813497894,
                0.309440277673794,
                0.30270771622158,
                0.330245285205359
            ]
        },
        {
            "mean": [
                -0.992040549279982,
                -1.02533069344289,
                -0.568649756299166,
                0.177093957088086,
                -1.45917266669079,
                -1.2502535728843,
                1.32482801961921,
                -3.03450411651869,
                0.376849476890211
            ],
            "median": [
                -0.993138763323838,
                -1.02173669556781,
                -0.579746210027728,
                0.183614702150734,
                -1.45288365907792,
                -1.25195017082829,
                1.3218845113336,
                -3.04179672184704,
                0.370806758850475
            ],
            "SE": [
                0.284908337217495,
                0.300067166865828,
                0.297587676360224,
                0.300024187860209,
                0.289905888109879,
                0.308493825078197,
                0.305608673933069,
                0.303022192559199,
                0.314809062484083
            ]
        },
        {
            "mean": [
                -0.833468588745243,
                0.391356179734622,
                2.67747559150846,
                -1.22889983469353,
                -0.889647898982174,
                1.51178126514585,
                -0.84237600742363,
                0.923881699055719,
                0.905214395867845
            ],
            "median": [
                -0.835278772538111,
                0.394589355939441,
                2.67273096234186,
                -1.23091643496924,
                -0.892132881804168,
                1.50928515041835,
                -0.843769240524969,
                0.933321758686281,
                0.898983179609956
            ],
            "SE": [
                0.288858910901845,
                0.285054747394473,
                0.290797971418887,
                0.303821005205404,
                0.2945209406843,
                0.305516080152126,
                0.30583995448656,
                0.304652979430859,
                0.304743134814333
            ]
        },
        {
            "mean": [
                -2.17955401632121,
                0.702690654837611,
                0.195228812370748,
                1.79875177874594,
                0.574744841394198,
                -4.45217173528262,
                1.6461462545731,
                -1.23715826877726,
                -2.49148764960353
            ],
            "median": [
                -2.17737345784923,
                0.704375041161996,
                0.197547460904043,
                1.802134806461,
                0.573844434707222,
                -4.44738606683871,
                1.65116825425956,
                -1.23672036863954,
                -2.48552756279952
            ],
            "SE": [
                0.287758119234,
                0.286393754790831,
                0.291451713937909,
                0.291458104739929,
                0.296601992608428,
                0.300026306674306,
                0.307286808573374,
                0.303569348904555,
                0.300045044903613
            ]
        },
        {
            "mean": [
                0.54785928695281,
                0.234125144180984,
                0.781239779265372,
                0.948458584749769,
                0.806367500049501,
                3.9935572521712,
                2.03897309503169,
                -3.14389152199774,
                -1.07089411299304
            ],
            "median": [
                0.5475261611364,
                0.229663865441586,
                0.775880095769578,
                0.940999346695135,
                0.808551923682524,
                3.99858732909743,
                2.04563421274756,
                -3.147176146069,
                -1.07131213399344
            ],
            "SE": [
                0.281047811005662,
                0.293977169520406,
                0.286784264587141,
                0.298874712884068,
                0.29090703431048,
                0.305854421659469,
                0.301564060367346,
                0.305004106341355,
                0.306057375139485
            ]
        },
        {
            "mean": [
                -2.10150587600609,
                -2.17320091027757,
                1.51946199848641,
                -0.0118547997023634,
                0.46249965049907,
                -1.4511839002413,
                -2.46204348823736,
                -0.200784027048556,
                2.36925235391805
            ],
            "median": [
                -2.09637638696243,
                -2.17385361381039,
                1.51869995404225,
                -0.0157471659591749,
                0.455641476047503,
                -1.44747330698077,
                -2.46523572536822,
                -0.20654563931474,
                2.36532867397204
            ],