{
    "uid": "2da8ce61-7d60-4fc7-86c6-b66fd2621d9c",
    "scenario_uid": "b56e398eaedbdad34cec9e8a634c0fba",
    "iteration_uid": "2865b68203bea9ae0914696c1d8b4fbc",
    "PD_subj": [
        {
            "mean": [
                -0.975764033644335,
                -0.991876779846272,
                2.37158797076747,
                1.12533099215621,
                -0.860144924237302,
                -0.293611702055497,
                3.75978978444134,
                -0.555088194808272,
                -0.426849760971516
            ],
            "median": [
                -0.978915959799613,
                -0.990651368913158,
                2.37622553815269,
                1.11378472559293,
                -0.86414436699408,
                -0.290368700534751,
                3.75511388120281,
                -0.567828572367619,
                -0.419699639319513
            ],
            "SE": [
                0.270675847549553,
                0.304069518738784,
                0.317296279790309,
                0.29074553928546,
                0.288894276909587,
                0.275197612162127,
                0.301824485174632,
                0.308502984388514,
                0.292710814039864
            ]
        },
        {
            "mean": [
                -0.3794856848083,
                0.70813317256986,
                4.38468953257377,
                2.09045150412995,
                0.998655888822189,
                -0.0257660712294603,
                1.26883658876745,
                0.214903434361559,
                0.966380611644063
            ],
            "median": [
                -0.381102521613743,
                0.707519282814133,
                4.39045858444376,
                2.09164532107105,
                0.997040416797307,
                -0.0312842544002459,
                1.26647240897962,
                0.220097004678832,
                0.962618414092525
            ],
            "SE": [
                0.274838165167254,
                0.298135731754722,
                0.314647518644609,
                0.294625260567524,
                0.288061767060958,
                0.284434247474403,
                0.29801233387974,
                0.296846208995833,
                0.291943655162777
            ]
        },
        {
            "mean": [
                -0.574200116582126,
                -0.193518236301942,
                1.21382803156928,
                -1.46239051576938,
                -1.55537730289049,
                0.104497660783027,
                0.610641658805081,
                -2.17137667578071,
                -0.306792318665572
            ],
            "median": [
                -0.574634641252812,
                -0.193059687563907,
                1.20528412085542,
                -1.46308391105402,
                -1.5567229068366,
                0.110178160559901,
                0.612065441806739,
                -2.1675538386199,
                -0.310857458037274
            ],
            "SE": [
                0.275849458880771,
                0.300283172872288,
                0.319366468649011,
                0.300493176962482,
                0.280894553291599,
                0.281941208977468,
                0.300401082216031,
                0.295322885987012,
                0.296611700624565
            ]
        },
        {
            "mean": [
                0.69945364727378,
                -1.48688615186889,
                -0.568008896997505,
                2.65217968268069,
                0.839737773587168,
                -0.783885348711814,
                -0.0822631810907304,
                -0.529155258769115,
                1.7706154229787
            ],
            "median": [
                0.699671559110616,
                -1.48768581572834,
                -0.578469094011674,
                2.65879554157902,
                0.832760913134888,
                -0.779493034174987,
                -0.0863288103747652,
                -0.530346427076231,
                1.77338066115621
            ],
            "SE": [
                0.264887796298338,
                0.312607224685115,
                0.303993298416326,
                0.302031225536212,
                0.28254384617523,
                0.282324737035759,
                0.305573634082518,
                0.300992181044436,
                0.287047563277435
            ]
        },
        {
            "mean": [
                0.661342087385939,
                -2.50444627366736,
                0.986303320649459,
                -0.267908844491663,
                -0.430774449941144,
                -0.0773276155059584,
                0.338442694671213,
                -0.514673114180337,
                0.72512240089067
            ],
            "median": [
                0.592232868902156,
                -2.50763949977233,
                1.04708887795884,
                -0.29408948529905,
                -0.424066412027565,
                -0.0640422093480705,
                0.217890363554582,
                -0.523454566826331,
                0.849147303671796
            ],
            "SE": [
                0.457158358915359,
                0.306991213334666,
                0.464166085687644,
                0.393155785326844,
                0.285322780347525,
                0.358081440435986,
                0.538396499044879,
                0.299897407820956,
                0.532144474853288
            ]
        },
        {
            "mean": [
                -1.09339348446213,
                -0.656500787084295,
                0.0617248538138786,
                1.11179875249815,
                -0.518727325144687,
                -1.64647715328014,
                2.72119638278749,
                -3.70780534417618,
                -0.658831146921821
            ],
            "median": [
                -1.09062337675401,
                -0.66537297777616,
                0.0581619858256241,
                1.1124603925844,
                -0.519598195545098,
                -1.64433562605918,
                2.71604128093841,
                -3.71142271757945,
                -0.660476892494028
            ],
            "SE": [
                0.270353096017686,
                0.307876254850567,
                0.310707476521753,
                0.294650613259282,
                0.28152991496993,
                0.279572811274534,
                0.300725628299454,
                0.314311348678392,
                0.294130707517999
            ]
        },
        {
            "mean": [
                -1.48783265503995,
                -2.61388372495106,
                -0.293980573721856,
                2.98286172652774,
                -0.54856616521122,
                -0.191098649911307,
                1.66167218700848,
                -0.849924996913313,
                1.19589961956568
            ],
            "median": [
                -1.48389633379336,
                -2.60989600181804,
                -0.299218430679173,
                2.97378847346967,
                -0.548679774402173,
                -0.192984016939304,
                1.6638610803085,
                -0.846797114240352,
                1.19472301821722
            ],