{
    "uid": "329fe54e-ee35-4477-af8f-36d3ef824d74",
    "scenario_uid": "b56e398eaedbdad34cec9e8a634c0fba",
    "iteration_uid": "293f0f57bcb5d70544d4963fb0b4d71b",
    "PD_subj": [
        {
            "mean": [
                -1.62513202260566,
                0.47765935030441,
                0.238780724688978,
                0.742245246022768,
                -2.62116182265942,
                0.672572529138177,
                0.781796028610581,
                -1.52859786202964,
                -0.697500337082623
            ],
            "median": [
                -1.61768771314668,
                0.475534319969811,
                0.236754363716059,
                0.733244027463047,
                -2.62283638158209,
                0.671105672816178,
                0.785032044808572,
                -1.52962219944597,
                -0.706974509582424
            ],
            "SE": [
                0.288115171325718,
                0.311015044006652,
                0.319072978031384,
                0.287316862706957,
                0.313493380465908,
                0.421960537761926,
                0.256465993153787,
                0.289001925743996,
                0.396476088397186
            ]
        },
        {
            "mean": [
                0.937405538668555,
                -1.76210918555377,
                -0.958814119482369,
                2.16956794923224,
                -0.27172993095212,
                -0.257326850653939,
                0.190977342350901,
                0.473936613974752,
                -0.0124005800411452
            ],
            "median": [
                0.936982547123412,
                -1.81535546642177,
                -0.877842229312674,
                2.16801507827493,
                -0.26852604868867,
                -0.267180953812632,
                0.190026814872479,
                0.499598551688727,
                -0.0497331121362901
            ],
            "SE": [
                0.296114352838743,
                0.414300219384082,
                0.510788058971163,
                0.294383562274101,
                0.316658448257708,
                0.417212577722332,
                0.253334303900222,
                0.348793982094164,
                0.467537490237837
            ]
        },
        {
            "mean": [
                1.36201127028294,
                -2.09332987600401,
                1.26429843499708,
                1.80671349912065,
                -1.28623232769923,
                2.21822431501065,
                1.37347639116343,
                -0.61525117657334,
                1.91594132999588
            ],
            "median": [
                1.41414247279019,
                -2.08604929726304,
                1.24849432924857,
                1.65932388899626,
                -1.28299535004574,
                2.2960907484865,
                1.13151905115131,
                -0.617696843835777,
                2.10011203971432
            ],
            "SE": [
                0.439145782700136,
                0.311354754685389,
                0.362982122096806,
                0.568313967062523,
                0.308908377157705,
                0.637399358011598,
                0.696737670786971,
                0.293171792463343,
                0.724481223475101
            ]
        },
        {
            "mean": [
                -0.124884575187042,
                2.46633382496405,
                1.19847378037128,
                -0.126149074020868,
                -0.65606012433913,
                -0.220867955871052,
                -0.452424273183881,
                0.129950079890899,
                3.81727364612038
            ],
            "median": [
                -0.124217412822624,
                2.45958246572134,
                1.20643422631801,
                -0.127049407688478,
                -0.657401313461849,
                -0.214067827175584,
                -0.453687885111523,
                0.121853065752348,
                3.80977344955784
            ],
            "SE": [
                0.284895596642292,
                0.304664036717303,
                0.324077589499477,
                0.288931958448251,
                0.317239767805497,
                0.420673779212547,
                0.256503032398964,
                0.300155234379022,
                0.399028278088512
            ]
        },
        {
            "mean": [
                -1.42344394674381,
                -0.100195676602418,
                0.382491875843292,
                1.01614077563858,
                0.0752566357531733,
                -0.169963930437583,
                1.23571209814669,
                -1.67164230014867,
                0.402049928595335
            ],
            "median": [
                -1.41641252747695,
                -0.0998869804297452,
                0.377251219341842,
                1.01375741012802,
                0.0740474948939566,
                -0.177366437316179,
                1.23397917887702,
                -1.66734980772967,
                0.405467350233069
            ],
            "SE": [
                0.287966123899736,
                0.318136908692092,
                0.320090642297733,
                0.289390213282087,
                0.319593632668748,
                0.41637000652351,
                0.247076318282705,
                0.295945342930258,
                0.400948576037714
            ]
        },
        {
            "mean": [
                0.475552423245621,
                -0.177962628056211,
                -0.495506196147381,
                1.75373113676335,
                -2.2431270900393,
                -0.786583877391963,
                0.405247863280246,
                -2.29047982440544,
                2.28460106339334
            ],
            "median": [
                0.47655283367415,
                -0.181460282911988,
                -0.501337387055857,
                1.7562028844994,
                -2.2432765905935,
                -0.792801877824781,
                0.401922301834924,
                -2.29055940412515,
                2.28425300681933
            ],
            "SE": [
                0.285104642151157,
                0.317120051124226,
                0.313168945745718,
                0.289027094848516,
                0.317648286725685,
                0.415107481765667,
                0.261374633551936,
                0.298164769744217,
                0.395137165214332
            ]
        },
        {
            "mean": [
                -0.0189043115428954,
                0.86616707103805,
                -1.23066866344668,
                1.32030775408682,
                -1.46341988689038,
                -2.5072282861192,
                0.478483014291572,
                -1.82209945953037,
                0.653703387491162
            ],
            "median": [
                -0.0180489147798974,
                0.898233867702537,
                -1.2345058688046,
                1.31559750684532,
                -1.40512900420081,
                -2.51131160687537,
                0.47401674361968,
                -1.8709048811064,
                0.6504152429374
            ],