{
    "uid": "c547db7a-cc2d-4484-a4a9-3cb1941aa3d2",
    "scenario_uid": "b56e398eaedbdad34cec9e8a634c0fba",
    "iteration_uid": "29dc4cdc993e3ebcdd3803f0fb7439d4",
    "PD_subj": [
        {
            "mean": [
                -1.0536215635062,
                1.0459596917783,
                3.50424967766837,
                -0.489811889593261,
                -0.0324694600707624,
                0.853128944726932,
                -0.274659810379466,
                -1.69830672800337,
                -0.44657568934363
            ],
            "median": [
                -1.04987781766485,
                1.04399364076906,
                3.50993178837096,
                -0.493834738759759,
                -0.030587334208703,
                0.847029513747295,
                -0.274696979864662,
                -1.69592177764089,
                -0.443837069328467
            ],
            "SE": [
                0.270624450412314,
                0.306334920394925,
                0.303492876550806,
                0.30323774520509,
                0.301376163677016,
                0.290677052136846,
                0.280225008799458,
                0.299103173821329,
                0.308738994256923
            ]
        },
        {
            "mean": [
                -0.850574203688393,
                -1.17179102985414,
                2.18167860277527,
                1.38747592796623,
                -3.22775682595068,
                -1.3424956306567,
                1.65614012692974,
                -2.2468445021286,
                -0.605052837420861
            ],
            "median": [
                -0.851212165148926,
                -1.16968307792262,
                2.19494606863954,
                1.3883146348942,
                -3.22412242724358,
                -1.34365070756516,
                1.64984150256068,
                -2.25190877626489,
                -0.602582393444796
            ],
            "SE": [
                0.271900710472634,
                0.31059439624359,
                0.303224469899945,
                0.295349146000026,
                0.298478195011929,
                0.292658166224197,
                0.276360861028271,
                0.313596044758078,
                0.308600247912424
            ]
        },
        {
            "mean": [
                0.559008505507376,
                -0.638032448585133,
                1.97179009370703,
                -1.54727822219283,
                -2.61264495699561,
                -0.770222945095439,
                1.57506251165806,
                2.29957791961418,
                3.38357532569875
            ],
            "median": [
                0.565218038818939,
                -0.634374031435671,
                1.96967200907476,
                -1.54261518293161,
                -2.60907352976988,
                -0.774390995533925,
                1.56749092355861,
                2.2903763199864,
                3.38036284618024
            ],
            "SE": [
                0.275626099769223,
                0.303972104026551,
                0.303578977149069,
                0.28930756603733,
                0.29198025259386,
                0.284605407944925,
                0.296040878690044,
                0.31190013354635,
                0.309314670830776
            ]
        },
        {
            "mean": [
                0.452908188121836,
                -1.7659674388295,
                1.15491042293222,
                0.545105679877575,
                -0.341898928938619,
                0.391362020737176,
                0.64564212903887,
                -2.53292350517632,
                0.972420246615358
            ],
            "median": [
                0.272205758730486,
                -1.77246851557368,
                1.31999101971277,
                0.557487692866804,
                -0.341393586667345,
                0.3801055015238,
                0.600085768472384,
                -2.53069059732906,
                0.998126208472062
            ],
            "SE": [
                0.584985107197703,
                0.309254829198774,
                0.59904119971362,
                0.318543552473435,
                0.301256852112628,
                0.31962490745894,
                0.374509951281381,
                0.304746595175469,
                0.403580390579181
            ]
        },
        {
            "mean": [
                1.00059002672179,
                -1.11780285032226,
                0.650444139052837,
                -0.418439566191193,
                -2.03808796574393,
                0.0484471585079921,
                -0.370540193987409,
                -1.39463650608311,
                -1.19398328571272
            ],
            "median": [
                1.02978974075003,
                -1.11639231739045,
                0.619267857205818,
                -0.493519131203487,
                -2.04284308478514,
                0.115182442852029,
                -0.176446082466601,
                -1.39102350630623,
                -1.38083669923217
            ],
            "SE": [
                0.359846019154046,
                0.309703540277175,
                0.381402892195273,
                0.440985454759182,
                0.294656579845834,
                0.436137857041398,
                0.643738237488667,
                0.313048731387991,
                0.655849736618348
            ]
        },
        {
            "mean": [
                -0.509707555649904,
                -3.20496677809848,
                1.97396970475456,
                1.05165143919791,
                -1.73406186875789,
                -2.00260211487187,
                2.2086434896641,
                -3.20901762132013,
                -1.0859040182147
            ],
            "median": [
                -0.509566005577981,
                -3.20795465388281,
                1.97326579353437,
                1.05339187300127,
                -1.74027939960114,
                -2.00379206653296,
                2.20914394788347,
                -3.20097506246615,
                -1.08055345490497
            ],
            "SE": [
                0.286324515556401,
                0.304178725803783,
                0.304861144847946,
                0.303797475929787,
                0.29283276187487,
                0.299935647016561,
                0.282917385555009,
                0.304545969577991,
                0.301244684861789
            ]
        },
        {
            "mean": [
                0.0853776397642182,
                -3.9849324258512,
                1.21623936483816,
                2.28040795436826,
                -2.88842877542076,
                1.27994635117817,
                1.25711589970296,
                0.794470146126849,
                3.47260703938173
            ],
            "median": [
                0.0890887858892358,
                -3.98415386267618,
                1.21159373273963,
                2.28285566333507,
                -2.88557993124887,
                1.27552570524185,
                1.24918267222781,
                0.796912977990403,
                3.47536746959255
            ],