{
    "uid": "71d7b62c-e9ec-4f8a-bc56-cd4b2dcfa984",
    "scenario_uid": "b56e398eaedbdad34cec9e8a634c0fba",
    "iteration_uid": "2b7c61e11f7f49532bc677f70678adef",
    "PD_subj": [
        {
            "mean": [
                -0.697033047019903,
                -2.14275510417405,
                1.34492485549138,
                -0.819633148589829,
                -0.855405702050246,
                0.315720030607302,
                2.51118324952326,
                0.015831549736931,
                -0.15589619418393
            ],
            "median": [
                -0.70278366543906,
                -2.13199076215839,
                1.45503089309545,
                -0.822735275001756,
                -0.856485997515706,
                0.34792228441169,
                2.5107683000991,
                0.0140374238186054,
                -0.139940514274497
            ],
            "SE": [
                0.275804818779088,
                0.294111752582942,
                0.951336122327064,
                0.29046881364557,
                0.332284412305468,
                0.537398363928499,
                0.287379834240685,
                0.289619901236084,
                0.661073757495994
            ]
        },
        {
            "mean": [
                0.254051692473469,
                -0.864176938398199,
                0.361737411063451,
                1.09480339041582,
                -3.20594936036044,
                1.02778999116937,
                0.331259716378216,
                -0.774629950746305,
                0.309533962286353
            ],
            "median": [
                0.254480905205789,
                -0.870644867430766,
                0.305521411539043,
                1.09792651218255,
                -3.20010764532732,
                1.05096168376971,
                0.328292567540237,
                -0.771766851501514,
                0.330474793847667
            ],
            "SE": [
                0.282776150611364,
                0.298571689200305,
                0.52798623792722,
                0.305276619114213,
                0.348512508623514,
                0.405761938912062,
                0.304331597895389,
                0.293429126319873,
                0.399719132415956
            ]
        },
        {
            "mean": [
                -0.253306051087183,
                -3.14682072058808,
                1.81509333731885,
                -0.960054348153538,
                -0.93632402670665,
                -0.417158377446524,
                -0.71060019766012,
                -0.119366439410373,
                0.0988230981567107
            ],
            "median": [
                -0.254883026353661,
                -3.14737696356625,
                1.81937841018843,
                -0.949078618975426,
                -0.931888898133466,
                -0.414379455766177,
                -0.710889685725297,
                -0.132233318727093,
                0.101676973048449
            ],
            "SE": [
                0.267044386279628,
                0.301119395283427,
                0.427260042222935,
                0.293038548903026,
                0.336986174819683,
                0.293972561107933,
                0.283440916901421,
                0.303383268362876,
                0.305157097747127
            ]
        },
        {
            "mean": [
                0.576786826577537,
                -3.42777738017183,
                2.97753246268429,
                2.10829593411592,
                -3.43163510219563,
                2.46358768372465,
                0.510093723004831,
                -2.42510363317173,
                0.318900305641625
            ],
            "median": [
                0.914206323655758,
                -3.42623361554411,
                3.27971778076904,
                2.71941718408932,
                -3.42805513161248,
                2.44876846400547,
                0.3966891162865,
                -2.43499453861515,
                0.324317266244575
            ],
            "SE": [
                0.803256007359631,
                0.287200093012299,
                0.818490974536395,
                1.25396240344054,
                0.33894647497836,
                0.332635092484551,
                0.507353842588425,
                0.296911362585202,
                0.300349541882383
            ]
        },
        {
            "mean": [
                -1.59073096311725,
                -2.18528807318369,
                -1.23018493188164,
                0.679407591976119,
                -0.375438195334333,
                -0.753527565711501,
                1.62796733021802,
                1.70612752630662,
                -1.58576176028352
            ],
            "median": [
                -1.4726812256132,
                -2.2735014753291,
                -1.21348964510343,
                0.915917912980288,
                -0.598462411464074,
                -0.75198489983528,
                1.62748874730524,
                1.70799491288688,
                -1.59511262686267
            ],
            "SE": [
                0.472569003154426,
                0.486976566041283,
                0.421717487669886,
                0.727435667210251,
                0.752086824945187,
                0.291729163581191,
                0.306810540896637,
                0.309597703386732,
                0.296868817916219
            ]
        },
        {
            "mean": [
                -1.38797537831254,
                -0.257853099437886,
                1.59150585915785,
                0.243103367005799,
                -1.96020698650545,
                -0.0264291402401129,
                1.81896515473442,
                -1.38649724403592,
                0.372653797161173
            ],
            "median": [
                -1.39090436783496,
                -0.250727186905332,
                1.59296626360637,
                0.239748875198131,
                -1.96505585618358,
                -0.0273449051422821,
                1.80834766709679,
                -1.39417785615641,
                0.369111559257251
            ],
            "SE": [
                0.271541558591852,
                0.303511419817735,
                0.423084405499771,
                0.310239096755939,
                0.345188262020695,
                0.294159302116912,
                0.287450670052255,
                0.291362237834768,
                0.300812424451265
            ]
        },
        {
            "mean": [
                -0.790534291707607,
                -0.671088379562226,
                1.70042811148431,
                -0.756661710094736,
                -0.549250311356971,
                1.12890740598114,
                -0.623960695261861,
                -0.617402429173422,
                3.2234548782822
            ],
            "median": [
                -0.817568249128259,
                -0.648138756110018,
                1.69969899592762,
                -0.873537582333548,
                -0.503123360642106,
                1.1262317663716,
                -0.642232300304668,
                -0.620804464859466,
                3.22564550733561
            ],