{
    "uid": "224e56ad-4b42-4b6d-89f9-8daa47af3dc3",
    "scenario_uid": "b56e398eaedbdad34cec9e8a634c0fba",
    "iteration_uid": "2b7ed7618037a8cbc6f69033b1921ff0",
    "PD_subj": [
        {
            "mean": [
                1.37714393088557,
                -0.0267218265708712,
                2.61048958830493,
                2.31027546112225,
                -2.38478344389892,
                -1.39225031522756,
                -0.163222272133562,
                0.946701411355464,
                2.46286054606266
            ],
            "median": [
                1.37560507300065,
                -0.0253933004407898,
                2.60736709078983,
                2.31246990603474,
                -2.37415382714105,
                -1.39078702934265,
                -0.164313130289328,
                0.941086134315729,
                2.46305329859169
            ],
            "SE": [
                0.306513739853765,
                0.296480381192397,
                0.286749144711353,
                0.30101901274809,
                0.299380348967645,
                0.307615799010573,
                0.310771014760344,
                0.299994505661608,
                0.310202781426802
            ]
        },
        {
            "mean": [
                4.47836287328416,
                0.242168896985619,
                2.13228212258131,
                2.80679229752353,
                -1.0836060812212,
                2.07894929941503,
                0.939724934451311,
                -2.92721904950062,
                1.23676996563754
            ],
            "median": [
                4.48193310781823,
                0.244464730064711,
                2.13761787293528,
                2.80951896016032,
                -1.07866190319081,
                2.07735304171577,
                0.941863240041087,
                -2.93802615814089,
                1.23007185348655
            ],
            "SE": [
                0.310125994505151,
                0.285078601050222,
                0.288419990487016,
                0.313820328177819,
                0.305271764380071,
                0.301812541912837,
                0.307595203772496,
                0.302599262455926,
                0.311770122138775
            ]
        },
        {
            "mean": [
                -1.35323964583492,
                -1.51672463804556,
                0.265767769218631,
                -0.713517612293217,
                -0.75089552162531,
                1.39515165383498,
                0.718596086120491,
                0.709873412510649,
                -3.36923103061573
            ],
            "median": [
                -1.14298630816596,
                -1.78089722835201,
                0.266120621947774,
                -0.711392671507275,
                -0.752947216293926,
                1.39483456611927,
                0.717012708595228,
                0.715336420264117,
                -3.37060096971025
            ],
            "SE": [
                0.742952263704681,
                0.742599495525747,
                0.28267751792909,
                0.351817888541535,
                0.331708648680293,
                0.304238779975339,
                0.312724982482714,
                0.300620606164759,
                0.308556819553732
            ]
        },
        {
            "mean": [
                -0.708466637570121,
                0.135634374371186,
                1.75827986396326,
                1.2689096566523,
                -1.30398535869527,
                -1.74490039757758,
                -0.457120322812008,
                -0.271619073215634,
                -1.04290593282379
            ],
            "median": [
                -0.707007739670851,
                0.134892475280013,
                1.76286209457676,
                1.27395629620496,
                -1.31043044758103,
                -1.73402761889863,
                -0.454460705982777,
                -0.272209360269452,
                -1.03786170529333
            ],
            "SE": [
                0.299468229801624,
                0.291351757541195,
                0.293850677091324,
                0.296939868334261,
                0.298772644436376,
                0.30937585130015,
                0.304270023424342,
                0.293614360756948,
                0.303533797180619
            ]
        },
        {
            "mean": [
                -0.724498251022434,
                -0.964941387004937,
                1.82955211784139,
                2.473208441416,
                -0.242574128535936,
                -0.7411987777839,
                1.83930895711626,
                -1.11082663484763,
                -0.962183626728005
            ],
            "median": [
                -0.72544895563258,
                -0.962582103739897,
                1.8218358217298,
                2.4801455744229,
                -0.236252476794322,
                -0.737265993000478,
                1.84319539183786,
                -1.11534757248552,
                -0.961281600178941
            ],
            "SE": [
                0.311685757226442,
                0.288576845659531,
                0.282368917008808,
                0.309553018387573,
                0.289879718969843,
                0.307088197225792,
                0.311314178124211,
                0.306454614652557,
                0.303085539755136
            ]
        },
        {
            "mean": [
                1.74285905240521,
                0.505480168214362,
                1.81665334023821,
                1.62824162629358,
                -2.0767579199156,
                -0.133497671720839,
                -0.840287625751752,
                -0.655703684361762,
                1.32821011521063
            ],
            "median": [
                1.74572865723781,
                0.515735880143979,
                1.81690192127936,
                1.61616420974663,
                -2.08495443525733,
                -0.139361488354333,
                -0.837428069657,
                -0.650212868700821,
                1.31982470835123
            ],
            "SE": [
                0.309517370431276,
                0.286934008818792,
                0.291452437874776,
                0.309286484369226,
                0.293767202895216,
                0.301337602929609,
                0.306516652554331,
                0.317135928568108,
                0.311344718970244
            ]
        },
        {
            "mean": [
                0.0159467933464657,
                -0.641250778330412,
                1.74923949082685,
                -0.262607960532011,
                -3.6118525475812,
                1.54433836095362,
                0.793702122841706,
                0.0142801666635378,
                -3.24803888525238
            ],
            "median": [
                0.011423224764362,
                -0.641157014263696,
                1.75204038954535,
                -0.262495875797356,
                -3.62138614645804,
                1.55630594073854,
                0.791101930580059,
                0.0146234704727128,
                -3.24571834664182
            ],