{
    "uid": "c5dbff91-a1da-41d3-aa51-d5ee3cb37540",
    "scenario_uid": "b56e398eaedbdad34cec9e8a634c0fba",
    "iteration_uid": "2e544e2d0021b2e464077311612f71fc",
    "PD_subj": [
        {
            "mean": [
                -1.87779024030758,
                -1.02888505137045,
                -1.31237443891231,
                1.02308506542358,
                -0.984017482819322,
                -0.962639453733528,
                -2.09315706460892,
                -0.925907603667052,
                -0.931532193361843
            ],
            "median": [
                -1.88778295112627,
                -0.566636992989825,
                -1.72317635676512,
                1.02475726358019,
                -0.986742751084289,
                -0.963911121646616,
                -2.08825500757269,
                -0.920027570910043,
                -0.934214568388163
            ],
            "SE": [
                0.324870998596049,
                0.928173221148651,
                0.938483447303502,
                0.295039681992342,
                0.325393214489744,
                0.285413456112542,
                0.303330302205952,
                0.305339793082111,
                0.285292505520042
            ]
        },
        {
            "mean": [
                -1.20098701809185,
                -0.747662262111478,
                1.79089604016817,
                0.697912990230501,
                -2.8513890250734,
                -0.393752357527053,
                -1.78577068415961,
                0.226455430053363,
                -0.831151710123726
            ],
            "median": [
                -1.20578579426287,
                -0.74386251374388,
                1.79050478375082,
                0.702072681497547,
                -2.85024982254904,
                -0.400849543078252,
                -1.7751674279198,
                0.2263764698012,
                -0.83234268565709
            ],
            "SE": [
                0.315001294232975,
                0.270490141010227,
                0.290352644411685,
                0.28946982012132,
                0.318387324108821,
                0.279847678857273,
                0.30360438281007,
                0.302231484591494,
                0.275873776429754
            ]
        },
        {
            "mean": [
                -3.41339645303386,
                -0.597305476125792,
                0.971666087375112,
                -1.32407012635444,
                -2.07341049908039,
                -1.31644039866183,
                1.69251170621779,
                0.418324785485463,
                1.75365302771058
            ],
            "median": [
                -3.40776572331769,
                -0.593952096411469,
                0.968499912900793,
                -1.32337416186583,
                -2.0683286771697,
                -1.31101622217453,
                1.68425663572551,
                0.421887643286566,
                1.75671917384514
            ],
            "SE": [
                0.30505207430312,
                0.280247775533906,
                0.301557472497093,
                0.285668925231267,
                0.317445472099159,
                0.285997819274385,
                0.31163571176155,
                0.298011552501756,
                0.277985347940836
            ]
        },
        {
            "mean": [
                0.946625139938403,
                -0.262370582446714,
                -0.437090687764902,
                1.0373938924105,
                -1.22699803447749,
                -1.07284920364489,
                2.08199605218272,
                -1.18836218037772,
                -0.617972576633379
            ],
            "median": [
                0.937727512828952,
                -0.251771565770197,
                -0.449916891767956,
                1.04607877854798,
                -1.23026122067237,
                -1.06224735257463,
                2.08434758468065,
                -1.41186939531455,
                -0.380851818957988
            ],
            "SE": [
                0.310790531664953,
                0.319827018528302,
                0.338461359107152,
                0.298883302503439,
                0.36951513952961,
                0.327091097806781,
                0.307507039554119,
                0.679907999302084,
                0.652527666244453
            ]
        },
        {
            "mean": [
                -2.75238561459719,
                -1.39758299055844,
                0.42802181773677,
                1.23245865505267,
                -0.618829207324735,
                0.443500695179004,
                -2.66758589094181,
                0.936094158254313,
                0.314012618470286
            ],
            "median": [
                -2.75306437937109,
                -1.39154712926828,
                0.434394159816013,
                1.23416156766007,
                -0.62155998875328,
                0.440233947774476,
                -2.66474944577895,
                0.929054967869105,
                0.312124776927157
            ],
            "SE": [
                0.30804031878242,
                0.271743204891862,
                0.301200604672454,
                0.292543193010756,
                0.328419187198021,
                0.276572056462588,
                0.310629922662449,
                0.298814446556918,
                0.280049964666221
            ]
        },
        {
            "mean": [
                -0.719588065970358,
                -0.521868001813789,
                3.21299609404313,
                -1.34837902450634,
                1.00943169815888,
                -1.83856318660112,
                -1.17169249656306,
                -2.23050544414191,
                -0.324339309602156
            ],
            "median": [
                -0.723804257105854,
                -0.529551008359682,
                3.21348694848146,
                -1.35025864778959,
                0.995818749015171,
                -1.83435252678496,
                -1.17321904199175,
                -2.22736972131095,
                -0.324199039891862
            ],
            "SE": [
                0.315690120146407,
                0.269312305358721,
                0.293316942424283,
                0.283418674563444,
                0.314277809572299,
                0.281745940414214,
                0.30393293209008,
                0.296298760948687,
                0.275693096796771
            ]
        },
        {
            "mean": [
                1.20206263649905,
                0.610927118697619,
                1.89279575381289,
                1.90637513674313,
                -0.69773266987655,
                0.331139074730347,
                -0.408011280623922,
                -0.907155385404211,
                -1.16282061165527
            ],
            "median": [
                1.20636026718788,
                0.605621906672757,
                1.89621042601106,
                1.90925131643211,
                -0.687232152844631,
                0.337077059808415,
                -0.412524822003659,
                -0.908831944388891,
                -1.15658666227384
            ],