{
    "uid": "61f1925d-19a0-4fb8-b919-79c96cf48c8c",
    "scenario_uid": "b56e398eaedbdad34cec9e8a634c0fba",
    "iteration_uid": "2ee2a1ae902e8e5fd669f0038e67a33d",
    "PD_subj": [
        {
            "mean": [
                0.160788852802621,
                0.561846808623595,
                -2.09397794120865,
                1.92468711866762,
                -2.59851373253505,
                -0.671758592580778,
                1.27092379916256,
                -0.0664330291357984,
                -0.347638040140048
            ],
            "median": [
                0.160742461462378,
                0.570811319669382,
                -2.10201186663387,
                1.92604768138512,
                -2.59778773757372,
                -0.672057216113874,
                1.26910001736983,
                -0.0667804070875135,
                -0.34616332794126
            ],
            "SE": [
                0.448795822121165,
                0.295726386901443,
                0.299394093349353,
                0.28829316011642,
                0.296792541704289,
                0.294771160407777,
                0.289106013038131,
                0.299258210721759,
                0.283444375893866
            ]
        },
        {
            "mean": [
                1.89012666125173,
                -0.139884995043753,
                1.10240971815854,
                2.36896280110538,
                -1.08791253373263,
                -1.22765459649619,
                0.957703523148666,
                -3.4206986383724,
                -0.404377155810296
            ],
            "median": [
                1.88818717623,
                -0.135688459242457,
                1.10027003014856,
                2.36714577656286,
                -1.0928400407539,
                -1.23289239000211,
                0.958851051351763,
                -3.42756062870863,
                -0.409919221487852
            ],
            "SE": [
                0.453454268629412,
                0.286666244842775,
                0.292580919922441,
                0.287342483960205,
                0.29993134862483,
                0.292943060776252,
                0.285747373788291,
                0.29572178152458,
                0.285514370630347
            ]
        },
        {
            "mean": [
                -0.329175259226022,
                -0.813964411794963,
                1.3546460171604,
                0.563876903354593,
                -1.88179682042604,
                -1.78073456034785,
                1.53880216172728,
                -2.68858165191118,
                -1.54925795918151
            ],
            "median": [
                -0.334530174146593,
                -0.815195954616821,
                1.3578416322536,
                0.572457295911989,
                -1.87841057689817,
                -1.78151133197476,
                1.53992764934035,
                -2.68749244457085,
                -1.54884580773639
            ],
            "SE": [
                0.458201602938823,
                0.289385866083715,
                0.29872368109002,
                0.276960517024634,
                0.299622590787223,
                0.287702156221042,
                0.294004735947177,
                0.294869573956256,
                0.289706353084907
            ]
        },
        {
            "mean": [
                0.395455808353625,
                -2.52032460674079,
                2.11365648082245,
                1.03138514591999,
                -1.9556041419756,
                -2.60887291484208,
                0.816337286384343,
                -0.943682473424517,
                1.70317011434605
            ],
            "median": [
                0.387253243917454,
                -2.53014912174548,
                2.11648992699145,
                1.03642942408866,
                -1.95741641726076,
                -2.61179401479622,
                0.813729125058647,
                -0.943894080214801,
                1.69916276733716
            ],
            "SE": [
                0.451336847625892,
                0.290581112405384,
                0.304397191702377,
                0.293048124278535,
                0.295069647981559,
                0.290329878197484,
                0.292780659221052,
                0.284113742565128,
                0.286380333840413
            ]
        },
        {
            "mean": [
                -1.41052059095735,
                -1.18018164434269,
                1.93941338709884,
                0.770595917564899,
                -1.31612780823556,
                -0.491653133366394,
                2.12751597048808,
                -1.63132184369752,
                0.219647752736643
            ],
            "median": [
                -1.41649865612321,
                -1.17865277056211,
                1.94079674314583,
                0.763253739048777,
                -1.31486163727795,
                -0.494659273101164,
                2.12648380409586,
                -1.62893080227089,
                0.208674192564861
            ],
            "SE": [
                0.458424651129281,
                0.285766734575585,
                0.302470186375211,
                0.288458909624037,
                0.296114745779449,
                0.291781891394302,
                0.285274508949617,
                0.300418256682469,
                0.298151509394433
            ]
        },
        {
            "mean": [
                0.940478392981389,
                -0.0939515829769329,
                -0.0791444113923405,
                -1.10317722220453,
                1.33612176638644,
                1.34305485825249,
                1.95873483617598,
                -1.37768115096211,
                -1.36168339312903
            ],
            "median": [
                0.940453762432393,
                -0.0929921119411629,
                -0.0839037683055454,
                -1.10884860925853,
                1.33990800611519,
                1.34891718081519,
                1.96565933917359,
                -1.37417952275745,
                -1.36296570035365
            ],
            "SE": [
                0.450693181876327,
                0.304943729714211,
                0.311603878758311,
                0.281571581716121,
                0.323161769722318,
                0.297741699725142,
                0.296536630715171,
                0.306055225817807,
                0.295601304202026
            ]
        },
        {
            "mean": [
                -1.97434989576619,
                -0.325631828902539,
                1.64009679894686,
                0.928709366831778,
                -1.18649840949742,
                -1.25963536671461,
                -0.312072488109626,
                -3.62971972110172,
                -0.340300520388086
            ],
            "median": [
                -1.98096366275232,
                -0.325213260757782,
                1.64237337452566,
                0.93308579278748,
                -1.19415143181973,
                -1.26170286676405,
                -0.311032837966054,
                -3.62890151330961,
                -0.339599875048513
            ],