{
    "uid": "f9a2ff7d-18bf-4679-8646-8d9af060bfdb",
    "scenario_uid": "b56e398eaedbdad34cec9e8a634c0fba",
    "iteration_uid": "2f89f18baad9cb5bb523c1a706a68906",
    "PD_subj": [
        {
            "mean": [
                -0.602628730178997,
                -3.07186590089878,
                0.77984658868312,
                1.95097526402589,
                -2.00745726930536,
                -0.32712117554993,
                0.941732609598875,
                -1.65269096497493,
                -1.62625954901004
            ],
            "median": [
                -0.604704241666983,
                -3.07776549130421,
                0.770104758899178,
                1.94249769835032,
                -2.01789694264759,
                -0.329139743149923,
                0.935393775136688,
                -1.63932448916106,
                -1.62595865285702
            ],
            "SE": [
                0.296417573432528,
                0.37914999189977,
                0.288790071514848,
                0.292851372819512,
                0.3882815082529,
                0.290152621935237,
                0.291133831706964,
                0.387950192124054,
                0.293363464576824
            ]
        },
        {
            "mean": [
                -0.470073851820095,
                0.529707095389744,
                -0.185329547098485,
                2.82386955993826,
                -3.11374824027782,
                -0.280652336467198,
                -1.73624454026202,
                -0.803718187203217,
                -1.07282150194325
            ],
            "median": [
                -0.465357417730604,
                0.525552969826432,
                -0.190340400340489,
                2.81328399045332,
                -3.10701659525419,
                -0.279004010688406,
                -1.73551510586287,
                -0.808503467596899,
                -1.06777096305472
            ],
            "SE": [
                0.296490094758411,
                0.360297266889423,
                0.298623787273497,
                0.304006641257528,
                0.402729831655378,
                0.290023211844161,
                0.286982845380542,
                0.382332179985283,
                0.286351012822323
            ]
        },
        {
            "mean": [
                -0.111936721911541,
                0.487425418330521,
                0.912025468715829,
                -1.74760067618051,
                -1.49977924967314,
                -2.1524588546838,
                1.70904379999101,
                -3.83432718794628,
                0.561829332677782
            ],
            "median": [
                -0.0999338891471611,
                0.484816596725507,
                0.911461285909573,
                -1.74979113314225,
                -1.49858597125803,
                -2.15223101180269,
                1.70828990806923,
                -3.8324323940732,
                0.565699997298254
            ],
            "SE": [
                0.292286800368383,
                0.378903281089418,
                0.298057992879065,
                0.295454382260056,
                0.402508395288326,
                0.29000045281816,
                0.29667611973253,
                0.395109129452584,
                0.294275400024552
            ]
        },
        {
            "mean": [
                1.31657267575652,
                -0.113948654503743,
                -0.400184092259367,
                2.2724361427307,
                -3.26820121907757,
                -0.922295392847216,
                -1.56607150445924,
                -1.46754074446006,
                -0.0602480201536623
            ],
            "median": [
                1.32235464394973,
                -0.117374716097851,
                -0.401712863803398,
                2.27989598699895,
                -3.27786105875906,
                -0.92849831625562,
                -1.55821712070972,
                -1.46572251416954,
                -0.0639137936624714
            ],
            "SE": [
                0.292904447973627,
                0.380566944795715,
                0.295252060522753,
                0.303661347400238,
                0.395624490643393,
                0.28186839108307,
                0.296952924080111,
                0.387903398100152,
                0.299730083669748
            ]
        },
        {
            "mean": [
                -2.80044378833528,
                0.357320246590569,
                2.84739748627499,
                0.420432778907885,
                -2.33318119673407,
                0.880822409046911,
                1.20366022992266,
                -3.05768986814275,
                -2.55681541349633
            ],
            "median": [
                -2.79830463081379,
                0.359810886002044,
                2.8468351152637,
                0.419097132247092,
                -2.32155173754799,
                0.88935787636,
                1.20487703810722,
                -3.05051295372633,
                -2.56206441169618
            ],
            "SE": [
                0.284719598755701,
                0.370760964292309,
                0.296542570003416,
                0.289078760891159,
                0.395270378225857,
                0.294331850087772,
                0.293847351814674,
                0.382056640615771,
                0.302903146980369
            ]
        },
        {
            "mean": [
                0.478450692412733,
                -1.43034908055421,
                1.0079657982161,
                1.30097307163333,
                -1.21168054634625,
                -1.18093683146392,
                0.847005642644031,
                -0.905198314738711,
                0.754385147751127
            ],
            "median": [
                0.488155365928286,
                -1.42715576171132,
                1.00595894029973,
                1.30012129645908,
                -1.20543001801663,
                -1.18146398917057,
                0.842988664661243,
                -0.920151307350607,
                0.76016840544185
            ],
            "SE": [
                0.299848708461042,
                0.378255967849225,
                0.296524639796457,
                0.295347668746826,
                0.410274935831045,
                0.286038517489328,
                0.298092837762022,
                0.381010869867399,
                0.295621572765812
            ]
        },
        {
            "mean": [
                -0.407469588119856,
                -4.59826465614869,
                3.51821668263643,
                1.25579963712925,
                -2.37251868977791,
                2.11081821393655,
                1.41969114330344,
                -1.33111333782361,
                -1.42513669673916
            ],
            "median": [
                -0.405084712608937,
                -4.59597884237635,
                3.52132254290604,
                1.25835262344462,
                -2.36425299574965,
                2.10483984408423,
                1.41646757072685,
                -1.33300772533529,
                -1.41979908516862
            ],