{
    "uid": "93e16b33-12f2-47e5-8336-68957a4a24fe",
    "scenario_uid": "b56e398eaedbdad34cec9e8a634c0fba",
    "iteration_uid": "304b6c570343825569ba9ba912fd488e",
    "PD_subj": [
        {
            "mean": [
                0.758795789182934,
                -3.15695503701803,
                -0.94714893987881,
                1.94484772641014,
                -0.0737159603649887,
                -0.939990379612604,
                -0.0440827032532152,
                -1.07479101033915,
                -0.0489462903426494
            ],
            "median": [
                0.760921264724972,
                -3.15765873687409,
                -0.949835791699393,
                1.94081292764502,
                -0.0798450874979374,
                -0.945229854126369,
                -0.0470404683492243,
                -1.08188604995617,
                -0.047822762475951
            ],
            "SE": [
                0.271073950596897,
                0.528541022904267,
                0.296069514223053,
                0.275852583865964,
                0.326540819954112,
                0.281261068063624,
                0.312749857708853,
                0.398712806790056,
                0.292025308689759
            ]
        },
        {
            "mean": [
                -0.728368232568639,
                0.435666863066212,
                0.791520248168483,
                0.51499309711657,
                -2.79194969430668,
                -0.60743719317724,
                0.0411664068638366,
                -3.4658450990462,
                -0.593344933539465
            ],
            "median": [
                -0.730536550074338,
                0.435781920832459,
                0.788094346017961,
                0.510676202193375,
                -2.78678480858973,
                -0.611320681474555,
                0.0396009500035185,
                -3.45608183016509,
                -0.585348121371459
            ],
            "SE": [
                0.272991487033664,
                0.524450625486176,
                0.299638079566331,
                0.280749801491852,
                0.340336167891533,
                0.285530387213045,
                0.304581841157196,
                0.410130837548761,
                0.278513071916992
            ]
        },
        {
            "mean": [
                -1.23722467258076,
                -1.04091454870647,
                -1.61043390394111,
                0.852459498053221,
                -2.86830642553032,
                0.8314674442285,
                0.779726676433975,
                -0.82643101127472,
                1.07081539600365
            ],
            "median": [
                -0.985208264352247,
                -1.04365946156168,
                -1.83295078676239,
                0.850122609782701,
                -2.86497277755231,
                0.831812933509117,
                0.644147062105769,
                -0.829505930400013,
                1.20863549471282
            ],
            "SE": [
                0.673236467959657,
                0.509006806280662,
                0.676492889682374,
                0.283822421716857,
                0.324891489011151,
                0.282734297617339,
                0.554259017496407,
                0.401630881954946,
                0.5491924956828
            ]
        },
        {
            "mean": [
                -0.990319226617672,
                1.85364612132704,
                2.52755152461224,
                1.02115718912659,
                -3.30540949269069,
                -0.0819993208229962,
                -0.983760597241358,
                -3.05958134875613,
                -1.28356471355015
            ],
            "median": [
                -0.993844762487666,
                1.83260225833165,
                2.51864994189442,
                1.01863217651897,
                -3.30944593437725,
                -0.0854046266868242,
                -0.98364255986134,
                -3.0563411872314,
                -1.28358956636902
            ],
            "SE": [
                0.274158967817181,
                0.522783078237551,
                0.28908772130509,
                0.279453962317024,
                0.335475065204207,
                0.279236518389025,
                0.303170826891188,
                0.412028467412117,
                0.28951896388882
            ]
        },
        {
            "mean": [
                -0.488164964188481,
                -2.15807342750054,
                0.902493817373223,
                2.39578673644067,
                -0.515968401377596,
                -0.849070612472122,
                -2.40612877867243,
                0.267073640469975,
                0.618457170454473
            ],
            "median": [
                -0.483577646074464,
                -2.16595850158862,
                0.906242396646468,
                2.39455575655253,
                -0.504243643678817,
                -0.850121185187373,
                -2.41433906754784,
                0.267672354730457,
                0.623985037090846
            ],
            "SE": [
                0.274879164890201,
                0.517987376500326,
                0.301956872586827,
                0.276365301657225,
                0.325535226081575,
                0.283047699227759,
                0.312809302004236,
                0.400931681343103,
                0.28467843492415
            ]
        },
        {
            "mean": [
                0.281842629139241,
                1.72643738049073,
                0.267385376512493,
                0.409341372587316,
                -2.78311221981564,
                0.4168327434691,
                0.165573375761315,
                -1.76452534054155,
                0.196651005837159
            ],
            "median": [
                0.286951999810221,
                1.74166971513071,
                0.262473267257682,
                0.40708521911305,
                -2.78818731828821,
                0.409572380177333,
                0.159585064498263,
                -1.77049692967418,
                0.199304279039591
            ],
            "SE": [
                0.287114978995127,
                0.524883980917114,
                0.304410133755608,
                0.303653661894517,
                0.324199075625653,
                0.291494093453404,
                0.321233870410378,
                0.405060930627983,
                0.300892228087775
            ]
        },
        {
            "mean": [
                -0.389939786047697,
                -0.629096349450471,
                -0.625229213156717,
                0.520356950696911,
                -1.97691667919019,
                -0.0681678925481881,
                0.437692915233297,
                1.38951595267036,
                -2.49173449872628
            ],
            "median": [
                -0.391483508819084,
                -0.623788505992091,
                -0.629991444528867,
                0.523694950008698,
                -1.98074962950606,
                -0.0716169688234192,
                0.433757226167563,
                1.39477988364014,
                -2.49166570165062
            ],