{
    "uid": "64cb5ccf-9340-4e08-879e-71276bc170b9",
    "scenario_uid": "b56e398eaedbdad34cec9e8a634c0fba",
    "iteration_uid": "30755a0ec435eda9fe0a94fe55dcb6cf",
    "PD_subj": [
        {
            "mean": [
                -1.77356334702195,
                -2.14226763163589,
                1.49976193044494,
                1.80727640269292,
                -1.8549748324807,
                -0.392222701559585,
                -0.836151104167725,
                -0.0983310679414527,
                -0.582804264029362
            ],
            "median": [
                -1.77132699699087,
                -2.13406466732131,
                1.50541412647265,
                1.80690918927773,
                -1.85556942112928,
                -0.391552956943316,
                -0.840868943266644,
                -0.101706903316498,
                -0.589136773522774
            ],
            "SE": [
                0.294649214539646,
                0.286602237541577,
                0.302293347142498,
                0.286012904893722,
                0.28250578592878,
                0.297557525091689,
                0.325413805817776,
                0.287031659305955,
                0.294615179164168
            ]
        },
        {
            "mean": [
                1.39764962186006,
                -0.884995099641898,
                3.03118782864093,
                1.83829621420862,
                -3.70274392014525,
                0.738698898806057,
                1.61468316853664,
                -0.835962509955931,
                0.863273364941393
            ],
            "median": [
                1.40510518001078,
                -0.883333266887796,
                3.03100686659033,
                1.84199046586885,
                -3.70401469158858,
                0.739307927807331,
                1.60745823368383,
                -0.840387434794154,
                0.864489061565303
            ],
            "SE": [
                0.296682625221656,
                0.290797765185785,
                0.292486324880633,
                0.298619612286225,
                0.285782034863259,
                0.28776463955685,
                0.333682691272419,
                0.296109639921241,
                0.284818206147874
            ]
        },
        {
            "mean": [
                -0.61765783957941,
                -1.01316194467415,
                1.95696233604298,
                0.517428810508566,
                -0.659960094508036,
                -2.73748608312796,
                1.13690508342673,
                -1.87719295729618,
                -1.08618340019406
            ],
            "median": [
                -0.617263912515743,
                -1.01338776054726,
                1.95888122245836,
                0.526873918688326,
                -0.650279793877122,
                -2.73587021567894,
                1.13727364600802,
                -1.87967705848581,
                -1.08687025400849
            ],
            "SE": [
                0.296808708931875,
                0.300579891925747,
                0.2969236113025,
                0.295923615375483,
                0.287344742680972,
                0.288948302735558,
                0.326910297001656,
                0.294787405583968,
                0.293758265617286
            ]
        },
        {
            "mean": [
                2.73899601666883,
                0.592156047878143,
                0.22540860473231,
                1.3899006552619,
                0.0701082474327112,
                -0.595169201944569,
                1.33670095697557,
                1.34259694044196,
                -0.49535726614901
            ],
            "median": [
                2.75107199450435,
                0.584421693410669,
                0.220853805852106,
                1.39318600959323,
                0.0689463649896406,
                -0.589702253426444,
                1.3380802497723,
                1.34556688731814,
                -0.490417861864378
            ],
            "SE": [
                0.301856847892156,
                0.297675466419788,
                0.29756896103668,
                0.297045053543277,
                0.28841205598604,
                0.284267484878739,
                0.320805315093031,
                0.295603370536511,
                0.281205108575692
            ]
        },
        {
            "mean": [
                0.923768269851021,
                -1.61127170950795,
                1.1926935875253,
                0.632453419602218,
                1.55627872958205,
                -1.93056364629505,
                3.27383702735617,
                -1.13417023836909,
                0.327631597794825
            ],
            "median": [
                0.925549947357926,
                -1.61751822704417,
                1.19541364597447,
                0.637637691841345,
                1.54526875527756,
                -1.93587907671809,
                3.270989036412,
                -1.14110499496618,
                0.328893315521615
            ],
            "SE": [
                0.303505861898331,
                0.295780279611394,
                0.294709514033431,
                0.289018828071499,
                0.282076964090556,
                0.293073102395007,
                0.336611350234739,
                0.299204839055325,
                0.283984170111917
            ]
        },
        {
            "mean": [
                -1.03084732299405,
                -0.0377879933523234,
                -0.0454408995657583,
                -0.638854928236331,
                -0.857888861172951,
                -0.870309710874241,
                0.77260548498149,
                -1.80894572190515,
                -1.80042163793714
            ],
            "median": [
                -1.02363875185219,
                -0.0361071396474764,
                -0.045106846293308,
                -0.63900116838819,
                -0.85618846356844,
                -0.866371874530867,
                0.782127865446857,
                -1.81012442047306,
                -1.79405241747302
            ],
            "SE": [
                0.296790301364901,
                0.303407844802715,
                0.304630066241751,
                0.292220907739773,
                0.302505010265992,
                0.298247825665278,
                0.328871817370812,
                0.300802863416875,
                0.306333793727064
            ]
        },
        {
            "mean": [
                1.64921034147994,
                0.754631209429876,
                1.47624343949525,
                1.8186788314205,
                -1.42477423332698,
                -1.61369114581182,
                2.5978168458407,
                -0.490183485253101,
                -0.682263246469812
            ],
            "median": [
                1.65491627635391,
                1.32067176470937,
                1.47508423107069,
                1.82219156318667,
                -1.52725008956713,
                -1.6163451928776,
                2.60147099354262,
                -0.353719397767311,
                -0.642642498766371
            ],