{
    "uid": "bd4f2b7e-105d-4ed1-a986-90c27cf42ab2",
    "scenario_uid": "b56e398eaedbdad34cec9e8a634c0fba",
    "iteration_uid": "312744e003c5c2e9499e52eb560b48d5",
    "PD_subj": [
        {
            "mean": [
                -3.63932364842886,
                -3.14539517266627,
                2.02752344255571,
                2.79185308950607,
                -1.770397218714,
                0.163656161010009,
                0.504673049938492,
                -1.76666164983467,
                0.156551501453352
            ],
            "median": [
                -3.63313874337253,
                -3.14727750207099,
                2.02105810265092,
                2.78712496114039,
                -1.76501791231189,
                0.159575999275877,
                0.507006089155683,
                -1.77363549598756,
                0.159926127711079
            ],
            "SE": [
                0.313657272324541,
                0.300133409373724,
                0.290826628630064,
                0.297892431195081,
                0.291552590240231,
                0.295560162010763,
                0.286362262986139,
                0.285855122338111,
                0.306414785692545
            ]
        },
        {
            "mean": [
                -1.91799743005495,
                0.243547294866074,
                0.934334804876691,
                -0.787790832930155,
                0.496158794856322,
                -0.920887177380868,
                0.0998419348110434,
                -2.37080500472303,
                1.50414686402605
            ],
            "median": [
                -1.91304449175875,
                0.247084543267136,
                0.94071910192964,
                -0.78079828854877,
                0.505973602666302,
                -0.929491584932644,
                0.0991544340981351,
                -2.36685566112232,
                1.50163869769295
            ],
            "SE": [
                0.298517921902341,
                0.297553782888791,
                0.300639694072538,
                0.296864405230827,
                0.297856056747625,
                0.296279796998403,
                0.283185303778707,
                0.287221328127539,
                0.295375401021695
            ]
        },
        {
            "mean": [
                0.776194382521087,
                1.2888167766445,
                0.768899233142747,
                0.368169038885803,
                -0.879211506711631,
                -1.43808080096664,
                1.41852007860152,
                -1.26074008192505,
                1.69124608265437
            ],
            "median": [
                0.777777019562934,
                1.28652360330928,
                0.769961122897019,
                0.360006772707401,
                -0.877957745462627,
                -1.44092674075159,
                1.414217245805,
                -1.26574948374775,
                1.69858908873733
            ],
            "SE": [
                0.303588199410422,
                0.305109520007549,
                0.303846918460823,
                0.302705726467694,
                0.29923256356508,
                0.292220948762224,
                0.287041082627572,
                0.286612099817058,
                0.299651047222993
            ]
        },
        {
            "mean": [
                0.70218653029045,
                -1.34550375991235,
                3.21077567918709,
                1.17686448108198,
                0.174404501427564,
                -2.24466394728847,
                -0.332596311377127,
                -1.30731744780282,
                0.783857401743127
            ],
            "median": [
                0.71070112496805,
                -1.34859298695372,
                3.20540122799335,
                1.1771283096083,
                0.17523619867295,
                -2.24467770356379,
                -0.336744353864166,
                -1.30935018015624,
                0.785438162053566
            ],
            "SE": [
                0.299547512501935,
                0.305383576813873,
                0.308784732563944,
                0.298019474099783,
                0.301757499102536,
                0.298502017727509,
                0.283882840930419,
                0.290343311297272,
                0.2890888673096
            ]
        },
        {
            "mean": [
                0.175729590837794,
                -1.18057410334798,
                -1.46872948939911,
                0.671230861787475,
                -1.32680060407891,
                2.07738536861737,
                0.754492622344613,
                -2.61356400035062,
                2.2088625981076
            ],
            "median": [
                0.181193251591259,
                -1.17499899775914,
                -1.46842968441897,
                0.666567692038583,
                -1.32922387104834,
                2.07094437919347,
                0.748848649230993,
                -2.61671702465966,
                2.21092929671046
            ],
            "SE": [
                0.300375766954984,
                0.29995502476697,
                0.29997429946168,
                0.294934767390773,
                0.298189227140424,
                0.304072349006579,
                0.280007088813254,
                0.284901811868892,
                0.295787105133564
            ]
        },
        {
            "mean": [
                -2.5426602955889,
                -1.92674340781126,
                3.06490975534328,
                1.80360938851114,
                -0.954127768152963,
                1.6651583127943,
                1.20102359018364,
                -0.697084206669676,
                -2.21719723496622
            ],
            "median": [
                -2.54368251361708,
                -1.92806696517417,
                3.05710304660463,
                1.80897727593467,
                -0.959611444505981,
                1.66310312316518,
                1.1940056683413,
                -0.697202903669404,
                -2.21584347672996
            ],
            "SE": [
                0.29373262787303,
                0.298906461434735,
                0.301085004051854,
                0.286056601304974,
                0.28337135638593,
                0.296287171882908,
                0.281535525556043,
                0.286013460495798,
                0.291284482501452
            ]
        },
        {
            "mean": [
                0.438366383782223,
                -2.06560848938044,
                -0.680402421802814,
                1.38972677092886,
                1.96873141497988,
                -0.169804334422953,
                -0.769473625039954,
                -2.60782767804311,
                -1.04730876488469
            ],
            "median": [
                0.434893593447392,
                -2.06708704072472,
                -0.681338400957755,
                1.39575684591476,
                1.96423216927314,
                -0.166201836685934,
                -0.765194236194321,
                -2.61156622210872,
                -1.04028143136272
            ],