{
    "uid": "14538618-16fb-4e93-97b8-f144bd7fa54d",
    "scenario_uid": "b56e398eaedbdad34cec9e8a634c0fba",
    "iteration_uid": "3154feca6467315cd60d27218194b519",
    "PD_subj": [
        {
            "mean": [
                -2.53064419652484,
                0.236767220089386,
                -0.44684636672155,
                2.96427849581085,
                -0.424677100523079,
                -3.18395530739556,
                -0.413852869695655,
                -2.37157074764377,
                -0.808325519976297
            ],
            "median": [
                -2.52292970022519,
                0.230000185067243,
                -0.443072078065183,
                2.96172739088863,
                -0.426056530709503,
                -3.17937978155071,
                -0.415944265408672,
                -2.3736844741458,
                -0.808899178289466
            ],
            "SE": [
                0.395378475961537,
                0.279270975956355,
                0.305095975142563,
                0.342906075717511,
                0.302453645097912,
                0.299535552630862,
                0.374257005563645,
                0.30138620648903,
                0.275709220533699
            ]
        },
        {
            "mean": [
                -4.30094832030688,
                0.260895860906828,
                0.259674354213668,
                2.55595951985007,
                -1.50523393984085,
                -0.0101639288501513,
                0.618231535268828,
                -5.40618697734072,
                -0.136641589145582
            ],
            "median": [
                -4.295087043447,
                0.26332258025185,
                0.256616449120693,
                2.56216576718324,
                -1.50104665930727,
                0.00106269471628619,
                0.607229034691706,
                -5.40372091690963,
                -0.130196616203644
            ],
            "SE": [
                0.394429222036535,
                0.285303281764973,
                0.504984456244438,
                0.348381542143407,
                0.310104119567583,
                0.679086627224526,
                0.385520337432333,
                0.308914301195928,
                0.400761291624592
            ]
        },
        {
            "mean": [
                0.540385046328962,
                0.236390674397617,
                2.35423782808766,
                0.501327194669979,
                -2.69657073939311,
                -1.59228016805388,
                2.77549507342163,
                -0.704614927329141,
                0.310077866712223
            ],
            "median": [
                0.545910822414574,
                0.237473352284408,
                2.3572803630032,
                0.497658388694633,
                -2.69516787678662,
                -1.59299589308313,
                2.77689096533441,
                -0.717588689905092,
                0.308826146071718
            ],
            "SE": [
                0.411046316416612,
                0.284659489528857,
                0.297990182495796,
                0.339803371212891,
                0.302640863281214,
                0.309852252181671,
                0.395421612500537,
                0.291402644134607,
                0.27053134580146
            ]
        },
        {
            "mean": [
                -3.53313664513791,
                -1.21924555982637,
                0.533085111140407,
                2.14750763041986,
                -1.87345448166888,
                1.84591628051712,
                -0.675525414605511,
                -2.14078869168043,
                0.0526230510233649
            ],
            "median": [
                -3.54640557342653,
                -1.21638337755901,
                0.537607808767493,
                2.14815704936469,
                -1.87151053243661,
                1.85721194773424,
                -0.678874485238234,
                -2.14313054110493,
                0.0576373419358443
            ],
            "SE": [
                0.406145721176401,
                0.290837422521266,
                0.292348716608477,
                0.338423356428061,
                0.306624255110514,
                0.29795881569082,
                0.396568586036208,
                0.30471139460314,
                0.276873168104658
            ]
        },
        {
            "mean": [
                -2.15070518864438,
                0.0715118262039326,
                -1.06636804909514,
                -0.838637855563752,
                0.42404406042017,
                -2.23289887399135,
                -1.49212455918384,
                -2.55048836632167,
                1.4740880334008
            ],
            "median": [
                -2.15139865559803,
                0.0672582285364288,
                -1.06667528085865,
                -0.840086710578413,
                0.412407434007525,
                -2.23322867443417,
                -1.48746180201022,
                -2.5448403067258,
                1.47220041792955
            ],
            "SE": [
                0.398081523397774,
                0.289179434595477,
                0.293136853619876,
                0.344432458981874,
                0.299438052372155,
                0.296273318152026,
                0.38031180137942,
                0.298270882479721,
                0.278036745635326
            ]
        },
        {
            "mean": [
                -0.295765573653701,
                -2.43660338622859,
                1.45718615120409,
                -1.73125777107661,
                0.0905425213021503,
                0.407172288050064,
                -0.367069729205089,
                -1.13873614345412,
                -0.609957130934815
            ],
            "median": [
                -0.309526941311303,
                -2.43249184388162,
                1.45247828566341,
                -1.73792157536528,
                0.0916325375633226,
                0.41212126370047,
                -0.372515009183969,
                -1.14526185767085,
                -0.615358188086078
            ],
            "SE": [
                0.393925881280535,
                0.290833376324852,
                0.298161171780305,
                0.341838466445099,
                0.304606791099154,
                0.300501270165681,
                0.378005431530802,
                0.305443652516767,
                0.278288021250882
            ]
        },
        {
            "mean": [
                -0.597406183456922,
                -0.610873130955994,
                1.423436157455,
                0.853009941085992,
                -3.02071316283084,
                -0.785020995689259,
                2.15806285761868,
                -0.480985210870066,
                0.878907217486138
            ],
            "median": [
                -0.594017182224341,
                -0.608725754193739,
                1.41800912228418,
                0.851385683273881,
                -3.03095229778553,
                -0.786730000247442,
                2.16790105721452,
                -0.485255957536955,
                0.881354109555524
            ],