{
    "uid": "55e1de6b-5bfb-4f66-ab3d-775c3d1e2d02",
    "scenario_uid": "b56e398eaedbdad34cec9e8a634c0fba",
    "iteration_uid": "31bcc35bbf80d4747e4637182babd02c",
    "PD_subj": [
        {
            "mean": [
                -1.62363530060858,
                -1.51525966430491,
                1.44726761154949,
                2.18764136816606,
                -2.54703831476172,
                0.321336666510236,
                1.10659847539738,
                -0.921635235085406,
                -1.18045247634606
            ],
            "median": [
                -1.61703106031223,
                -1.50619558401968,
                1.45311175634706,
                2.18277320716905,
                -2.55361044646879,
                0.32874581895532,
                1.10610350260874,
                -0.923146800931275,
                -1.18979218089766
            ],
            "SE": [
                0.297461712764827,
                0.293872332199668,
                0.301578456578036,
                0.284660571041204,
                0.3089415649971,
                0.471314611412704,
                0.273194581487927,
                0.287415624322201,
                0.348213291792118
            ]
        },
        {
            "mean": [
                -2.27292998224618,
                0.314413531473044,
                0.873373186488288,
                1.79422418114195,
                -3.09882775537096,
                -0.698619643191807,
                0.955082635729057,
                -1.47134146452868,
                -0.93166002591086
            ],
            "median": [
                -2.27006084413971,
                0.319858405593256,
                0.878054332440899,
                1.79488456238847,
                -3.09915102105313,
                -0.692912264516192,
                0.955767502670381,
                -1.46545169343364,
                -0.931846149460285
            ],
            "SE": [
                0.288827237903547,
                0.283941896890363,
                0.31019525155887,
                0.289178106874916,
                0.301820307819204,
                0.461648189357395,
                0.279039582292501,
                0.297969681252543,
                0.337006411963721
            ]
        },
        {
            "mean": [
                -2.34549684572574,
                -1.1831168450568,
                -1.21689076547758,
                2.27854899751099,
                -0.989675362972372,
                -1.29439438558575,
                -0.781632402979833,
                -0.828761736113773,
                -1.01652945977843
            ],
            "median": [
                -2.34584354718448,
                -1.17678169872419,
                -1.21412916453022,
                2.27749115205296,
                -0.75990644990996,
                -1.41032563354069,
                -0.783781634483959,
                -0.757570632910529,
                -1.05839287337746
            ],
            "SE": [
                0.299578459329422,
                0.294818192784474,
                0.317110169563212,
                0.28648780058606,
                0.715155650543639,
                0.773177181183065,
                0.266932838954633,
                0.511520909243093,
                0.513790229961371
            ]
        },
        {
            "mean": [
                1.18959526449497,
                -1.31537490310041,
                -1.40386408507764,
                0.424449188867268,
                -2.08915028922487,
                1.62549910248841,
                1.9033264173739,
                0.479803453318007,
                -2.49172660044965
            ],
            "median": [
                1.17908513493483,
                -1.30902287112587,
                -1.40122291684448,
                0.425937422094059,
                -2.09801866107039,
                1.62968534433471,
                1.90715240189671,
                0.479434392976582,
                -2.49065291494316
            ],
            "SE": [
                0.297411765776616,
                0.290493995947051,
                0.308854768515609,
                0.286621013763644,
                0.306284641009076,
                0.46592423110451,
                0.276859535937949,
                0.29728310883213,
                0.358378356232378
            ]
        },
        {
            "mean": [
                -0.901496655501322,
                -2.33825106448626,
                1.12208935515128,
                0.120495014121394,
                0.583797034953402,
                -2.71967843053568,
                -0.286008799465978,
                -2.47048491697448,
                0.24419819174768
            ],
            "median": [
                -0.910953584207572,
                -2.33396455180863,
                1.12982938270259,
                0.119688393044848,
                0.576923423444884,
                -2.71475412317205,
                -0.294967862844873,
                -2.4755918809232,
                0.238434527971553
            ],
            "SE": [
                0.302702840193181,
                0.284840964432809,
                0.309481082731438,
                0.289983514158862,
                0.298997802499265,
                0.467558186700975,
                0.274004559490044,
                0.293021081841872,
                0.347766989625602
            ]
        },
        {
            "mean": [
                2.40714992531964,
                -0.656035468694266,
                0.146598920939165,
                0.785596863202858,
                -2.20433918225379,
                -0.0169817783981462,
                -0.44704196561156,
                -3.43749023979125,
                -1.81853217368054
            ],
            "median": [
                2.40604704662219,
                -0.656417448304469,
                0.140549032092104,
                0.792034293485842,
                -2.20162677260925,
                -0.0139474233147908,
                -0.448717804495524,
                -3.43617941273355,
                -1.82519323336938
            ],
            "SE": [
                0.283394009424661,
                0.283613738631989,
                0.308780576999654,
                0.288954402746028,
                0.297237026795342,
                0.464707792080115,
                0.274379621308939,
                0.292156562130932,
                0.337975347263638
            ]
        },
        {
            "mean": [
                0.296047145452856,
                0.120878364861641,
                0.371789224968615,
                0.127812848827454,
                -0.77318115037876,
                -0.0660931369513567,
                0.544462172014358,
                -2.65949621463863,
                0.556616423123659
            ],
            "median": [
                0.290348876972818,
                0.115436466145895,
                0.386464691836616,
                0.346787186291495,
                -0.771964587304685,
                -0.133916368588799,
                0.543683584136308,
                -2.66224231435542,
                0.558632374998216
            ],