{
    "uid": "6c93982d-de1f-49fc-9746-41463bf77794",
    "scenario_uid": "b56e398eaedbdad34cec9e8a634c0fba",
    "iteration_uid": "3210223f52ae604abfa7fd888d079acf",
    "PD_subj": [
        {
            "mean": [
                0.899305095403817,
                0.881577338237278,
                1.44583123218287,
                -1.72150396151777,
                -3.02632782967739,
                -1.50259068721223,
                -0.08594498538419,
                -2.24593490016754,
                -1.60279315181823
            ],
            "median": [
                0.89774478426168,
                0.888639602455008,
                1.44539392791874,
                -1.71948607556774,
                -3.03095638427113,
                -1.49414084527575,
                -0.0857087774503749,
                -2.24778730572664,
                -1.60725897975219
            ],
            "SE": [
                0.290215864949227,
                0.296841590151741,
                0.280550449732489,
                0.299107407285107,
                0.310450980632901,
                0.289600915711054,
                0.287160871752871,
                0.311687079216169,
                0.300489039405361
            ]
        },
        {
            "mean": [
                -0.932440056905666,
                -1.30170854335571,
                -0.855420694824149,
                0.528864637625434,
                -3.75834700379935,
                0.195132920634866,
                0.711193511848321,
                1.43555320126069,
                -0.0477612276805404
            ],
            "median": [
                -0.930025585141763,
                -1.30034003870313,
                -0.896995278820083,
                0.548393613817916,
                -3.76214228079654,
                0.199188667422881,
                0.82520282303865,
                1.43501870265861,
                -0.170283325302539
            ],
            "SE": [
                0.299991043439832,
                0.289853334806622,
                0.424213679610846,
                0.341358218961525,
                0.303172866936085,
                0.391614918328231,
                0.518532290702898,
                0.316857652067384,
                0.532805793233672
            ]
        },
        {
            "mean": [
                -0.039744704315937,
                -0.176499978543902,
                -0.0429594889828422,
                -1.2289718771497,
                -1.12121796236097,
                -1.24861284104078,
                0.43833462420012,
                0.10788467572394,
                0.336484444724416
            ],
            "median": [
                -0.031986861790337,
                -0.209749761382333,
                -0.0420610547554995,
                -1.26085381752863,
                -1.12109531738589,
                -1.27212417256219,
                0.540510369312001,
                -0.00847885595551851,
                0.441053563060893
            ],
            "SE": [
                0.397030731945888,
                0.403953924250684,
                0.410825673821058,
                0.472507494012291,
                0.382964848949675,
                0.391554441103068,
                0.549099039890787,
                0.57742508340849,
                0.566857222334446
            ]
        },
        {
            "mean": [
                -2.05247240349302,
                -1.55501584766907,
                1.96050653857537,
                1.96575396763736,
                -2.1987053662384,
                0.0891176073976922,
                2.64114943326158,
                -4.37586400506592,
                -0.586425766809221
            ],
            "median": [
                -2.0623048394414,
                -1.55107310108567,
                1.9587907126029,
                1.96469537825127,
                -2.20070416608026,
                0.0919573073607303,
                2.63649232896959,
                -4.36528029432526,
                -0.58957241423717
            ],
            "SE": [
                0.302246618512447,
                0.280859297788565,
                0.28446852784681,
                0.296892118529514,
                0.292930120525215,
                0.290123193968504,
                0.287047408978849,
                0.317893037330905,
                0.292835750811339
            ]
        },
        {
            "mean": [
                -0.226607532089413,
                -2.8328935510541,
                0.936046435426052,
                2.78529223972961,
                -1.60142035310595,
                -0.878892222860831,
                1.12736261684112,
                -2.0830538449211,
                1.63700713789786
            ],
            "median": [
                -0.222707458642211,
                -2.83406180311419,
                0.935203215849719,
                2.77930248125862,
                -1.60870850075347,
                -0.867317649013552,
                1.12978551211916,
                -2.08594209922981,
                1.63590354091643
            ],
            "SE": [
                0.300744784638279,
                0.29065950171207,
                0.281790718929227,
                0.297523011729326,
                0.291081862034128,
                0.294522240368946,
                0.284365681065061,
                0.311518597498348,
                0.298025399353596
            ]
        },
        {
            "mean": [
                -0.831167166998646,
                -0.986534284256053,
                -0.169399025589493,
                0.513889773447645,
                -0.934214673069732,
                -0.332140645433222,
                2.66148138499471,
                -2.43086815771218,
                0.832664441063717
            ],
            "median": [
                -0.829666638003565,
                -0.985667287096614,
                -0.170319539442942,
                0.512940531460039,
                -0.939025375525115,
                -0.326475925865259,
                2.66507678900541,
                -2.42963640292035,
                0.840278941301924
            ],
            "SE": [
                0.295230963378011,
                0.286066139625581,
                0.283331133883406,
                0.299315769263717,
                0.298380013326759,
                0.299799072331547,
                0.299926524281853,
                0.316092378987271,
                0.287893790887293
            ]
        },
        {
            "mean": [
                -0.659766149329171,
                -2.17920309366367,
                0.550197749824708,
                1.11920800034083,
                -2.78525794830888,
                -1.28512648505751,
                1.86030129884931,
                -0.377700227851307,
                1.75980606699399
            ],
            "median": [
                -0.655878802467944,
                -2.17431520147897,
                0.54895063143517,
                1.12461520817886,
                -2.78853908907588,
                -1.28159011232961,
                1.86089703652867,
                -0.383202736949522,
                1.76035588951344
            ],