{
    "uid": "0c7590fb-b957-46c8-a80c-9be6a5e36e4a",
    "scenario_uid": "b56e398eaedbdad34cec9e8a634c0fba",
    "iteration_uid": "3240e1cfba229b6b5c08fb664e61e311",
    "PD_subj": [
        {
            "mean": [
                -1.42515644545663,
                0.215125498410331,
                0.13452762001187,
                1.94562329612369,
                -2.71023211040241,
                -2.5148280933621,
                1.13607512279971,
                0.515457117387184,
                0.545776231016694
            ],
            "median": [
                -1.42711194507672,
                0.21631295802375,
                0.188624702874256,
                1.96363438706408,
                -2.70272313032314,
                -2.70572494296073,
                1.13488087518097,
                0.510074826578225,
                0.532943084017541
            ],
            "SE": [
                0.277927963997705,
                0.342348781652821,
                0.450548795368355,
                0.330087391629341,
                0.362166976471705,
                1.01159672106221,
                0.302330324976789,
                0.328970508452151,
                0.335754064021479
            ]
        },
        {
            "mean": [
                -0.0326821911283454,
                -2.37932112747788,
                0.00462065606498786,
                0.846813373025932,
                -1.8193665551825,
                0.652460044496757,
                0.503985257425573,
                -2.09808423051762,
                0.519136308522511
            ],
            "median": [
                -0.0280893452805414,
                -2.37559706122683,
                0.003099678445086,
                1.02906068131135,
                -1.81098540500901,
                0.506468344204716,
                0.502370049909199,
                -2.10681541913781,
                0.525768629764638
            ],
            "SE": [
                0.319418147855798,
                0.310011835853083,
                0.321251569136102,
                0.669825272182966,
                0.330998769671673,
                0.67624755184965,
                0.319230294219341,
                0.29759032988724,
                0.295228213090441
            ]
        },
        {
            "mean": [
                -0.757335962148545,
                -0.1176524228821,
                0.800688829559288,
                0.88837425706689,
                -2.19857000132509,
                -2.16582918853806,
                2.82505210342516,
                -0.510212206073791,
                -0.403464246349884
            ],
            "median": [
                -0.756837560878322,
                -0.282110855603443,
                0.994159196414935,
                0.897174501311135,
                -2.19957367821047,
                -2.27692016538843,
                2.81797615368264,
                -0.507255232335031,
                -0.425771040433555
            ],
            "SE": [
                0.287944422197573,
                0.616352190376562,
                0.637424789618876,
                0.310734011122416,
                0.339358914248476,
                0.648423261364388,
                0.307998531464063,
                0.297605409596556,
                0.345103245003006
            ]
        },
        {
            "mean": [
                -2.14188433429247,
                -3.62031401543027,
                1.23928843523321,
                1.2650084265365,
                -2.80440747457671,
                0.164966180605906,
                1.27357805989809,
                0.839221699945673,
                1.4248475958711
            ],
            "median": [
                -2.14941212342984,
                -3.625297911064,
                1.23739465272644,
                1.26851471490022,
                -2.79937033359052,
                0.165459113045326,
                1.27458793722513,
                0.84855165559698,
                1.42717608581228
            ],
            "SE": [
                0.288431354723659,
                0.317638181968277,
                0.298743437467731,
                0.306436291646181,
                0.341269197585327,
                0.29902346949973,
                0.302110912733849,
                0.295467154847658,
                0.283456940693607
            ]
        },
        {
            "mean": [
                2.2407696845417,
                -0.0684496215206709,
                -1.53865924113619,
                0.794938919237488,
                -4.42811918421346,
                0.885555004603899,
                -1.09140191410515,
                -2.30545680747873,
                -1.52671042546779
            ],
            "median": [
                2.2379746368435,
                -0.0666466360009206,
                -1.53117925821012,
                0.795143203743694,
                -4.42481309869562,
                0.890403033389212,
                -1.09382951955342,
                -2.30312705849493,
                -1.53194699251198
            ],
            "SE": [
                0.28269060937723,
                0.316830443431164,
                0.294649038365809,
                0.311349697965015,
                0.34232848974971,
                0.303532859901051,
                0.307048207057897,
                0.295477918688008,
                0.284824048993102
            ]
        },
        {
            "mean": [
                -1.35844763357223,
                2.29346330647759,
                -0.558782303629634,
                0.502920468901,
                0.136421358977733,
                0.440554406237168,
                -0.246020864755865,
                -1.08340483404386,
                -0.477373407365633
            ],
            "median": [
                -1.44195791141329,
                2.86100733515674,
                -1.3655194310787,
                0.502709259616078,
                0.151675390878241,
                0.446940970100003,
                -0.338739778582931,
                -1.14146312413921,
                -0.411476686249634
            ],
            "SE": [
                0.496516001640527,
                1.57407620327189,
                1.78946456924809,
                0.338516451362579,
                0.416907158963024,
                0.350448270360071,
                0.546467227428211,
                0.426857934524608,
                0.478436852099988
            ]
        },
        {
            "mean": [
                -0.387153010715229,
                1.39363391071185,
                -0.958927273828194,
                -0.523579230756074,
                -2.09359438971375,
                0.432707773319253,
                2.29865813288612,
                -1.39795467121656,
                -0.726728378010731
            ],
            "median": [
                -0.384598584064329,
                1.39783011783281,
                -0.956644165683675,
                -0.52106355467473,
                -2.10238531289861,
                0.426423239052333,
                2.29106584140007,
                -1.39967367747841,
                -0.732877477413586
            ],