{
    "uid": "b7cda623-1466-4f5f-bc12-67c1f78cb41d",
    "scenario_uid": "b56e398eaedbdad34cec9e8a634c0fba",
    "iteration_uid": "3278f68bc9f45080622e0243cb6c0fd6",
    "PD_subj": [
        {
            "mean": [
                1.49089693049879,
                -1.08045651680088,
                1.48556747564953,
                -0.616854810338942,
                0.436771248573242,
                -0.619511827425046,
                2.20131089148219,
                -1.6269181069427,
                2.19277471200966
            ],
            "median": [
                1.48351813726,
                -1.07853105914876,
                1.48183128735123,
                -0.617074785034892,
                0.422763756079039,
                -0.618724514187959,
                2.19902928586139,
                -1.62232336543836,
                2.19069725856174
            ],
            "SE": [
                0.312165265304069,
                0.303560231971869,
                0.307953246104029,
                0.302413007259977,
                0.315500928951326,
                0.297029192844973,
                0.276198706339677,
                0.296012951011721,
                0.308038757938662
            ]
        },
        {
            "mean": [
                2.82057366351714,
                1.20162718850389,
                3.32373486741671,
                1.21796863635038,
                -2.33874942880565,
                1.37761445778706,
                1.76117618781438,
                0.200343050439163,
                0.126571983344518
            ],
            "median": [
                2.81949202612858,
                1.20094151698174,
                3.31650237645123,
                1.22789616211984,
                -2.33573805069792,
                1.3766009665297,
                1.76382419008744,
                0.197351022236518,
                0.127164939282809
            ],
            "SE": [
                0.299746790098989,
                0.295468516712881,
                0.281893370629379,
                0.283637871754476,
                0.320106293379519,
                0.279831785241162,
                0.264926782390432,
                0.305957684874007,
                0.286412513966625
            ]
        },
        {
            "mean": [
                -3.18066033593663,
                -0.822402345489944,
                4.02831552663435,
                0.213437892940936,
                -1.79947498313898,
                0.873367780337346,
                1.55102911534361,
                -2.51636178831526,
                0.904531816926072
            ],
            "median": [
                -3.19103613087191,
                -0.826311583096382,
                4.03127923875095,
                0.21731578835665,
                -1.79871912527545,
                0.874515119522551,
                1.55284061104915,
                -2.51283101581604,
                0.906102861998744
            ],
            "SE": [
                0.307181337268469,
                0.306096288422514,
                0.301041872498007,
                0.27995760323708,
                0.312667756181621,
                0.282640222434539,
                0.26978153368107,
                0.303084299673624,
                0.288895646953251
            ]
        },
        {
            "mean": [
                -0.455585687134976,
                -0.224843940137511,
                1.39564415348672,
                -0.0697724074635545,
                -0.139898490693984,
                -0.94951953209759,
                1.0693151979082,
                0.922810461118606,
                0.297166323239881
            ],
            "median": [
                -0.472441601802184,
                -0.363750770232673,
                1.43930957604497,
                -0.0770643035958521,
                -0.0921108957605705,
                -0.982279892855807,
                1.06947834067045,
                0.975431241367613,
                0.291757760394818
            ],
            "SE": [
                0.35732359151886,
                0.646125616698138,
                0.440505593440718,
                0.302647927696988,
                0.424713104593065,
                0.339151936484573,
                0.288396235514122,
                0.462302414479274,
                0.311383964153459
            ]
        },
        {
            "mean": [
                0.0566527230420185,
                -0.106888085307061,
                -0.0153421081768974,
                0.251133785172685,
                -0.505539203877644,
                -0.49500107400654,
                0.916449775177401,
                -0.79855263583781,
                -0.683632272440255
            ],
            "median": [
                0.0535921977565002,
                -0.10301596796109,
                -0.0106655710328967,
                0.249703652149959,
                -0.502252111083273,
                -0.534748528868326,
                0.909360388364254,
                -0.791061924974158,
                -0.759952267135037
            ],
            "SE": [
                0.292407932736807,
                0.423300353645786,
                0.403510415912758,
                0.280151910884651,
                0.351155878664634,
                0.358567262999317,
                0.270696069040968,
                0.30731624685812,
                0.504171162364751
            ]
        },
        {
            "mean": [
                0.0997683672601808,
                0.518097596706803,
                0.170645401866794,
                1.45380421705569,
                2.22587633589702,
                1.47488027970555,
                1.22811753384836,
                -3.08591561711739,
                1.24122688481463
            ],
            "median": [
                0.0555710240010813,
                0.512317780504926,
                0.211122689591584,
                1.42613264921278,
                2.22438905540544,
                1.49633896568302,
                1.20508252201228,
                -3.08875681882636,
                1.27329336844166
            ],
            "SE": [
                0.529860685885713,
                0.303937588381498,
                0.554940816189695,
                0.405994015031776,
                0.313526971489622,
                0.453043206785425,
                0.436057300227708,
                0.298155946964017,
                0.484679117650896
            ]
        },
        {
            "mean": [
                -0.489060686197345,
                -0.360504340934827,
                0.363114261305718,
                1.79115994840826,
                1.71428120602234,
                -0.102385652084254,
                0.37829247370079,
                0.39773153721688,
                0.64330365142809
            ],
            "median": [
                -0.637653419606597,
                -0.236217940922693,
                0.363436760408491,
                1.81274537978921,
                1.72515078773853,
                -0.103334313096136,
                0.370951867376237,
                0.401785388535366,
                0.644816223629744
            ],