{
    "uid": "9d6dbd6c-b665-4301-97d5-259e343dd840",
    "scenario_uid": "b56e398eaedbdad34cec9e8a634c0fba",
    "iteration_uid": "32da73d29b208c59b85b6197859157c6",
    "PD_subj": [
        {
            "mean": [
                -1.227474577347,
                -1.03198939146669,
                3.28863039656143,
                -0.0376352646252672,
                -2.70143210521813,
                1.86348432111372,
                -1.65433672334252,
                -3.9121084177732,
                -0.836049577699007
            ],
            "median": [
                -1.22626825050665,
                -1.02901090886738,
                3.29562180321662,
                -0.0375035368919185,
                -2.69376693330713,
                1.86197847490757,
                -1.64550064945313,
                -3.91245833810134,
                -0.825976070937126
            ],
            "SE": [
                0.298541499704915,
                0.280214681215434,
                0.303624801447447,
                0.302616782518054,
                0.305760944711822,
                0.305662421944864,
                0.304746855697166,
                0.298301436501807,
                0.294875484549091
            ]
        },
        {
            "mean": [
                -2.47954119579858,
                -0.596894958892843,
                3.12018340937821,
                1.16933544607985,
                -0.255736882773391,
                2.52867514987636,
                1.08948903781691,
                -1.70379646129601,
                0.0768272647844944
            ],
            "median": [
                -2.48443543334597,
                -0.588528982604048,
                3.11255029212846,
                1.15950674195704,
                -0.254238746426772,
                2.52666706825763,
                1.08870054005879,
                -1.70071496848691,
                0.0800611459704809
            ],
            "SE": [
                0.30197755988964,
                0.289393159333065,
                0.3002457318056,
                0.301248143215921,
                0.299309557549033,
                0.314307327031862,
                0.307115100665611,
                0.319211796356234,
                0.290650852699777
            ]
        },
        {
            "mean": [
                -0.535560639381474,
                -0.43025310465372,
                1.23316248588544,
                0.377557676466861,
                0.316831321278161,
                -0.72329666725205,
                3.12763242499895,
                -2.64314292811232,
                -0.919591271368677
            ],
            "median": [
                -0.53897103038808,
                -0.43543389470854,
                1.24199423548716,
                0.387003363445069,
                0.314140552350647,
                -0.716977830933207,
                3.12652203561789,
                -2.63896372076522,
                -0.919895285401716
            ],
            "SE": [
                0.297228986004177,
                0.277571801081142,
                0.302796808409278,
                0.300166913244829,
                0.304954211409218,
                0.311422504112215,
                0.305373532895242,
                0.303423441451507,
                0.295794835308407
            ]
        },
        {
            "mean": [
                -2.67772748267757,
                -0.704601878065864,
                0.470469531799561,
                1.48093639857942,
                0.196366167638189,
                -2.00289903824664,
                -0.945399595510983,
                0.577379071833886,
                -0.348624344703368
            ],
            "median": [
                -2.68043293338677,
                -0.704758994976973,
                0.47157300029503,
                1.47130408463284,
                0.200015177458818,
                -1.99721658250141,
                -0.940462308626801,
                0.577755646988255,
                -0.34258914816065
            ],
            "SE": [
                0.296384099213459,
                0.277876447565562,
                0.301869043058499,
                0.299403981940974,
                0.306298431064554,
                0.304954477375663,
                0.310970034952517,
                0.31606008727863,
                0.295257247730318
            ]
        },
        {
            "mean": [
                0.736469059562225,
                -1.66958984017679,
                -1.67981708107289,
                3.94740606383861,
                -1.35183257563702,
                0.79567179324273,
                -0.00289727895325933,
                0.984084457949561,
                -0.433736928676376
            ],
            "median": [
                0.733731928470165,
                -1.66751422678015,
                -1.67800548174677,
                3.94445664320889,
                -1.35340611986163,
                0.791794922094147,
                -0.00492630175346098,
                0.981055760043213,
                -0.435179808576064
            ],
            "SE": [
                0.297792282750999,
                0.29352190835634,
                0.304624527266439,
                0.296238549832453,
                0.315259025484261,
                0.302880892153872,
                0.317153381013482,
                0.318502861604116,
                0.294842756708093
            ]
        },
        {
            "mean": [
                -1.10388817793094,
                0.621115514389764,
                -0.788174848547352,
                2.1770698710418,
                -0.940688058355903,
                -0.695892088118004,
                2.50558076827557,
                -1.80372800366504,
                -2.3952732723144
            ],
            "median": [
                -1.10154202700252,
                0.621222908360603,
                -0.790386702791708,
                2.17923468424461,
                -0.947406664074809,
                -0.693532187796132,
                2.51270736706712,
                -1.80503230001614,
                -2.39793646821194
            ],
            "SE": [
                0.299961029135351,
                0.288146093274352,
                0.30160898712375,
                0.28950738727146,
                0.314024589677467,
                0.313274100783646,
                0.305221988408175,
                0.314293342113439,
                0.290695220546943
            ]
        },
        {
            "mean": [
                1.84288597294176,
                -0.80521182741611,
                0.257601956072981,
                4.66206245697877,
                -0.778924600020981,
                -1.47192307019175,
                3.30350251536802,
                -0.642786905236194,
                0.126605912383912
            ],
            "median": [
                1.84423758153069,
                -0.80121951279545,
                0.254097129034822,
                4.65606842138645,
                -0.781680657548445,
                -1.46958304399561,
                3.29593454620156,
                -0.640923932762687,
                0.132669474036421
            ],