{
    "uid": "bdd857c2-6ab4-4503-a828-4ef34c1a7fd2",
    "scenario_uid": "b56e398eaedbdad34cec9e8a634c0fba",
    "iteration_uid": "33173695430e45319639f982b88572b2",
    "PD_subj": [
        {
            "mean": [
                -0.450846347425047,
                -3.42410979541078,
                -0.12646203094722,
                3.88343695903594,
                -2.87847290501398,
                1.01468884637224,
                2.31754027166715,
                -1.55776271413431,
                1.14008415848557
            ],
            "median": [
                -0.450236862992069,
                -3.42732509336658,
                -0.121328807987421,
                3.88484615007236,
                -2.87658644904996,
                1.00938909174574,
                2.32060405489187,
                -1.56242920474141,
                1.13695139175611
            ],
            "SE": [
                0.270243378888028,
                0.286302872777223,
                0.326537055861137,
                0.30494759357103,
                0.311257712962018,
                0.344568896360734,
                0.301280676976008,
                0.294344966063337,
                0.303654690269653
            ]
        },
        {
            "mean": [
                0.45947423474897,
                0.416724114952658,
                1.72529930014749,
                0.85055584475356,
                -1.32100066317923,
                2.55044328064523,
                -2.23189191459144,
                -2.40740858008335,
                0.822679293853757
            ],
            "median": [
                0.462461677455164,
                0.419079200838069,
                1.72000268600174,
                0.851910504964574,
                -1.32371264242415,
                2.55503464461953,
                -2.232861557777,
                -2.41225014659125,
                0.815609132855519
            ],
            "SE": [
                0.273597705063584,
                0.288140888858004,
                0.321642020291283,
                0.291618191605187,
                0.301321502950257,
                0.326367513167544,
                0.292969133473685,
                0.295921458837301,
                0.304795645188903
            ]
        },
        {
            "mean": [
                -1.67240791732285,
                0.708137361479597,
                1.66801858702133,
                0.451418407086468,
                -2.33111987174636,
                -1.39019927846768,
                -0.584071012837783,
                -2.83809990985097,
                0.276902479762269
            ],
            "median": [
                -1.67341555679192,
                0.712884337401346,
                1.67000249958603,
                0.455365841800427,
                -2.3286883176301,
                -1.39336579823074,
                -0.580102701003802,
                -2.83792791652147,
                0.274898633956981
            ],
            "SE": [
                0.266067257573491,
                0.290784576167593,
                0.312400294689398,
                0.28975566185234,
                0.307106730112103,
                0.328188917762112,
                0.304023606416087,
                0.295623184653863,
                0.292103869352497
            ]
        },
        {
            "mean": [
                -1.03919714802959,
                -0.0305827649972804,
                1.14210421475919,
                0.762934988338607,
                -1.39553039591383,
                -0.889462860432669,
                0.72204254944443,
                -2.58088896601391,
                -0.524807002678591
            ],
            "median": [
                -1.03876890989033,
                -0.0285828501238238,
                1.15054745296485,
                0.760087244294218,
                -1.39017348211186,
                -0.892650121844974,
                0.716447759626104,
                -2.57996430517672,
                -0.519549017225523
            ],
            "SE": [
                0.271610599934805,
                0.294030406372927,
                0.323416295236411,
                0.302428430067128,
                0.299557939915243,
                0.325398746048475,
                0.30642243316355,
                0.292229380091465,
                0.295697186100184
            ]
        },
        {
            "mean": [
                0.0984332166004854,
                -0.916513293691344,
                0.566142310861998,
                0.0509140917129938,
                -0.406176157064668,
                -1.67482553548679,
                0.204006339347131,
                -2.24704274799212,
                0.403401591578149
            ],
            "median": [
                -0.323182818151594,
                -0.907720609671533,
                0.467118398637167,
                0.552995706001593,
                -0.408055916122882,
                -1.69046152533215,
                0.181660429523629,
                -2.24546243832699,
                0.41677126134596
            ],
            "SE": [
                1.08027465692316,
                0.282747379934484,
                0.510858888038341,
                1.35077153776166,
                0.297757742181827,
                0.380971711752286,
                0.536968962933371,
                0.291249588974978,
                0.337825034325824
            ]
        },
        {
            "mean": [
                -1.17645725006978,
                -1.41545639167677,
                3.11695455684072,
                2.41695657867918,
                -1.61962007975594,
                -1.88251662290962,
                1.55602526022084,
                -1.08978999626195,
                2.49052641213556
            ],
            "median": [
                -1.18183604333425,
                -1.4189730662397,
                3.12736956858135,
                2.4186860901803,
                -1.62275182243364,
                -1.88529735725847,
                1.54988002681507,
                -1.09172449088504,
                2.48207438178159
            ],
            "SE": [
                0.269723327365532,
                0.286217793386884,
                0.315947228730158,
                0.297063721842525,
                0.306663503032739,
                0.328311818675317,
                0.297827647265929,
                0.294475979977362,
                0.299129600123142
            ]
        },
        {
            "mean": [
                -0.27319814895448,
                -2.45348350249597,
                0.0378424598516049,
                1.06965647168125,
                -2.32282913859761,
                -0.180686711361127,
                2.70797283299768,
                -5.28720659289424,
                0.617499493465034
            ],
            "median": [
                -0.273861070304739,
                -2.45141915474338,
                0.0323223361332608,
                1.06714478293249,
                -2.32662511977154,
                -0.182711452338505,
                2.70821098471576,
                -5.29236415627413,
                0.618721984681201
            ],