{
    "uid": "c4414c9d-f13b-4607-87e8-59aeb3c8a260",
    "scenario_uid": "b56e398eaedbdad34cec9e8a634c0fba",
    "iteration_uid": "35edef645e2fe9462eeb10b1f02c5159",
    "PD_subj": [
        {
            "mean": [
                -1.1943631333944,
                1.59057766802834,
                1.32596272519204,
                1.02373712051983,
                -2.2306311546221,
                0.895305400032527,
                0.546422336804277,
                -0.805480712499876,
                -2.4673218038046
            ],
            "median": [
                -1.1955970956862,
                1.58468870082292,
                1.32096936004679,
                1.01844857664729,
                -2.23712332452225,
                0.892693125085584,
                0.547532802806761,
                -0.813984772142663,
                -2.46532214164165
            ],
            "SE": [
                0.282213272386574,
                0.283498487891159,
                0.297687254991456,
                0.290780589268302,
                0.30623632064226,
                0.291575404671172,
                0.279553661341748,
                0.301931050462922,
                0.30490887606774
            ]
        },
        {
            "mean": [
                0.789049982655257,
                -1.35465971812276,
                -0.193022476944177,
                -0.22226169171621,
                -1.23542390435573,
                -0.205785908776219,
                3.0841992130516,
                -1.73927875582583,
                0.727502010661138
            ],
            "median": [
                0.791587846610469,
                -1.35815468007813,
                -0.194898632216452,
                -0.221724674049723,
                -1.23257638885814,
                -0.209019038141034,
                3.08244195896887,
                -1.74153729911749,
                0.729503486645929
            ],
            "SE": [
                0.295436803759449,
                0.286660014446613,
                0.299172516844693,
                0.291022800740984,
                0.301703117939819,
                0.315211246876033,
                0.26919409521916,
                0.298440305799042,
                0.305251550388705
            ]
        },
        {
            "mean": [
                1.71827383000296,
                -2.90509152735957,
                1.34063808281996,
                2.07557913315572,
                -1.14903058933113,
                -3.07928064657561,
                0.736913180837695,
                -1.56702446473859,
                -1.59109204527582
            ],
            "median": [
                1.70730172973891,
                -2.91470100186333,
                1.33921845540645,
                2.07351619083573,
                -1.14885924315624,
                -3.07895802870998,
                0.731654953588488,
                -1.56070465452509,
                -1.59387584627547
            ],
            "SE": [
                0.294699603231457,
                0.297196490773066,
                0.298681194941071,
                0.285329833054808,
                0.306008942871241,
                0.302788421834264,
                0.278510992212313,
                0.305434690556204,
                0.297920585653837
            ]
        },
        {
            "mean": [
                -0.44850037018823,
                -1.57235443625556,
                0.503332441850377,
                -0.900465433001727,
                -4.13936397287602,
                1.18413673862158,
                1.296089034342,
                -1.23451931049459,
                -0.702075559590612
            ],
            "median": [
                -0.459974346950499,
                -1.57581583098312,
                0.498677137400581,
                -0.902154744382653,
                -4.1392725643876,
                1.1831531993967,
                1.29559496441295,
                -1.2332537015546,
                -0.703419196987322
            ],
            "SE": [
                0.297629935083617,
                0.295470255572945,
                0.299469115425936,
                0.286138964219927,
                0.30343325926943,
                0.301945447353212,
                0.262958637820864,
                0.306392552963497,
                0.30174964314586
            ]
        },
        {
            "mean": [
                -0.16008446909675,
                -1.32536466324182,
                3.28306524969178,
                3.7674409911821,
                -1.75672503638273,
                -2.41212658516713,
                1.03675564875756,
                -1.37051189838613,
                -0.386300552389274
            ],
            "median": [
                -0.153971124876152,
                -1.3363665274002,
                3.28578630890136,
                3.77295620981374,
                -1.76372668093407,
                -2.40639753783322,
                1.03851750574307,
                -1.37633873868509,
                -0.388566487600548
            ],
            "SE": [
                0.295245295922085,
                0.293854651054656,
                0.302186418749379,
                0.298034063100982,
                0.308415063330476,
                0.305565116625232,
                0.275119106532848,
                0.305837107158758,
                0.308143304079801
            ]
        },
        {
            "mean": [
                0.0598662216596632,
                -0.756644309242276,
                0.328586996006631,
                2.2675506750042,
                -0.848316678856396,
                -2.02123597908495,
                2.16654522229067,
                -4.28132395425149,
                -0.293982663260982
            ],
            "median": [
                0.056453762461889,
                -0.7593071127935,
                0.327468011401686,
                2.267408201478,
                -0.856088086746426,
                -2.02387558952831,
                2.16429160080843,
                -4.28058981103115,
                -0.287980931635937
            ],
            "SE": [
                0.294708434878349,
                0.292757542487219,
                0.303462144914904,
                0.289497042053587,
                0.304071101874229,
                0.311735196033962,
                0.27867802947552,
                0.304973310167088,
                0.302418272307283
            ]
        },
        {
            "mean": [
                -1.14360375708537,
                -0.0735847877793579,
                1.38521115241039,
                0.340219257166883,
                -4.92106168612088,
                1.19346464717533,
                1.62613112436395,
                -0.674826773977954,
                3.23815795143954
            ],
            "median": [
                -1.14291579214691,
                -0.066656453010241,
                1.38468017207947,
                0.338233343516078,
                -4.92741760651102,
                1.19330298045603,
                1.6158887318601,
                -0.666051109159194,
                3.23872843022691
            ],