{
    "uid": "89c50ad6-c6b3-413d-b395-5d82788d5cc1",
    "scenario_uid": "b56e398eaedbdad34cec9e8a634c0fba",
    "iteration_uid": "3633a27395f0c834b62933420f16e723",
    "PD_subj": [
        {
            "mean": [
                1.42851271888533,
                -3.44330086178672,
                1.41931666723536,
                1.31957101340978,
                -0.0768516281131359,
                1.32060829592044,
                1.13703598531891,
                -0.430356214630465,
                1.13106871330147
            ],
            "median": [
                1.4272585760602,
                -3.44724760125023,
                1.41967735869921,
                1.32754006726138,
                -0.0763996950208473,
                1.32359924047789,
                1.14297910916343,
                -0.427468233935772,
                1.13014686083084
            ],
            "SE": [
                0.305154941229316,
                0.337204681252025,
                0.294891466532567,
                0.299874820649685,
                0.399544302407892,
                0.29181885627619,
                0.30245363744207,
                0.437303694935684,
                0.302457388382107
            ]
        },
        {
            "mean": [
                0.620287969499055,
                1.3449902027123,
                1.19843791648758,
                -1.14048876587509,
                -0.953855740802027,
                1.12575655555764,
                0.619527600966986,
                -3.50535733500037,
                0.754411446219619
            ],
            "median": [
                0.624043659416797,
                1.34602831841813,
                1.19629656197706,
                -1.14084508922462,
                -0.961274946633049,
                1.12741336066537,
                0.619188394902612,
                -3.50383504967353,
                0.755180941741093
            ],
            "SE": [
                0.290430682137415,
                0.3511893770903,
                0.270201074812175,
                0.289402271829131,
                0.406651503813617,
                0.284817889732801,
                0.302218672765238,
                0.449430776879052,
                0.298669680615223
            ]
        },
        {
            "mean": [
                -0.729052483730804,
                0.158684499667112,
                0.153273005280487,
                -1.13885232217522,
                -3.41764293656159,
                -0.513569469442246,
                -0.747546662080507,
                -3.1199583103563,
                0.177625993881029
            ],
            "median": [
                -0.727548032340849,
                0.148000405596764,
                0.154310221647598,
                -1.14196276881398,
                -3.42531093664886,
                -0.516356964386683,
                -0.754411740048848,
                -3.1170962453794,
                0.177746881116758
            ],
            "SE": [
                0.294090641867878,
                0.347991051929833,
                0.286522164080941,
                0.291308483782935,
                0.396168262089679,
                0.298508575017997,
                0.300802957449016,
                0.43570838945515,
                0.293010570791415
            ]
        },
        {
            "mean": [
                -0.653206382245743,
                -0.916977308454813,
                0.53060536618543,
                -0.39101168169268,
                -0.280918124500653,
                -0.737148413918309,
                0.08623235446131,
                0.370391639904624,
                -1.41917338658988
            ],
            "median": [
                -0.605522615194748,
                -0.943420250984187,
                0.533051627446558,
                -0.397010752861956,
                -0.277574724438329,
                -0.737544670841832,
                0.0288314268739136,
                0.399629486126157,
                -1.41482797452931
            ],
            "SE": [
                0.405091773044288,
                0.477195722518487,
                0.276728744855032,
                0.316443743117077,
                0.440090804482152,
                0.282834303102622,
                0.453117067710649,
                0.55355034661697,
                0.287914206941199
            ]
        },
        {
            "mean": [
                -3.01170069302631,
                0.182789345121864,
                1.59536052050331,
                0.911281720238579,
                -1.64090734725714,
                1.67989375043373,
                2.94567700754192,
                -1.74453412354182,
                -2.98451390735874
            ],
            "median": [
                -3.01606475658336,
                0.180694708688597,
                1.6027755147676,
                0.919004914295369,
                -1.63221969901634,
                1.67956395847529,
                2.94328139098818,
                -1.73581572315614,
                -2.98609489606305
            ],
            "SE": [
                0.295559978593232,
                0.350172643705088,
                0.283108107335883,
                0.293823466950693,
                0.397980210702869,
                0.292908149873388,
                0.299336956203754,
                0.440350686967623,
                0.301863092167597
            ]
        },
        {
            "mean": [
                -0.0951610632922258,
                -0.366263908344784,
                -0.887679606797446,
                0.408301296966476,
                -1.10372519696198,
                -1.07568497441938,
                2.74304326320701,
                -2.92170953420546,
                1.61476623233072
            ],
            "median": [
                -0.0822040829354629,
                -0.371191155386603,
                -0.895300446836095,
                0.410048704973997,
                -1.10424590683225,
                -1.06961565013045,
                2.7452436750345,
                -2.93219492410367,
                1.6175948777563
            ],
            "SE": [
                0.300244695594769,
                0.345974600837539,
                0.282386006870917,
                0.285626120251329,
                0.400223605171229,
                0.286810904380008,
                0.294545283143209,
                0.434164151726436,
                0.292726671621778
            ]
        },
        {
            "mean": [
                -2.51086752995912,
                0.876111228555701,
                1.57541942559946,
                3.27216709333306,
                -1.70587965806931,
                0.971066699940054,
                0.9496712266891,
                -0.829990054570502,
                -0.906234137558223
            ],
            "median": [
                -2.51431008105694,
                0.873092624668591,
                1.57183628926326,
                3.26620661303209,
                -1.69702800848172,
                0.97601441525888,
                0.946729808470594,
                -0.836237248278717,
                -0.8977999303704
            ],