{
    "uid": "abf04cc7-4149-4aae-989a-434b263822f2",
    "scenario_uid": "b56e398eaedbdad34cec9e8a634c0fba",
    "iteration_uid": "3749b7b2217c08df65a69504492dae0b",
    "PD_subj": [
        {
            "mean": [
                0.070667295556379,
                -2.54838635410095,
                2.15331103460154,
                2.62977185880682,
                -2.25067495619804,
                -0.744611871103499,
                -0.366465600054338,
                -4.38020784952173,
                2.03572008797385
            ],
            "median": [
                0.077550318125467,
                -2.55657861266566,
                2.15657268951054,
                2.63345025715213,
                -2.24818375371894,
                -0.750834316147469,
                -0.369346238800687,
                -4.38174699171119,
                2.04051718621946
            ],
            "SE": [
                0.302473534022707,
                0.293063428940011,
                0.311469541468076,
                0.286213676034562,
                0.292109772957521,
                0.331186817951632,
                0.286991679603545,
                0.30544670772531,
                0.301413368106006
            ]
        },
        {
            "mean": [
                -1.48862930369073,
                -1.40397598743499,
                2.11972970484903,
                0.65937815812796,
                -3.58457096587031,
                -0.512383388225582,
                -0.291108190436708,
                -1.14961080865239,
                3.4974642549128
            ],
            "median": [
                -1.48360260569162,
                -1.40806922357155,
                2.11349634320344,
                0.65847227013737,
                -3.57731608792905,
                -0.506774405665029,
                -0.304093371308593,
                -1.15116696952476,
                3.4814592182181
            ],
            "SE": [
                0.311604373438614,
                0.29069508109284,
                0.309738206723387,
                0.280536239146557,
                0.295785155281123,
                0.315189518450969,
                0.297899685044744,
                0.304925846953736,
                0.312932516503257
            ]
        },
        {
            "mean": [
                1.84620322673917,
                0.950169108387146,
                1.97283108682819,
                0.678457816678731,
                -2.20800486319206,
                -1.82675966744696,
                -1.63556982330221,
                -3.77052413984487,
                0.84608528561479
            ],
            "median": [
                1.85668950223865,
                0.952911392644118,
                1.96890758254682,
                0.671029063649861,
                -2.21466635778445,
                -1.82782979863453,
                -1.62292897581228,
                -3.77100933440898,
                0.847698038823518
            ],
            "SE": [
                0.309262020191299,
                0.296320543503142,
                0.315181587039546,
                0.286661717764334,
                0.294405397823972,
                0.317190218346544,
                0.291206199330287,
                0.303227704934061,
                0.304289311594948
            ]
        },
        {
            "mean": [
                0.241974235373088,
                0.226178815776216,
                1.70257752804781,
                0.930033282950682,
                0.93303177482985,
                -1.07949572746868,
                -1.23105468606855,
                -1.19952816340777,
                -1.33294773376834
            ],
            "median": [
                0.241723223832229,
                0.225640947499271,
                1.70396888387454,
                0.932851797961481,
                0.927741141744289,
                -1.07890186580897,
                -1.23908759748717,
                -1.1988999098831,
                -1.33244863311779
            ],
            "SE": [
                0.318354585395104,
                0.33090817084189,
                0.313832446999482,
                0.29329460716077,
                0.324721316128839,
                0.318141658972754,
                0.295134634329085,
                0.3302994036234,
                0.313192730520129
            ]
        },
        {
            "mean": [
                -1.98945967644408,
                -2.37229997311873,
                0.781802088332034,
                2.19483974371352,
                0.561623681525126,
                -0.189129845716029,
                0.847526608677896,
                -1.30315034212327,
                0.575326033136084
            ],
            "median": [
                -1.98781466802895,
                -2.37369019607621,
                0.783617816444848,
                2.19626117868306,
                0.561987523421907,
                -0.191447942337057,
                0.851752211012108,
                -1.30199348410661,
                0.5899422714255
            ],
            "SE": [
                0.308965757702316,
                0.293133253816448,
                0.311230028594024,
                0.277681596291213,
                0.299933351550035,
                0.317271715983764,
                0.281504174205432,
                0.303802381108367,
                0.293258035391575
            ]
        },
        {
            "mean": [
                -2.22099098937931,
                -2.25044131549477,
                2.14467442738031,
                -0.126217862162345,
                -0.327410487808439,
                0.837777855358398,
                -0.92287295205688,
                -1.05589718428613,
                -1.7773907569048
            ],
            "median": [
                -2.16253025273109,
                -2.32417188174888,
                2.13441731568551,
                -0.0861188520051263,
                -0.335789655772214,
                0.837090700167922,
                -0.8916349863615,
                -1.05137053709361,
                -1.77961132373301
            ],
            "SE": [
                0.495662813564343,
                0.644939693573317,
                0.313596917924232,
                0.465599568178934,
                0.508634209837135,
                0.315834349660858,
                0.4164837554139,
                0.458819729461922,
                0.30026261377527
            ]
        },
        {
            "mean": [
                -1.04065608783871,
                -0.977411417518909,
                0.976453761424422,
                1.88599288311454,
                -3.21632174077914,
                0.0334218107395095,
                -0.397605024170082,
                -0.620357424357122,
                2.37466525187781
            ],
            "median": [
                -1.02833465388109,
                -0.982388726179295,
                0.9849282839844,
                1.88721140462337,
                -3.21295728466215,
                0.0318275236883777,
                -0.398852891813581,
                -0.624147421763108,
                2.38108420549302
            ],