{
    "uid": "1048fe52-ebbb-486c-b19a-0d1915abef3a",
    "scenario_uid": "b56e398eaedbdad34cec9e8a634c0fba",
    "iteration_uid": "37a995ed44593bb8a59115cc4dd75bf8",
    "PD_subj": [
        {
            "mean": [
                -2.1623202512899,
                0.383118212985441,
                0.626058515260873,
                1.99780807908056,
                -2.71200958726022,
                2.77083383606277,
                0.703895147050371,
                -1.1864543989689,
                -1.89909052915647
            ],
            "median": [
                -2.17077324902469,
                0.388042200451632,
                0.6215442376447,
                2.00052451787975,
                -2.71088441221201,
                2.77322867038495,
                0.70444938308963,
                -1.17675184252444,
                -1.90085919335537
            ],
            "SE": [
                0.3003714947869,
                0.296871239391749,
                0.29758720132784,
                0.293646620134657,
                0.30618824884371,
                0.287548674007245,
                0.295840661102946,
                0.312431440475059,
                0.283551642839298
            ]
        },
        {
            "mean": [
                -0.874226016614885,
                2.04591250037461,
                1.43746263036438,
                0.344629411581182,
                -2.83074734032112,
                -1.50656387599482,
                -1.21022498472734,
                0.144445940217759,
                -0.757418703016503
            ],
            "median": [
                -0.878630920607782,
                2.14948909125158,
                1.43465291625491,
                0.325131978782504,
                -2.94259688618957,
                -1.50828276659451,
                -1.24479991716232,
                0.183277142941567,
                -0.754943939309906
            ],
            "SE": [
                0.307593562143587,
                0.653081126682152,
                0.306422848163469,
                0.358140307380765,
                0.695433075929113,
                0.300960856537111,
                0.428818703057813,
                0.428344570007355,
                0.290345727371969
            ]
        },
        {
            "mean": [
                0.258184097044366,
                -2.10631679627219,
                -0.539759121884782,
                0.161369301236889,
                0.122536968930724,
                -1.49727299473009,
                -0.282250459735488,
                -2.10556623121894,
                -0.675809906468633
            ],
            "median": [
                0.262267660894575,
                -2.1003117395657,
                -0.53190345426817,
                0.16271076599577,
                0.125210201764135,
                -1.49069176577454,
                -0.286666866284561,
                -2.10884364338181,
                -0.68171410548123
            ],
            "SE": [
                0.308156993836896,
                0.296113347223867,
                0.304458497533335,
                0.294588676800694,
                0.298250437687856,
                0.300432059281684,
                0.290006110843387,
                0.302642332008546,
                0.281357383962029
            ]
        },
        {
            "mean": [
                -2.64333491029022,
                -0.296058805575907,
                -2.30486348659752,
                2.42809994676011,
                -2.77258258418953,
                1.60591960773636,
                -0.84843606898947,
                -2.90030799675514,
                1.01125213080391
            ],
            "median": [
                -2.64265790445023,
                -0.302142753436584,
                -2.30206476863993,
                2.41809823511067,
                -2.77474141174803,
                1.61304378029165,
                -0.84802547061368,
                -2.89230358706309,
                0.998486340534971
            ],
            "SE": [
                0.299158718119402,
                0.299569674381304,
                0.297102790737139,
                0.292605734205277,
                0.308390479110418,
                0.297047661401217,
                0.296168141747645,
                0.307989275080472,
                0.296956919048657
            ]
        },
        {
            "mean": [
                1.82325070036073,
                0.139339779978077,
                1.94432735382092,
                -0.484445117782033,
                -0.0101620634708766,
                0.721467169352956,
                1.49997240716764,
                -4.0198727414173,
                -0.629607770120789
            ],
            "median": [
                1.82780212333927,
                0.138335490792815,
                1.94374620778862,
                -0.497153374075755,
                -0.0101108056579917,
                0.717564915139478,
                1.49828774783016,
                -4.01975365405961,
                -0.629858694972968
            ],
            "SE": [
                0.295644090247182,
                0.298082696120678,
                0.302842656337639,
                0.304507262034545,
                0.311409574390158,
                0.290633994231024,
                0.294031767286549,
                0.299634037486837,
                0.284924236809488
            ]
        },
        {
            "mean": [
                -0.711157433883212,
                -3.34684380037629,
                -0.708230848536482,
                -0.548791000518512,
                -1.88822708889566,
                -0.722877677987375,
                -0.0829834284038281,
                -1.73205851309996,
                -0.134101271121873
            ],
            "median": [
                -0.716785611358398,
                -3.3478057668805,
                -0.701640423098633,
                -0.685506738811321,
                -1.88737983661773,
                -0.735528230739618,
                -0.15192658928763,
                -1.73339741290576,
                -0.206076559140931
            ],
            "SE": [
                0.346490485176297,
                0.29979096913836,
                0.325621912875783,
                0.690165971531244,
                0.312814065365898,
                0.347341915000282,
                0.583214052993712,
                0.306817695922858,
                0.533031080925781
            ]
        },
        {
            "mean": [
                -0.713688767438013,
                1.25786759809521,
                -0.094186812121987,
                1.74054866517591,
                -4.08112082924887,
                0.61557338130448,
                1.62360348519139,
                -2.25606881945379,
                -1.45837965506239
            ],
            "median": [
                -0.715635642570721,
                1.26125166431691,
                -0.0966113298321201,
                1.7378330778222,
                -4.09776690233266,
                0.615426072217753,
                1.62208324064417,
                -2.26232489340754,
                -1.46428064434139
            ],