{
    "uid": "1d654f55-1840-4a60-8334-43c3f617efe3",
    "scenario_uid": "b56e398eaedbdad34cec9e8a634c0fba",
    "iteration_uid": "3891a90adbedf898de49deb8b7597f78",
    "PD_subj": [
        {
            "mean": [
                -3.75261036311732,
                0.220786877476906,
                2.68696405857447,
                1.30441077466967,
                -1.47682055413386,
                -3.02261316701437,
                1.83139690378607,
                1.07503864518634,
                -0.685816728358234
            ],
            "median": [
                -3.75011361749214,
                0.230194350521183,
                2.68810109743423,
                1.30070647323837,
                -1.46688661923571,
                -3.02115604399244,
                1.83015950192811,
                1.08077061790479,
                -0.685154359568576
            ],
            "SE": [
                0.283967802163636,
                0.40836691425878,
                0.287370885544591,
                0.281326562355761,
                0.302391845843173,
                0.282806016755415,
                0.285122643500269,
                0.340936902239103,
                0.294750190255287
            ]
        },
        {
            "mean": [
                -1.29632350179116,
                -0.961047646154935,
                0.895964296029467,
                -0.585333537691876,
                0.371724561601892,
                1.12489222916037,
                2.19110919776678,
                -1.64538995841547,
                0.734088601427349
            ],
            "median": [
                -1.30042651024413,
                -0.963804630133711,
                0.892369490459669,
                -0.582942608923339,
                0.371152152882002,
                1.13296620620236,
                2.19422629960015,
                -1.64932767645288,
                0.739127928079701
            ],
            "SE": [
                0.293280652098294,
                0.418564536077059,
                0.307303106026127,
                0.275404015410715,
                0.301261239718901,
                0.282585292107305,
                0.28796960777201,
                0.327529176684946,
                0.289694185777663
            ]
        },
        {
            "mean": [
                -1.92784047437344,
                -2.13408569141999,
                -0.604530207797417,
                -0.131409166317225,
                -0.471620727465639,
                -1.20037647899635,
                0.678577553036699,
                0.79844330395902,
                -1.4914265165541
            ],
            "median": [
                -1.90046405634075,
                -2.15083290024832,
                -0.605117208196599,
                0.0130247552537982,
                -0.601550083704137,
                -1.2082032039275,
                0.671968429804558,
                0.820066836023887,
                -1.48547564367085
            ],
            "SE": [
                0.408710630688401,
                0.517336281711738,
                0.294161716776927,
                0.537897050897599,
                0.57133181628227,
                0.297076296099172,
                0.336278894493851,
                0.447677281792969,
                0.284570406268629
            ]
        },
        {
            "mean": [
                -0.750865805210665,
                -0.112021622023985,
                -1.01571803920284,
                -0.038406844794327,
                -2.86539193143136,
                0.223852235060595,
                0.783143368388554,
                -1.87522827858453,
                2.60850543212096
            ],
            "median": [
                -0.743479793068305,
                -0.111255503669681,
                -1.00928674875254,
                -0.0398648930821159,
                -2.86125508959128,
                0.223046793089579,
                0.789104929194687,
                -1.87913887286876,
                2.60792747686196
            ],
            "SE": [
                0.278972975813731,
                0.412958065229251,
                0.296528166719713,
                0.282733042053847,
                0.301564939612329,
                0.286061527546209,
                0.291384841456845,
                0.345987878291043,
                0.295160201174154
            ]
        },
        {
            "mean": [
                0.743894491019139,
                -2.62849616399914,
                0.706703748020187,
                1.34924105207822,
                0.546595529372393,
                1.35445024232007,
                0.141309240146417,
                -0.720297049794393,
                0.138900681241895
            ],
            "median": [
                0.737151580701031,
                -2.62400353830889,
                0.704757299364775,
                1.35867000275279,
                0.546977239534302,
                1.35079490042022,
                0.137443323360479,
                -0.727910209221745,
                0.13875332574015
            ],
            "SE": [
                0.302354686925547,
                0.4280970784983,
                0.320050569136611,
                0.289912918466918,
                0.298044739525754,
                0.306033281287181,
                0.293270301272797,
                0.336773101277977,
                0.304055808611856
            ]
        },
        {
            "mean": [
                -0.410716346238663,
                -3.12286689588737,
                1.29514143180233,
                0.484533752261685,
                -2.00894247918766,
                -0.550072459798811,
                -0.613607294726809,
                -1.20689249389041,
                -0.12993208703427
            ],
            "median": [
                -0.407301571898212,
                -3.12801442469848,
                1.28993095038753,
                0.478462477586152,
                -2.00715007956764,
                -0.550481617651921,
                -0.614544995497483,
                -1.21492996577266,
                -0.130321114272023
            ],
            "SE": [
                0.292041636339648,
                0.415373292876462,
                0.2908484199163,
                0.277804265112042,
                0.29578050173388,
                0.285840331707758,
                0.288240610966423,
                0.334939859962572,
                0.294416766505085
            ]
        },
        {
            "mean": [
                -1.40809531500653,
                0.557924117798405,
                1.84354508444695,
                1.3920176391025,
                -2.47807335642725,
                0.323156193674034,
                -0.823388310950409,
                -2.37724680868694,
                -1.66269638284288
            ],
            "median": [
                -1.40781357851982,
                0.557742813866295,
                1.8420037098117,
                1.39318325442805,
                -2.47209419488541,
                0.327642818528246,
                -0.814940403689752,
                -2.38432131230907,
                -1.65562404976727
            ],