{
    "uid": "9e1cbaba-82ea-4d45-8804-7a5c0284e8de",
    "scenario_uid": "b56e398eaedbdad34cec9e8a634c0fba",
    "iteration_uid": "39c0eb264669455972a8973d0f8b549b",
    "PD_subj": [
        {
            "mean": [
                -3.00800705013348,
                1.15570278200472,
                0.887483974698854,
                2.38004192388561,
                -1.32775721496029,
                -0.340228799700856,
                -1.3014179882993,
                -2.90377496080948,
                -0.028288757688803
            ],
            "median": [
                -3.01276382029657,
                1.1488738056906,
                0.891006588179676,
                2.37567457559796,
                -1.30685134887306,
                0.456772464435143,
                -1.30694112429687,
                -2.88549266345558,
                -0.0334076939603733
            ],
            "SE": [
                0.29855672884676,
                0.395704539174961,
                0.599609214871967,
                0.29085401209851,
                0.645828233627387,
                1.78953578435291,
                0.29343658946564,
                0.846780411733649,
                0.287335044681878
            ]
        },
        {
            "mean": [
                -0.580217615389657,
                -0.067604378012203,
                1.63273131161631,
                0.619308575129523,
                0.712021646367599,
                -1.96997867928929,
                0.497969135341154,
                -2.18043825647948,
                -0.0916885194827131
            ],
            "median": [
                -0.584229984843235,
                -0.0750635179401535,
                1.63358831434967,
                0.618154206619133,
                0.715088342923102,
                -1.97027438712348,
                0.498189564985759,
                -2.17849917358436,
                -0.0983009276295577
            ],
            "SE": [
                0.287965829477705,
                0.344468072306641,
                0.289622386639073,
                0.285901841566899,
                0.513026868203296,
                0.289022975810016,
                0.297672711941911,
                0.636195925080511,
                0.244674484243895
            ]
        },
        {
            "mean": [
                0.200716473832535,
                -1.58672859895112,
                1.34069751619917,
                -0.182188830489596,
                -0.756788848608171,
                0.743116680501732,
                1.44341484182119,
                1.15961794180847,
                -0.617729874643768
            ],
            "median": [
                0.203973024602865,
                -1.58920384326916,
                1.34664978347557,
                -0.175257009862399,
                -0.752688756127223,
                0.741099448428541,
                1.44750345768317,
                1.16472964821926,
                -0.612658993601583
            ],
            "SE": [
                0.294343823759619,
                0.349815727614424,
                0.299171140448167,
                0.296604668473561,
                0.514757419442782,
                0.300168419374759,
                0.302879377975638,
                0.661036184228975,
                0.240622507091594
            ]
        },
        {
            "mean": [
                -1.53116359974506,
                -1.85882231508353,
                1.078931834308,
                -0.128102482535871,
                -4.57287428212042,
                1.80274959594596,
                1.75326987360255,
                -5.39526936743249,
                0.0236336354337039
            ],
            "median": [
                -1.53563236159099,
                -1.86352423850195,
                1.06554279136971,
                -0.129140938975117,
                -4.56629694513855,
                1.80303833477977,
                1.76077243766795,
                -5.39326581823704,
                0.01695351499334
            ],
            "SE": [
                0.296250793491474,
                0.346960640695231,
                0.292036609443926,
                0.286016789618937,
                0.510722903023359,
                0.298364483817472,
                0.306873098028555,
                0.660323085922435,
                0.244100154813734
            ]
        },
        {
            "mean": [
                -0.303347326967643,
                0.925941066844837,
                3.36759246091505,
                0.194320802055451,
                -4.79048677437131,
                2.50154268047696,
                -1.93793908914458,
                1.13267568864312,
                0.396351872658711
            ],
            "median": [
                -0.305016386260751,
                0.931137238287435,
                3.36374899219885,
                0.20480119800477,
                -4.78753273579349,
                2.50356962184593,
                -1.93011162896912,
                1.14352667512301,
                0.397022359683845
            ],
            "SE": [
                0.291788641792311,
                0.359517803611139,
                0.292652112429906,
                0.298825606505169,
                0.520049853067719,
                0.29132268003523,
                0.30635720653531,
                0.650445876503329,
                0.235154040341222
            ]
        },
        {
            "mean": [
                0.409939238779977,
                -1.97266614888762,
                2.26920391558981,
                0.825110047669687,
                0.299297957028736,
                0.0293716640135454,
                0.600006646149662,
                -2.46481920778313,
                0.209389159014305
            ],
            "median": [
                0.408682212840441,
                -1.9670977723368,
                2.26763618822925,
                0.829804134414276,
                0.290017125880082,
                0.0308881658957045,
                0.597764295373355,
                -2.47114772416131,
                0.209657256334867
            ],
            "SE": [
                0.282616290882398,
                0.3468227158304,
                0.295975322659632,
                0.290947863762179,
                0.515722236449567,
                0.289343477286874,
                0.301028410307777,
                0.648522054915998,
                0.244261283503456
            ]
        },
        {
            "mean": [
                -0.958278312622962,
                -2.5742494140543,
                -0.54131856164372,
                0.855198822327719,
                -0.775410601754131,
                1.30308212911543,
                0.550132626795521,
                -2.8025359330907,
                -0.276329369798758
            ],
            "median": [
                -0.969816581971244,
                -2.57535594988945,
                -0.532444489265698,
                0.844610720251205,
                -0.769303187930576,
                1.31685058573768,
                0.59725474394134,
                -2.80986251552727,
                -0.327852261541933
            ],