{
    "uid": "164d968b-d9cb-43a4-8a08-fa1b905658c9",
    "scenario_uid": "b56e398eaedbdad34cec9e8a634c0fba",
    "iteration_uid": "3a7ed881fff15d86adcf7efdcc1e33eb",
    "PD_subj": [
        {
            "mean": [
                -0.639930135806918,
                -1.69023051462494,
                -0.323498936113199,
                2.63573555111116,
                0.793912422187783,
                -2.45261228110919,
                1.32622626984246,
                -0.395089721762384,
                1.23327071776228
            ],
            "median": [
                -0.641556201595511,
                -1.68971160625739,
                -0.324735357725929,
                2.63722130982595,
                0.804689570280866,
                -2.4590139460843,
                1.32536858316734,
                -0.392843162998065,
                1.2273378553545
            ],
            "SE": [
                0.507701460125307,
                0.305256763954102,
                0.284100509162018,
                0.315484621710262,
                0.30880570182845,
                0.29265863216187,
                0.330904387783008,
                0.294869324152111,
                0.286835082531563
            ]
        },
        {
            "mean": [
                1.143178703954,
                -1.39771469749539,
                0.498734501350093,
                0.413625956118992,
                -1.53122745456374,
                3.22998760517738,
                1.57190542147299,
                -0.480671858911898,
                1.42052916639552
            ],
            "median": [
                1.14973507730718,
                -1.39468205129093,
                0.505991792552552,
                0.421618395099245,
                -1.53064502200794,
                3.23579283662465,
                1.56765145855385,
                -0.488029038028668,
                1.42081018843386
            ],
            "SE": [
                0.495092451622044,
                0.300678455852515,
                0.289240209688645,
                0.315542724201231,
                0.293748645513933,
                0.287639333126471,
                0.32331934812157,
                0.29168073525617,
                0.287033902401056
            ]
        },
        {
            "mean": [
                -1.61541708882924,
                -1.51516104082076,
                -0.290228269843041,
                -0.113820488757245,
                -0.852372169879013,
                -1.19273347633695,
                2.2219260901415,
                0.0661054103656839,
                -0.552077387670395
            ],
            "median": [
                -1.60716699641911,
                -1.59428154393101,
                -0.206351136733758,
                -0.105199518265521,
                -0.842492901046132,
                -1.2010870627018,
                2.21785852490181,
                0.094578730034545,
                -0.579059868916051
            ],
            "SE": [
                0.498648153161662,
                0.477946386545715,
                0.464557975068045,
                0.320708931620443,
                0.32746954130327,
                0.308507891838648,
                0.322216645035665,
                0.344803651362214,
                0.346936203528843
            ]
        },
        {
            "mean": [
                -1.65351074149057,
                -0.849009316509033,
                0.845920107653321,
                3.51513659366556,
                1.67134769820634,
                -1.45733096695614,
                1.79416443610546,
                -0.0795352714437271,
                -1.55443982273119
            ],
            "median": [
                -1.66085335773214,
                -0.847658104830556,
                0.846774338604867,
                3.51781482225464,
                1.66846565765295,
                -1.45146846198556,
                1.79434256542812,
                -0.0688507520716249,
                -1.55836515120752
            ],
            "SE": [
                0.496401445229274,
                0.300745068491156,
                0.279528125421369,
                0.318408720382309,
                0.295932459790918,
                0.302380649555315,
                0.323828397388545,
                0.297131277918903,
                0.29098368461906
            ]
        },
        {
            "mean": [
                -0.676332566469557,
                1.19137630310642,
                1.2409614871956,
                2.43365075795267,
                -3.00143336833125,
                1.66564008568816,
                2.55928740798737,
                -2.20100194821627,
                -0.925625005688841
            ],
            "median": [
                -0.679955659110789,
                1.19635399800543,
                1.24402699926346,
                2.44036116102234,
                -2.99494398231069,
                1.65925102343005,
                2.55522207060933,
                -2.20623856640811,
                -0.926719658996949
            ],
            "SE": [
                0.497469602026615,
                0.302919986145699,
                0.279781645605813,
                0.311447650030207,
                0.292649762832019,
                0.299075127533151,
                0.314437634811642,
                0.291411735920965,
                0.288114336479288
            ]
        },
        {
            "mean": [
                -1.17421965229897,
                2.55902141161353,
                2.58286235536207,
                0.61666853379651,
                -2.46081006961896,
                -2.44819755337151,
                -0.611816786716297,
                -2.38727486752743,
                -2.37757245307631
            ],
            "median": [
                -1.1875807550094,
                2.55753118421659,
                2.57959950245855,
                0.626079514994782,
                -2.46348002348,
                -2.45041500915634,
                -0.602528143013626,
                -2.3876509727023,
                -2.37563077680356
            ],
            "SE": [
                0.501960862250188,
                0.326340823253227,
                0.288488544074645,
                0.311589913852745,
                0.321777646224103,
                0.313062958990308,
                0.318755112112803,
                0.31838296000969,
                0.30101013658887
            ]
        },
        {
            "mean": [
                -0.177267993335564,
                0.406535748459256,
                0.394924815929784,
                1.14392884005617,
                -2.45917970796029,
                -2.46748105672116,
                1.01561104655809,
                -1.40139442785516,
                -1.40218118488662
            ],
            "median": [
                -0.184401048689724,
                0.40211116025687,
                0.393742556752845,
                1.14232310535231,
                -2.45258561927694,
                -2.46871003969246,
                1.00593757160537,
                -1.39492530604345,
                -1.39652387995356
            ],