{
    "uid": "4a455584-0d2a-4657-a386-eec5f4b59f9f",
    "scenario_uid": "b56e398eaedbdad34cec9e8a634c0fba",
    "iteration_uid": "3addee361be75c4bd056bc1e30dfb7d7",
    "PD_subj": [
        {
            "mean": [
                -2.46342514909054,
                -1.37882490969653,
                2.00994708458241,
                1.40558577717531,
                -0.687221768096762,
                -0.268174060932665,
                3.33718020342136,
                0.412693486340015,
                -0.604975906203438
            ],
            "median": [
                -2.46127721744578,
                -1.37576366189251,
                2.01110102969451,
                1.40338802905646,
                -0.693736854773168,
                -0.271635082456102,
                3.33061906098629,
                0.415440074170191,
                -0.599314606863831
            ],
            "SE": [
                0.287145040872185,
                0.315164605133468,
                0.289587172516922,
                0.292065094076798,
                0.295569159887689,
                0.288439473541812,
                0.301061092778112,
                0.305621621756383,
                0.295300101559566
            ]
        },
        {
            "mean": [
                1.13132643461883,
                -1.09656104396052,
                1.1649430202188,
                0.454047780297834,
                -2.39542890401811,
                0.316469204765759,
                1.69654856593357,
                -1.35690079824358,
                1.68805376130926
            ],
            "median": [
                1.18085539345889,
                -1.09370792339043,
                1.15371756610743,
                0.442502789528543,
                -2.3950771222494,
                0.308013915365381,
                1.69923219388341,
                -1.36290241500616,
                1.69040595662617
            ],
            "SE": [
                0.460018563395207,
                0.31810380279151,
                0.322611055471066,
                0.412824203450443,
                0.292306935476762,
                0.396354681996246,
                0.321948673520475,
                0.294749229807169,
                0.337134559646038
            ]
        },
        {
            "mean": [
                -0.330991351459599,
                -0.447463497787661,
                0.820718495185957,
                1.89559317623089,
                0.457370699106786,
                -1.93233750882782,
                1.63112501113089,
                -0.404805196966077,
                -0.235115542058709
            ],
            "median": [
                -0.331742945154846,
                -0.440089772482945,
                0.81431541138204,
                1.89588169042419,
                0.455649813818337,
                -1.93886119112422,
                1.61693557042877,
                -0.408216382195237,
                -0.230224222007985
            ],
            "SE": [
                0.283649894917857,
                0.322709022515918,
                0.286971269810627,
                0.28401146332548,
                0.295510803974506,
                0.306160614510953,
                0.297883136306292,
                0.294011138917733,
                0.286425724097542
            ]
        },
        {
            "mean": [
                -1.23925629332192,
                0.340619292091916,
                1.48541485382393,
                2.87645936309211,
                -2.68612866839321,
                1.64320721118255,
                1.00107379645825,
                -4.08957049518041,
                0.00609783538522899
            ],
            "median": [
                -1.24076991860697,
                0.33591831686523,
                1.49103517931422,
                2.87665844239283,
                -2.69152855742353,
                1.65192332454982,
                0.997190785661249,
                -4.09089527704182,
                0.00118779698621618
            ],
            "SE": [
                0.285465349829029,
                0.316868347549509,
                0.281665792791975,
                0.286412540592572,
                0.295592591732035,
                0.307131923077447,
                0.302190155901678,
                0.305519074419839,
                0.292301228551535
            ]
        },
        {
            "mean": [
                -0.224371389557799,
                -0.399344720606325,
                0.20735218352136,
                1.34000578326648,
                -0.272590637131985,
                0.867941775564377,
                1.1039228439541,
                -1.58064738263959,
                0.654474423266393
            ],
            "median": [
                -0.222674974294012,
                -0.407948164366162,
                -0.0738200007072539,
                1.33791228657205,
                -0.265514201285802,
                1.10980753168525,
                1.09552619771979,
                -1.57973028785976,
                0.964695576828131
            ],
            "SE": [
                0.304837865925303,
                0.332533533106647,
                0.819803256058399,
                0.305100574052969,
                0.29926258616097,
                0.754559075029641,
                0.312873444092347,
                0.312755736635271,
                0.936371040444202
            ]
        },
        {
            "mean": [
                0.540526829740557,
                -0.924191610963832,
                2.57891387566118,
                1.65689224854364,
                -2.75776749353624,
                0.58073306381649,
                0.52416973447713,
                -2.68164657272681,
                -2.10221370805942
            ],
            "median": [
                0.538805034297113,
                -0.926488657292743,
                2.58281223484717,
                1.64567586873256,
                -2.75756606885618,
                0.578883981143285,
                0.526989084117772,
                -2.69313883621089,
                -2.09947922269906
            ],
            "SE": [
                0.286636661041217,
                0.321780972110164,
                0.288313053016476,
                0.283549416233386,
                0.288350512975091,
                0.304301633025649,
                0.298990805862296,
                0.296910197662938,
                0.289733947535341
            ]
        },
        {
            "mean": [
                0.26194200494511,
                0.625839989846433,
                0.548609957643611,
                -1.07173753300093,
                -1.73526156288305,
                3.09264414795267,
                3.52313332590767,
                -1.81031952924867,
                -0.524151598648112
            ],
            "median": [
                0.264072535973729,
                0.625770168604588,
                0.551348501329932,
                -1.07869467705838,
                -1.74111326374303,
                3.0924542029445,
                3.52327498959717,
                -1.81134190709426,
                -0.521046349179625
            ],