{
    "uid": "deeaac07-bccf-43e4-8628-47b5e8d86396",
    "scenario_uid": "b56e398eaedbdad34cec9e8a634c0fba",
    "iteration_uid": "3afbdb1ed09cdb45255cc0b4eda7ab7f",
    "PD_subj": [
        {
            "mean": [
                2.28242436418454,
                -1.07091577044131,
                1.6368978581447,
                -0.639419431891182,
                -2.46711203548235,
                -1.70507224737414,
                1.19660821701393,
                -0.211032338759671,
                -0.01630953225453
            ],
            "median": [
                2.27341077414293,
                -1.06477289986073,
                1.64126731191426,
                -0.637285068020389,
                -2.47026745758777,
                -1.69861812822525,
                1.19582465225929,
                -0.217907389022826,
                -0.0190387024557853
            ],
            "SE": [
                0.31006519122023,
                0.709900470581108,
                0.318516735712769,
                0.293201798530123,
                0.329654257460757,
                0.353180994040917,
                0.278853517624122,
                0.311866514132179,
                0.292045479456938
            ]
        },
        {
            "mean": [
                -0.576441903780413,
                0.151360307509319,
                0.29027620210085,
                2.06958506647681,
                -3.82902210001321,
                1.4978186671239,
                1.69124823804769,
                -1.93709480246233,
                -0.246246757928209
            ],
            "median": [
                -0.57976142860804,
                0.162989148483226,
                0.285253253851501,
                2.07800904402847,
                -3.8207570315234,
                1.50300778195,
                1.69506596483521,
                -1.93758388098822,
                -0.236950273093448
            ],
            "SE": [
                0.308018945346105,
                0.689894535104158,
                0.325115391427866,
                0.292574778112021,
                0.334744870377695,
                0.348205244390574,
                0.286653095340874,
                0.308178533772634,
                0.291728602444862
            ]
        },
        {
            "mean": [
                -0.0539477748503665,
                0.132809783889861,
                -1.43999995347906,
                -0.58417852571489,
                -0.966869407170531,
                0.822717461896677,
                1.29161534695237,
                -2.54841501959566,
                -1.83676879321955
            ],
            "median": [
                -0.0538302829019324,
                0.128995562283933,
                -1.44364453741616,
                -0.581675546700228,
                -0.96452399124631,
                0.819024204799571,
                1.28798820032187,
                -2.55714304579131,
                -1.83867938239362
            ],
            "SE": [
                0.312498975022558,
                0.681948901404329,
                0.330337893726548,
                0.289066126783671,
                0.320350035753474,
                0.345291868734432,
                0.287284660849983,
                0.307800236584808,
                0.291712540253705
            ]
        },
        {
            "mean": [
                2.53754161233381,
                -0.779557187271985,
                2.42183280688203,
                0.536888607048111,
                -3.29305263167492,
                0.549349892977088,
                1.15128641420485,
                -2.90303580094662,
                1.16195886211654
            ],
            "median": [
                2.5972980683269,
                -0.78399392727355,
                2.35702745687669,
                0.532703918544376,
                -3.29235438129368,
                0.548786346851506,
                1.158875258563,
                -2.90189381263707,
                1.1716299614756
            ],
            "SE": [
                0.615590878232225,
                0.698190575556316,
                0.616943542304748,
                0.311832827812032,
                0.326984530067742,
                0.354580231519904,
                0.308529209108674,
                0.301547066415305,
                0.320036419037468
            ]
        },
        {
            "mean": [
                2.22160977484141,
                -2.55333959946366,
                1.44089313826438,
                3.07902289354454,
                -4.62462275192697,
                1.44119850278889,
                1.15538279268303,
                -1.91767629542919,
                2.21746259252626
            ],
            "median": [
                2.22678266379552,
                -2.55120061242013,
                1.4452080756063,
                3.08070214591003,
                -4.62396498827504,
                1.43038130572024,
                1.16402755646317,
                -1.91808770361302,
                2.22055322745693
            ],
            "SE": [
                0.298465870931312,
                0.694684596312675,
                0.328324005959946,
                0.290288181814004,
                0.324562235984745,
                0.342718195235354,
                0.284416699052093,
                0.313397457976362,
                0.28591767637709
            ]
        },
        {
            "mean": [
                -0.575083311134737,
                -1.36441295350805,
                -1.41802245967498,
                3.00927351835502,
                -1.99508692283588,
                0.0288062372044866,
                0.13560340937513,
                0.541964067104652,
                0.925676561226764
            ],
            "median": [
                -0.564765310724538,
                -1.37029200220778,
                -1.42074414448567,
                3.00002858898285,
                -1.98678552974893,
                0.0300014595747946,
                0.144267292479627,
                0.542177335350357,
                0.932463974642155
            ],
            "SE": [
                0.306139364293129,
                0.703841160361683,
                0.319671624432563,
                0.304081384406411,
                0.336166746565564,
                0.343972964305206,
                0.286695145009293,
                0.311326934070089,
                0.297886146027484
            ]
        },
        {
            "mean": [
                -2.78069810167659,
                -0.0916913529517506,
                -1.27917015884863,
                1.30521045828661,
                0.16136273602418,
                -0.41195745860983,
                3.02463378402871,
                2.39886077482045,
                -0.348883747479358
            ],
            "median": [
                -2.77275285489864,
                -0.0760576019350559,
                -1.2800637553899,
                1.30778280377753,
                0.156507589512781,
                -0.407747832889401,
                3.02806661697491,
                2.39216488208698,
                -0.348365929827643
            ],