{
    "uid": "26ddb2cf-0b5b-4f00-818f-4d5be9f3e2a4",
    "scenario_uid": "b56e398eaedbdad34cec9e8a634c0fba",
    "iteration_uid": "3c0e898db4767dd6501a0950bb6d9603",
    "PD_subj": [
        {
            "mean": [
                -0.0843759846579219,
                -0.928148124274627,
                1.34822178509264,
                3.14813438049665,
                -2.11937958312637,
                -1.35097795331904,
                0.0763926018188761,
                -2.18141062002624,
                1.57572260962028
            ],
            "median": [
                -0.0893580719427936,
                -0.92896910531564,
                1.34369432193826,
                3.147111851098,
                -2.12225398829156,
                -1.3443095374138,
                0.0793875476099326,
                -2.18719385349063,
                1.57769043925947
            ],
            "SE": [
                0.301065177415282,
                0.303904351655315,
                0.300708626962969,
                0.290954356295329,
                0.303968887884918,
                0.296536258005613,
                0.297161508655688,
                0.291365174607487,
                0.288112269085121
            ]
        },
        {
            "mean": [
                3.15778867269854,
                0.608585432661959,
                0.313275642266414,
                0.47830460119493,
                -0.426290325559889,
                -2.28131661406973,
                0.308159384160752,
                -1.93834849042797,
                0.639063049731243
            ],
            "median": [
                3.15670746884704,
                0.602793574287689,
                0.305675993812959,
                0.482720756067493,
                -0.425306021599792,
                -2.28228193293093,
                0.305885872969345,
                -1.93039925441321,
                0.635896128429982
            ],
            "SE": [
                0.299448720641219,
                0.296907810806744,
                0.298055512828876,
                0.296782784717152,
                0.306971959880083,
                0.29738940906273,
                0.302442251692756,
                0.314781234219603,
                0.279813800600032
            ]
        },
        {
            "mean": [
                0.211776659461569,
                -2.77312263286278,
                0.0640561299282461,
                1.41350521180947,
                -1.42381178097972,
                -2.84678293381378,
                3.63604706788851,
                -1.07125639623516,
                -0.518183049797442
            ],
            "median": [
                0.209332191044466,
                -2.77538494367571,
                0.0553016022285088,
                1.41513345807703,
                -1.42177337838849,
                -2.84783139537399,
                3.62143915916067,
                -1.06593731652973,
                -0.526491031814663
            ],
            "SE": [
                0.302360585437041,
                0.305799497224035,
                0.291243706355756,
                0.299328808517698,
                0.303323103362655,
                0.301047012896123,
                0.301645285086037,
                0.301443157936212,
                0.289601485914008
            ]
        },
        {
            "mean": [
                -0.48496827807457,
                2.24046910169026,
                -1.75619246490015,
                -0.073326555618452,
                -1.94699998367213,
                1.44906299412892,
                1.51415444323439,
                0.0283412380288898,
                -0.663843721807531
            ],
            "median": [
                -0.491392686926827,
                2.23509999038481,
                -1.76040024695426,
                -0.0806845230922119,
                -1.94188607701189,
                1.45208309403334,
                1.5063171065663,
                0.022061345268029,
                -0.66864710471138
            ],
            "SE": [
                0.296243847332687,
                0.295863803461433,
                0.296997396906405,
                0.297391556803591,
                0.312938943523817,
                0.322322062562997,
                0.309141422694717,
                0.299774703329857,
                0.286878956428004
            ]
        },
        {
            "mean": [
                -0.484851167985929,
                -1.47220598611354,
                -0.581093228771758,
                -0.228439389150194,
                -1.09147687720872,
                -4.12256451733128,
                0.071713658470456,
                -1.56406745368248,
                -0.491720812364217
            ],
            "median": [
                -0.483939671242827,
                -1.47261597530175,
                -0.574707436801791,
                -0.23169143544792,
                -1.09550322859253,
                -4.1151182647732,
                0.077944279807072,
                -1.56913682371349,
                -0.485968600423496
            ],
            "SE": [
                0.300432255213902,
                0.303700423544531,
                0.298893977801586,
                0.287888445877498,
                0.295873538115023,
                0.31340556675063,
                0.29194993779955,
                0.298530652088168,
                0.29351334612894
            ]
        },
        {
            "mean": [
                -0.574441065990753,
                0.912740477627553,
                1.69357721109403,
                0.0158693593678579,
                -0.709162240132205,
                -0.936405975010177,
                1.69952188210058,
                -1.35399743686808,
                -0.0525180531848035
            ],
            "median": [
                -0.572778099772039,
                0.912283957308755,
                1.70204187478417,
                0.019257923665843,
                -0.722836998054587,
                -0.932014144275488,
                1.69861711608349,
                -1.3472616974259,
                -0.057495364314262
            ],
            "SE": [
                0.288547037824983,
                0.303726726084527,
                0.29288310706336,
                0.293447842688642,
                0.303787647358562,
                0.305030528392478,
                0.302871138562921,
                0.296252088194106,
                0.28348638820825
            ]
        },
        {
            "mean": [
                1.06718650278318,
                -2.86809515080345,
                1.17440747084616,
                0.713314384136864,
                -4.52322415550907,
                0.597889235013983,
                -1.37802062890041,
                -3.33444464557744,
                -1.46019321777421
            ],
            "median": [
                0.991438219680184,
                -2.86150697824065,
                1.20127191352719,
                0.792535882052349,
                -4.51463254395042,
                0.535434342940412,
                -1.37750143251116,
                -3.33239998588508,
                -1.46111928179119
            ],