{
    "uid": "0803e3fc-f162-442d-b0f5-e358fd7a2b48",
    "scenario_uid": "b56e398eaedbdad34cec9e8a634c0fba",
    "iteration_uid": "3d0916de3cd2047362323c5d13badc91",
    "PD_subj": [
        {
            "mean": [
                -1.55825872177367,
                -0.176631438576956,
                1.65952330648604,
                0.138919766260705,
                -2.32809980806401,
                -2.21112065901162,
                0.511926065101618,
                -2.4436616794309,
                0.44189767664542
            ],
            "median": [
                -1.56115284422724,
                -0.171318499439007,
                1.658497520343,
                0.139367827852387,
                -2.32115746445912,
                -2.21625576793655,
                0.504829269777691,
                -2.44982309637691,
                0.448989498576854
            ],
            "SE": [
                0.274897964072204,
                0.44759712389677,
                0.293275043636441,
                0.280363487595857,
                0.533392182967894,
                0.30084689926448,
                0.279109766174279,
                0.340721623693677,
                0.3001774876629
            ]
        },
        {
            "mean": [
                -0.277505499665768,
                -4.40383396800391,
                0.746356004839442,
                1.31667785802502,
                0.0117154025931521,
                -1.07030359661379,
                -0.472599726384091,
                1.81772860818445,
                -1.54070800657845
            ],
            "median": [
                -0.281104330860137,
                -4.41160767111191,
                0.746745571080823,
                1.31504901173505,
                0.0111596028204733,
                -1.07450868632633,
                -0.474822625327153,
                1.82058825961956,
                -1.54021678497198
            ],
            "SE": [
                0.289005296871997,
                0.429697997367695,
                0.279046655167322,
                0.274822521109609,
                0.517793145830773,
                0.304158009273178,
                0.275051249239618,
                0.331094043914714,
                0.305243928805382
            ]
        },
        {
            "mean": [
                -0.0401655742191526,
                -1.54298945654988,
                -0.202390693421333,
                1.45930756175974,
                0.348259313092547,
                -1.83149217427903,
                0.859137897523289,
                -1.84563746199979,
                -0.575077200438429
            ],
            "median": [
                -0.0451856499957701,
                -1.53219244539313,
                -0.200424221512301,
                1.45271242186668,
                0.346454020223376,
                -1.83198636921042,
                0.858815142348603,
                -1.83926289377703,
                -0.569926227394683
            ],
            "SE": [
                0.28954798860173,
                0.437867390637637,
                0.294037620017717,
                0.281602614155478,
                0.516533720273578,
                0.304779184741172,
                0.286711489015182,
                0.342183026851518,
                0.295088859039774
            ]
        },
        {
            "mean": [
                -0.466471482337046,
                -1.73260350359875,
                1.79621915889961,
                0.417337631484991,
                -0.459955495890128,
                0.988633993248682,
                1.40914599681935,
                -1.56297891662497,
                1.00611151773426
            ],
            "median": [
                -0.46434264244023,
                -1.73241959152453,
                1.79667488430014,
                0.422649222875347,
                -0.452362801056113,
                0.991330476017772,
                1.41251659216746,
                -1.56155119114578,
                1.00740383674078
            ],
            "SE": [
                0.287117985025177,
                0.434965676900176,
                0.283415992879325,
                0.28422501565034,
                0.512351709219065,
                0.304562818966134,
                0.270114913907838,
                0.347001408864786,
                0.303674491821788
            ]
        },
        {
            "mean": [
                -0.369527803256643,
                -0.787145164301385,
                -1.6017003190411,
                -0.251549687535524,
                -0.727698868822095,
                -0.547077520877756,
                2.07267241279488,
                -1.04566301122469,
                -1.26695289119478
            ],
            "median": [
                -0.373901239121985,
                -0.769108986424649,
                -1.5969599365286,
                -0.246901553919009,
                -0.71427147088366,
                -0.54191032981168,
                2.07544248345887,
                -1.04257245119321,
                -1.27340674460446
            ],
            "SE": [
                0.278509990691422,
                0.505694414234857,
                0.291039242677725,
                0.289825474853135,
                0.5163709995245,
                0.311010818431038,
                0.276409248961849,
                0.357640915333452,
                0.294231504999735
            ]
        },
        {
            "mean": [
                1.02762469674181,
                0.218187231951879,
                1.04112404782649,
                1.50897545668453,
                -2.58805404398369,
                1.5133626709592,
                0.0207205374261438,
                -1.30757114963953,
                0.00896117929485702
            ],
            "median": [
                1.02313638543511,
                0.229380040163258,
                1.0399454901338,
                1.50552461581504,
                -2.58160079946617,
                1.51344657052963,
                0.0164523187417973,
                -1.31454074288846,
                0.00709700147206232
            ],
            "SE": [
                0.28536110313288,
                0.445907974482418,
                0.310810306893939,
                0.291678107985232,
                0.530522805100519,
                0.329545189127173,
                0.280527344193438,
                0.33906211443518,
                0.31656952972664
            ]
        },
        {
            "mean": [
                1.3842859237249,
                -1.0697474863352,
                2.79122846305632,
                2.67499199918416,
                -2.73689400426532,
                0.416552806954955,
                1.63822380222638,
                -1.54320608072104,
                -3.03932378461528
            ],
            "median": [
                1.38509492439153,
                -1.08204892830819,
                2.79464951653383,
                2.67641660360309,
                -2.73772872996263,
                0.417101579202443,
                1.63128698204912,
                -1.54517583768588,
                -3.03785007724778
            ],