{
    "uid": "e93790ac-ead7-4161-99d1-b8cce66b5980",
    "scenario_uid": "b56e398eaedbdad34cec9e8a634c0fba",
    "iteration_uid": "3e622f6bf14965cf46462f2e16e36d04",
    "PD_subj": [
        {
            "mean": [
                -0.331443293545067,
                0.161405217164503,
                0.164306329606451,
                0.760131331842766,
                -0.253343849587049,
                -0.274399225765759,
                2.12965279341585,
                -0.6613322573653,
                -0.661319032345612
            ],
            "median": [
                -0.330992293810701,
                0.163233547640219,
                0.162649307665984,
                0.764436809332104,
                -0.247766734781766,
                -0.280437549465494,
                2.12577573365806,
                -0.661028459126813,
                -0.663052222695544
            ],
            "SE": [
                0.292930055891988,
                0.335182503545838,
                0.297122379222489,
                0.272131416494067,
                0.30934071756512,
                0.280473446836182,
                0.268299637889333,
                0.317344860010574,
                0.297126177905525
            ]
        },
        {
            "mean": [
                -0.620375840694067,
                -0.517990598619599,
                0.215369770955646,
                2.36041084902855,
                -1.35408379635825,
                0.640358403447246,
                1.01244582851837,
                -1.29610773102388,
                -2.88662472726276
            ],
            "median": [
                -0.609323216938396,
                -0.510317943796124,
                0.215733100671999,
                2.35852210085261,
                -1.3496710695502,
                0.639924247035082,
                1.01338970762564,
                -1.29883841614949,
                -2.89158169074539
            ],
            "SE": [
                0.297548642456879,
                0.308907669394023,
                0.294696128257695,
                0.270087162597937,
                0.302676684671707,
                0.269782027983766,
                0.273014706453116,
                0.29084557529147,
                0.295389272620138
            ]
        },
        {
            "mean": [
                0.917248470080598,
                -3.13084607286458,
                1.03331151066487,
                0.91068077241912,
                -0.575695483348111,
                0.652758059136804,
                1.49280109279067,
                -1.14896286403905,
                -0.898440448581388
            ],
            "median": [
                0.919055464454085,
                -3.13688928763052,
                1.02954349804923,
                0.906207612516815,
                -0.58025065236888,
                0.658850800267898,
                1.50886175302901,
                -1.14660085013387,
                -0.912517857742836
            ],
            "SE": [
                0.283312358260666,
                0.309902388130597,
                0.290447421445116,
                0.268457945063476,
                0.295366323971293,
                0.279819072017424,
                0.27126763267888,
                0.291833075144817,
                0.301684125645704
            ]
        },
        {
            "mean": [
                1.16879653446364,
                -3.81014440542224,
                0.584280807089026,
                2.63926544810476,
                -1.01584494476518,
                -0.0784727204080316,
                0.920720263060604,
                -0.926460075578856,
                0.130145432831407
            ],
            "median": [
                1.16850733667758,
                -3.80801602390913,
                0.585576343168774,
                2.6433510099635,
                -1.02047707919261,
                -0.0735092497035674,
                0.921713613412244,
                -0.928823790518638,
                0.124220730120467
            ],
            "SE": [
                0.289174858920244,
                0.303582094276339,
                0.272979366018949,
                0.275044321934587,
                0.295590363615649,
                0.27338518104059,
                0.265625007014869,
                0.298540621673565,
                0.303969016667589
            ]
        },
        {
            "mean": [
                -1.3851335500467,
                2.39593187621514,
                1.47779078460152,
                1.45133447968565,
                -0.688687088353926,
                0.597130149879321,
                1.63121315358258,
                0.168101865907908,
                -0.479023741030502
            ],
            "median": [
                -1.38913127780451,
                2.38990624187596,
                1.48201111638826,
                1.4488421100743,
                -0.689725298531018,
                0.597054248369003,
                1.63518099409569,
                0.167748290828753,
                -0.472415589264637
            ],
            "SE": [
                0.296060901428556,
                0.297373381278149,
                0.284552065895699,
                0.273563689870534,
                0.306061014038696,
                0.278051085972868,
                0.27337769782622,
                0.29599611555915,
                0.295606572834282
            ]
        },
        {
            "mean": [
                -0.622508129290783,
                -1.68556569063843,
                -0.896759761851721,
                2.00909931062277,
                -3.16996589866367,
                0.0191044929518748,
                -0.162545939878382,
                -2.13326102556966,
                0.531397008060494
            ],
            "median": [
                -0.622194557692586,
                -1.68527822235963,
                -0.897407044162543,
                2.00807313804683,
                -3.16147896562621,
                0.0160677641717222,
                -0.164877526861574,
                -2.14104538220543,
                0.533135786893752
            ],
            "SE": [
                0.297833995097295,
                0.30921292059549,
                0.276939579952383,
                0.274307426507012,
                0.299635986849298,
                0.275563828933618,
                0.273705282048488,
                0.296315876471644,
                0.303761757112137
            ]
        },
        {
            "mean": [
                2.1760637562408,
                -0.373979418792074,
                1.31972709933341,
                0.966041868661975,
                -3.75398105022663,
                0.956342616263041,
                0.787169609544562,
                -3.21726892247042,
                0.992426362186846
            ],
            "median": [
                2.32029039264462,
                -0.366318314783505,
                1.16754249366008,
                0.962782421300833,
                -3.75772632302758,
                0.963088309881458,
                0.780217957649847,
                -3.21571820031977,
                0.985512246428221
            ],