{
    "uid": "3f54329e-b280-4ef2-9283-cee1124ab2d6",
    "scenario_uid": "b56e398eaedbdad34cec9e8a634c0fba",
    "iteration_uid": "3f9a73ec53dc6d06d8e6bff7dd44be4d",
    "PD_subj": [
        {
            "mean": [
                -2.31080321401863,
                -0.885561954353613,
                -0.822874896410051,
                0.706377949281867,
                -2.06922651950312,
                -0.440793982601925,
                2.88232572309487,
                -2.19829176170589,
                -0.141916495979983
            ],
            "median": [
                -2.30879707837961,
                -0.88846789425892,
                -0.821537219074563,
                0.713936729931979,
                -2.06690954888102,
                -0.447378389595933,
                2.88715090479152,
                -2.20557660074479,
                -0.141195351208924
            ],
            "SE": [
                0.325599839136229,
                0.28559423341806,
                0.29598485155841,
                0.282253996488775,
                0.304238690179206,
                0.330933133544604,
                0.292835596994531,
                0.27629814116276,
                0.28658247010972
            ]
        },
        {
            "mean": [
                -1.17217420017619,
                -0.460825302431544,
                2.05802005208716,
                2.26066276250361,
                0.147966946712409,
                0.858922228815764,
                1.32864832252545,
                -1.04224070836528,
                -1.91283807505144
            ],
            "median": [
                -1.16762072425195,
                -0.462434237693905,
                2.06320221750052,
                2.26497011960219,
                0.151340119187212,
                0.877236486952034,
                1.33536743526283,
                -1.0485567651125,
                -1.91920703788625
            ],
            "SE": [
                0.320633503863904,
                0.285456320917876,
                0.299656604844283,
                0.286928872063641,
                0.304881489849106,
                0.336128156080917,
                0.297598592990441,
                0.284757629705899,
                0.297509968304625
            ]
        },
        {
            "mean": [
                0.412316738812618,
                -0.884626384811781,
                -0.33520043080422,
                -0.0928642281479202,
                -1.72818875443328,
                -1.14508843152317,
                1.58097069456002,
                -0.250180947583117,
                0.322252056986452
            ],
            "median": [
                0.416915302269142,
                -0.886396810247366,
                -0.654176389744824,
                -0.0860758640047713,
                -1.7240651212927,
                -1.4681791929316,
                1.57368169662509,
                -0.241997633086994,
                -0.0127893470892805
            ],
            "SE": [
                0.384530826284367,
                0.291511663446702,
                0.822474190998371,
                0.285737978670906,
                0.314180108511364,
                0.857896378250548,
                0.316742813581588,
                0.294043330693144,
                0.85804146525236
            ]
        },
        {
            "mean": [
                -1.09759939253885,
                0.935990941977219,
                -0.423914637657626,
                1.52394958044153,
                -2.63038772654086,
                -1.88639496818848,
                2.05439532934,
                -0.857490952418883,
                -0.910852303526437
            ],
            "median": [
                -1.10155528443139,
                0.934734089203674,
                -0.422896508667783,
                1.51487150795886,
                -2.63021288193018,
                -1.89122599188094,
                2.05275890827524,
                -0.866530600283333,
                -0.901724810034642
            ],
            "SE": [
                0.310492066944135,
                0.281351008958383,
                0.308373848778769,
                0.291865100610847,
                0.298804798429338,
                0.334144536057634,
                0.298287173935106,
                0.279402762815591,
                0.298117895065811
            ]
        },
        {
            "mean": [
                0.32680134603072,
                0.714813964090193,
                0.731041500757147,
                0.351759123482668,
                0.161117642867789,
                0.169243612110251,
                -0.357211533091675,
                -1.8799036535051,
                -1.90600086881913
            ],
            "median": [
                0.399148858904498,
                0.680944723495921,
                0.688507343398806,
                0.343148432282452,
                0.103654626556656,
                0.105752766598028,
                -1.14935832721663,
                -1.90122776299412,
                -1.91588627377557
            ],
            "SE": [
                0.84895664335968,
                0.477964596621194,
                0.437243710806882,
                0.514777369259112,
                0.507658277955742,
                0.460828101291978,
                1.62769526763353,
                0.465206438944188,
                0.428075497315093
            ]
        },
        {
            "mean": [
                0.909100189433133,
                -3.10915678270765,
                2.03185330619321,
                -1.28244030797839,
                3.85257350069418,
                -0.272067199557189,
                -0.21411571640985,
                0.363105919688226,
                0.156440405763519
            ],
            "median": [
                0.961135193828755,
                -3.10578284173484,
                2.03598781562682,
                -1.34423106615413,
                3.85603648636129,
                -0.264814781816892,
                -0.280665296890285,
                0.362545231191265,
                0.162025350371725
            ],
            "SE": [
                0.481708913913955,
                0.284470498398483,
                0.301648222100684,
                0.471739080207318,
                0.313258670949848,
                0.327394814916178,
                0.512948911036588,
                0.288036740654644,
                0.294880119797279
            ]
        },
        {
            "mean": [
                1.16862867141596,
                -1.03188560610962,
                0.10031465014016,
                -0.91156191427998,
                -0.709820341166271,
                -3.20563866943137,
                0.0216144179016847,
                -1.49105686908072,
                -0.502174271791927
            ],
            "median": [
                1.17209748639817,
                -1.03401859801408,
                0.101881868957789,
                -0.90448454924832,
                -0.71039642025572,
                -3.21391487630614,
                0.0149040342748566,
                -1.49801061293989,
                -0.509416723498197
            ],