{
    "uid": "12d22cec-448d-4967-af29-ad804225a01b",
    "scenario_uid": "b56e398eaedbdad34cec9e8a634c0fba",
    "iteration_uid": "3ff4376ce61ccc48eb56043462a903da",
    "PD_subj": [
        {
            "mean": [
                -2.19356399986403,
                -1.42736887619565,
                1.36433874970039,
                2.17738501370998,
                -1.2674962276585,
                -1.14014866262943,
                0.378727533580602,
                0.817413932117645,
                0.889502203740811
            ],
            "median": [
                -2.19663411794651,
                -1.49998082512808,
                1.35601580971156,
                2.18564575604906,
                -1.25519582167179,
                -1.19818335847277,
                0.377567674452387,
                0.809458845782197,
                0.897811173393389
            ],
            "SE": [
                0.283789963423611,
                0.86104805758524,
                0.282501226293202,
                0.287713787416328,
                0.518929469984724,
                0.476660297053295,
                0.275697067070144,
                0.421443591498264,
                0.312555536741132
            ]
        },
        {
            "mean": [
                2.41274508247617,
                2.73636827543084,
                1.42270372065011,
                2.62228651562492,
                0.749379781535252,
                0.392827358978328,
                1.33225386941633,
                -0.112051709968338,
                -1.21827888206356
            ],
            "median": [
                2.41817936882151,
                2.74630871167012,
                1.42771345880942,
                2.62007809069342,
                0.753463683649456,
                0.39174411018876,
                1.33316588075787,
                -0.11418585312135,
                -1.21772218154846
            ],
            "SE": [
                0.289162984197087,
                0.749590059069736,
                0.277719124997354,
                0.290022127750473,
                0.526654142871008,
                0.295988123496732,
                0.281936367725163,
                0.418953595298864,
                0.280946960887529
            ]
        },
        {
            "mean": [
                -0.0898585949559861,
                0.183965776625324,
                -0.0991541208958768,
                1.30025034446425,
                -1.86312991113919,
                1.30431251591981,
                0.783918165431094,
                -0.0511492801049942,
                0.780333218699642
            ],
            "median": [
                -0.0949599760696183,
                0.166798845319981,
                -0.111456277261984,
                1.296861427028,
                -1.86261076281748,
                1.29326353407803,
                0.783080205413544,
                -0.045049719694538,
                0.785095627793297
            ],
            "SE": [
                0.29967768470788,
                0.762464290278415,
                0.310565996022698,
                0.297659495755501,
                0.532704994040794,
                0.321744527796628,
                0.301428790980496,
                0.417926863196158,
                0.304645759178138
            ]
        },
        {
            "mean": [
                -0.92296354329553,
                0.540975216820365,
                -0.915197025406578,
                -0.115464698531483,
                -0.630380195654648,
                -0.121181457272253,
                0.0877516811677418,
                -2.8513854280917,
                0.0861722721536873
            ],
            "median": [
                -0.920772695832494,
                0.544011197154601,
                -0.912861479272064,
                -0.117814140048899,
                -0.643771741278925,
                -0.12761303480013,
                0.0846469539434999,
                -2.84791893802641,
                0.0871055107133462
            ],
            "SE": [
                0.307223414782302,
                0.761152818372454,
                0.301269473204596,
                0.292476503724735,
                0.521380417433583,
                0.299399034154524,
                0.294165917680823,
                0.434371482548728,
                0.298131521228866
            ]
        },
        {
            "mean": [
                -0.315972735617602,
                -2.24554184344489,
                0.919094603821566,
                0.428698463048363,
                -1.09844246443211,
                0.453339151526517,
                -0.666504669698836,
                0.431582537478636,
                -0.177526462823016
            ],
            "median": [
                0.328780052446828,
                -2.25146012977486,
                0.914417732240935,
                0.433621649567393,
                -1.10324507532914,
                0.446925041255385,
                -0.617432043343783,
                0.454463189516102,
                -0.181891031577654
            ],
            "SE": [
                1.2985299114834,
                0.747611963247626,
                0.287182522808838,
                0.292626272602051,
                0.571285910076284,
                0.292234964401259,
                0.590294942095808,
                0.479468227602735,
                0.292015114320455
            ]
        },
        {
            "mean": [
                2.09036190841536,
                0.00811887129559689,
                2.08763482949922,
                2.03528413219674,
                -0.82531935688784,
                2.01060078175422,
                0.43732284237086,
                0.0122983431930473,
                0.439340482375718
            ],
            "median": [
                2.08696334621059,
                0.00535951029340673,
                2.09070217461893,
                2.03517304819243,
                -0.819227000685312,
                2.01393003630723,
                0.428693176406143,
                0.0117096598020764,
                0.445146707458606
            ],
            "SE": [
                0.298353147810292,
                0.746067022940037,
                0.288857914483636,
                0.308328485822942,
                0.531632955656798,
                0.301863088030365,
                0.296229725447175,
                0.40621175067482,
                0.29452613621585
            ]
        },
        {
            "mean": [
                -1.04529584690822,
                1.7949047993357,
                3.05919617949294,
                -0.763948374689024,
                -1.473939244335,
                -0.243442890673428,
                -1.55430446797671,
                -1.11387668722189,
                0.328512428779485
            ],
            "median": [
                -1.04803284965652,
                1.80362018842776,
                3.05022962670743,
                -0.768701148870668,
                -1.48295734017218,
                -0.245179142525397,
                -1.55599908750509,
                -1.11595616582625,
                0.328313921678127
            ],