{
    "uid": "05c8cbb2-473f-450c-8c31-8e23bec54bcb",
    "scenario_uid": "b56e398eaedbdad34cec9e8a634c0fba",
    "iteration_uid": "4111d4de4fb863e41f9d16e58c56bab5",
    "PD_subj": [
        {
            "mean": [
                -0.524818252404868,
                -1.86784326261862,
                3.82758941266913,
                1.62524929959171,
                -0.307556563125088,
                -1.14284767557193,
                -0.181232281153073,
                -2.63164351991381,
                -2.00249857081283
            ],
            "median": [
                -0.522910019346955,
                -1.86656384610816,
                3.82749761244575,
                1.62124509705837,
                -0.314365164008388,
                -1.14103439394635,
                -0.194163530448222,
                -2.63059173958773,
                -2.00023561949553
            ],
            "SE": [
                0.321099298667976,
                0.315614337818168,
                0.303428126061559,
                0.305202832302693,
                0.307224951837036,
                0.292171617797952,
                0.392382526648845,
                0.289007080158017,
                0.285787434369764
            ]
        },
        {
            "mean": [
                -2.12040049129879,
                0.286202304689468,
                3.27245202569049,
                0.560830508561532,
                0.0100528831831312,
                -1.48889460893845,
                1.5635838245984,
                0.907681196005725,
                -0.748545968453778
            ],
            "median": [
                -2.12563445757246,
                0.28239195659644,
                3.26784719378958,
                0.564188600175908,
                0.0118496967521717,
                -1.48871670444687,
                1.56787529597297,
                0.912596834212758,
                -0.749645708398098
            ],
            "SE": [
                0.323234739092099,
                0.322340851346866,
                0.299088315982286,
                0.304998256616883,
                0.302545542013969,
                0.285534323174967,
                0.392867570160355,
                0.284345891814502,
                0.291847037378105
            ]
        },
        {
            "mean": [
                -1.7462497999452,
                0.130412010512993,
                2.48331100245297,
                1.42866018207079,
                -1.70364139774443,
                -0.679249031352826,
                -0.404495968824242,
                -1.63275101072396,
                0.196050986884874
            ],
            "median": [
                -1.74592907289726,
                0.120852582268825,
                2.4827978653339,
                1.42947418212022,
                -1.69879656867903,
                -0.680834071700604,
                -0.409324195946199,
                -1.63022196766537,
                0.193000122154898
            ],
            "SE": [
                0.329780883397543,
                0.324477521031338,
                0.30112494582902,
                0.29610412728795,
                0.30942176072856,
                0.289369181276636,
                0.399660755568789,
                0.27901330303867,
                0.292671734026534
            ]
        },
        {
            "mean": [
                -1.30235164898362,
                -2.61134922507846,
                0.162996412954408,
                -0.146340281628312,
                -1.48294590546302,
                1.00169452689772,
                0.313650383472959,
                -0.605158969696267,
                0.898315999046315
            ],
            "median": [
                -0.542754511263445,
                -2.57825530048803,
                0.1115366829955,
                0.729590668779583,
                -1.45693377072959,
                1.0497458462856,
                0.451045175556697,
                -0.606452100907402,
                0.959705534239611
            ],
            "SE": [
                1.58356749046951,
                0.44150858286292,
                0.438217566284589,
                1.48650404884627,
                0.383907204632312,
                0.428226973587434,
                0.813253554306548,
                0.307181296501573,
                0.425860502659162
            ]
        },
        {
            "mean": [
                -0.190848871475591,
                0.707641857664103,
                0.705125274553456,
                0.106876288432729,
                -1.16149260552244,
                -1.17032570042765,
                2.71816796807684,
                -1.20051295996242,
                -1.1712592023074
            ],
            "median": [
                -0.185876456493376,
                0.707476684040277,
                0.706032689601735,
                0.103680707801931,
                -1.15910568116113,
                -1.16868199928769,
                2.72383298553579,
                -1.19597601387206,
                -1.17459859933087
            ],
            "SE": [
                0.332765623410085,
                0.351558555015918,
                0.314940235897356,
                0.305825050880193,
                0.335668015860991,
                0.290579768634833,
                0.393339308278747,
                0.316292975935275,
                0.2843611379607
            ]
        },
        {
            "mean": [
                -3.6251911672098,
                -2.17412522758601,
                0.48085988750014,
                2.49410921330491,
                -0.309275971190068,
                1.28121145760181,
                -1.14172967446927,
                -0.448885302853472,
                0.00713363998862397
            ],
            "median": [
                -3.62107061835722,
                -2.16909776147309,
                0.484764035242997,
                2.49393255480505,
                -0.31213258058632,
                1.27500531860506,
                -1.14317587822757,
                -0.451797346328484,
                0.00994509229666735
            ],
            "SE": [
                0.32974819215749,
                0.319966251775915,
                0.300901254799597,
                0.299297706336132,
                0.310667802378846,
                0.286993445753207,
                0.388427494666917,
                0.288509114768472,
                0.284819054512499
            ]
        },
        {
            "mean": [
                -0.219753484812402,
                0.653830044250509,
                -0.119264082865496,
                0.456068810832541,
                0.0246434447507799,
                -1.2099963182337,
                1.6050078039326,
                -1.01451983531414,
                -0.776171691868979
            ],
            "median": [
                -0.212771914119709,
                0.650751288534584,
                -0.125714231763386,
                0.465788354782351,
                0.029143965078006,
                -1.20777863520874,
                1.60844484164065,
                -1.01523061140031,
                -0.77877094721045
            ],