{
    "uid": "5c1250a4-b284-42a3-9d13-34d5f7eeb0a3",
    "scenario_uid": "b56e398eaedbdad34cec9e8a634c0fba",
    "iteration_uid": "46567ab9423e5ecb27d4288c770dba00",
    "PD_subj": [
        {
            "mean": [
                -1.44494959968085,
                -0.785043400477507,
                -0.593328133993029,
                1.64256885566989,
                0.34500589157461,
                -0.229000572000514,
                2.67675369388148,
                -2.49098442126259,
                0.219399892277417
            ],
            "median": [
                -1.4491156972264,
                -0.783203305821413,
                -0.587817581868872,
                1.64487617291951,
                0.340761448052721,
                -0.236169468277332,
                2.6802117761127,
                -2.48310493815471,
                0.229267004129823
            ],
            "SE": [
                0.291991497742494,
                0.288550992590737,
                0.304117770100172,
                0.293124732270218,
                0.310156508261106,
                0.26449475275737,
                0.30358309181876,
                0.294013037386961,
                0.295124147255665
            ]
        },
        {
            "mean": [
                -1.48334498283806,
                -1.35868589986626,
                -1.33811617330314,
                0.0622075302367984,
                0.0634998576237419,
                -0.00906814234130144,
                0.644196169597298,
                0.483138128544157,
                0.711640098729119
            ],
            "median": [
                -1.63480622215678,
                -1.54638335786901,
                -1.51804161871187,
                -0.0655355211421041,
                -0.0113687546456005,
                -0.141751782574744,
                0.625677166057194,
                0.548954978680583,
                0.707041797685113
            ],
            "SE": [
                0.55838827593427,
                0.644687848585291,
                0.649101669150363,
                0.569236317498986,
                0.72618412082177,
                0.516625916023212,
                0.409774625127919,
                0.642065604787422,
                0.405998739349887
            ]
        },
        {
            "mean": [
                2.18992298863839,
                -0.241201011239061,
                2.08061353838777,
                0.952402705570782,
                -1.9320237603575,
                -0.00416845887412108,
                2.61468930774904,
                -2.38272920737667,
                -0.332358595112987
            ],
            "median": [
                2.18833378395558,
                -0.243029040584036,
                2.08324055056299,
                0.94955870351532,
                -1.93019812252169,
                -0.00465972808248597,
                2.62229858928504,
                -2.39461299144184,
                -0.326878235052328
            ],
            "SE": [
                0.292319272953715,
                0.292005709798332,
                0.313948161511021,
                0.295330977582321,
                0.304831487770572,
                0.264304347771522,
                0.305240757345015,
                0.30064729567892,
                0.291169359813688
            ]
        },
        {
            "mean": [
                -0.718489439278369,
                -0.930175552525557,
                -0.537719349760106,
                0.157952938122002,
                0.319829076307228,
                0.169009267635082,
                -0.371011640549966,
                -1.39735896981815,
                -0.355625721869502
            ],
            "median": [
                -0.881713856683502,
                -0.936880012475626,
                -0.386313275877974,
                0.151948561766321,
                0.3360787381184,
                0.166082344421806,
                -0.295907633280142,
                -1.56046537380308,
                -0.272402964685655
            ],
            "SE": [
                0.6673284245451,
                0.375082166754565,
                0.656520962533398,
                0.308855762262195,
                0.349726187422151,
                0.27730770602606,
                0.494896864626532,
                0.589103776463171,
                0.466097057420923
            ]
        },
        {
            "mean": [
                -1.37116706928741,
                -0.618591254185694,
                -2.35516668726697,
                1.93517430399032,
                -0.00837956684203396,
                -0.53133034727553,
                -0.238681547351503,
                -0.949586103972794,
                1.52162934272856
            ],
            "median": [
                -1.36573926415694,
                -0.620564062890995,
                -2.35310279089197,
                1.93486332441168,
                -0.00687805429156515,
                -0.52744530982474,
                -0.248725358362953,
                -0.949109073894031,
                1.5148656022266
            ],
            "SE": [
                0.296985639142586,
                0.295487519093116,
                0.316218841719571,
                0.285101018719261,
                0.305409518718288,
                0.258408322646785,
                0.308460198996565,
                0.2889468894579,
                0.282543279822393
            ]
        },
        {
            "mean": [
                2.0607655131404,
                -1.24209005548509,
                1.7305518508202,
                1.59168389214955,
                -3.84599859864779,
                0.863378202397168,
                1.38226148834452,
                -0.731642039785619,
                -1.32928126057954
            ],
            "median": [
                2.07444068492728,
                -1.2346899503929,
                1.72818847595508,
                1.59411213063361,
                -3.84980619621169,
                0.862242426707664,
                1.37834385976195,
                -0.727358995383001,
                -1.33321467469801
            ],
            "SE": [
                0.300755567122719,
                0.287244801929353,
                0.308193688174789,
                0.298548548277375,
                0.309338935249883,
                0.264090681141153,
                0.304245527048799,
                0.294476214094509,
                0.275650077589793
            ]
        },
        {
            "mean": [
                1.13572256051212,
                2.81668334388396,
                -1.82648206777555,
                -1.14529915865897,
                -2.10715835394933,
                0.873511683903698,
                2.1163389772713,
                -3.39567737623144,
                -0.940170508990398
            ],
            "median": [
                1.13729925312787,
                2.82389011160694,
                -1.81845824046343,
                -1.14641487706239,
                -2.10372860065563,
                0.879997192867426,
                2.1205411365412,
                -3.38815806137502,
                -0.936181187528461
            ],