{
    "uid": "75d1c615-2c3f-4c64-b3ad-411b33e4a523",
    "scenario_uid": "b56e398eaedbdad34cec9e8a634c0fba",
    "iteration_uid": "47b0f432a85abf1720f147aae45d2a9d",
    "PD_subj": [
        {
            "mean": [
                -0.624041982065305,
                -0.886749783871907,
                3.89638047324734,
                2.30387585058455,
                -2.21410997166578,
                0.374383828600023,
                3.45398190376749,
                -1.82354843324415,
                0.681576452668691
            ],
            "median": [
                -0.621811917774583,
                -0.889144500763977,
                3.89586238119595,
                2.29602223431461,
                -2.21704467416863,
                0.374027978878387,
                3.45222637595049,
                -1.8297131324888,
                0.683798632017687
            ],
            "SE": [
                0.300291763264923,
                0.308768651383749,
                0.306139397855461,
                0.2945069761882,
                0.299590199440898,
                0.28317007487047,
                0.315686679731633,
                0.30802536023638,
                0.281760959498905
            ]
        },
        {
            "mean": [
                -0.134443437732192,
                -0.60015943215415,
                1.81195786291263,
                0.765278711513539,
                -0.487059761970971,
                -1.94612840531247,
                2.4362788252551,
                0.251824783952118,
                0.488647882969485
            ],
            "median": [
                -0.131001096291076,
                -0.600983310829195,
                1.80723729204731,
                0.766810695464299,
                -0.486836704309359,
                -1.9470709948538,
                2.44292059185245,
                0.247647126024857,
                0.48647248168073
            ],
            "SE": [
                0.302432941828195,
                0.306501443697011,
                0.308215078300647,
                0.293608706210461,
                0.299245597646114,
                0.275080176656032,
                0.314696983659651,
                0.304210895337973,
                0.279676735405228
            ]
        },
        {
            "mean": [
                -0.192012771793842,
                -2.55090711951902,
                0.82674727759249,
                0.401182217761832,
                -0.177722302563756,
                -0.659716485285928,
                1.08802756204285,
                -0.704617006457659,
                0.422044997320364
            ],
            "median": [
                -0.187581350621332,
                -2.55607183150623,
                0.821348595650053,
                0.392501248628619,
                -0.179601766066118,
                -0.658615285359951,
                1.08751930325734,
                -0.701509875846389,
                0.429238677788263
            ],
            "SE": [
                0.310097913853935,
                0.311530892819952,
                0.300009432579728,
                0.277581619313704,
                0.304474348916377,
                0.282400798695385,
                0.30820726591437,
                0.294678771524126,
                0.278559845264705
            ]
        },
        {
            "mean": [
                -2.95017190115142,
                -0.928531080310106,
                0.619423956172998,
                -0.359929796151613,
                -0.211544660570221,
                -1.38922872626643,
                3.85038889751259,
                -3.77864891277765,
                1.38634180279342
            ],
            "median": [
                -2.95263943766288,
                -0.930214534543523,
                0.625624604186353,
                -0.357972784336555,
                -0.210252688512795,
                -1.38032029657367,
                3.84211312360878,
                -3.7815396342976,
                1.38905043654356
            ],
            "SE": [
                0.302856656359594,
                0.311480988898807,
                0.31344650454335,
                0.290388647034147,
                0.302902240352616,
                0.292827165635114,
                0.305246638987387,
                0.308779922615788,
                0.281800777361555
            ]
        },
        {
            "mean": [
                0.271769524572631,
                -1.08950761308861,
                2.66383571843666,
                2.23798195032309,
                -1.69305720788177,
                -0.0451074028642869,
                -2.48542033016106,
                -1.96654448157213,
                0.0410416042771393
            ],
            "median": [
                0.272812986483642,
                -1.07738597380782,
                2.67392638660584,
                2.24580972792059,
                -1.69314233201041,
                -0.0459189934450962,
                -2.48790747473375,
                -1.97073502523338,
                0.0475672754303065
            ],
            "SE": [
                0.301133720054828,
                0.308876971745096,
                0.308164080670934,
                0.282791691430208,
                0.298255902955413,
                0.286538356427155,
                0.31506986099629,
                0.300839112327751,
                0.278558009890424
            ]
        },
        {
            "mean": [
                -0.486839534364227,
                0.220535985038672,
                1.02387966205038,
                1.07831173764058,
                1.16251437436119,
                -0.929501489109064,
                1.46914054085643,
                -0.9655330343018,
                -0.958020163505634
            ],
            "median": [
                -0.493704847080249,
                0.219015682445971,
                1.02319220172413,
                1.07198910492964,
                1.17022502106741,
                -0.91984797048878,
                1.47426482360095,
                -0.966414819073994,
                -0.954287233794584
            ],
            "SE": [
                0.296877287265251,
                0.302570840735626,
                0.303347828763239,
                0.296280659277641,
                0.297612554215288,
                0.288699650734526,
                0.309389190898193,
                0.301808191258768,
                0.28447241895923
            ]
        },
        {
            "mean": [
                0.783781655766529,
                0.116832907782846,
                2.77199577735219,
                2.14250145850477,
                -3.88508955724536,
                1.08547562406694,
                -0.214779702782373,
                0.654940129804508,
                -0.779660727734011
            ],
            "median": [
                0.786605658126009,
                0.119485927782894,
                2.7636307963477,
                2.13742474766622,
                -3.87985965514043,
                1.08753860457138,
                -0.214078086109768,
                0.662962892322688,
                -0.775958631966517
            ],