{
    "uid": "474216c8-3ac2-4e4f-a353-d600e5f83d8a",
    "scenario_uid": "b56e398eaedbdad34cec9e8a634c0fba",
    "iteration_uid": "47e9009d69ba571fccf3e2f8d46eb3cf",
    "PD_subj": [
        {
            "mean": [
                0.00808988118281938,
                -0.577704230067979,
                -0.775966734960195,
                1.09526605415288,
                -0.429620405996957,
                0.169143119595056,
                0.166436391846317,
                -3.99130052782037,
                1.05054268209611
            ],
            "median": [
                0.0180233226915948,
                -0.576162028086338,
                -0.780400744393714,
                1.09906681640241,
                -0.425127664156715,
                0.165277191551239,
                0.169922989832842,
                -3.97479550959023,
                1.05302953805831
            ],
            "SE": [
                0.278914678462009,
                0.629736910138923,
                0.279076894784936,
                0.28579474025586,
                0.619790569343974,
                0.281480706019606,
                0.287538022724403,
                0.831572235272968,
                0.2879073040042
            ]
        },
        {
            "mean": [
                0.528195139181872,
                -1.47060401552022,
                0.550230738046276,
                -0.289286376590944,
                -0.621285095308629,
                -0.287049558598569,
                2.90187840044126,
                -0.555409290219395,
                2.91407621959341
            ],
            "median": [
                0.530247263805682,
                -1.4722234458679,
                0.534022969647876,
                -0.289156607846168,
                -0.624948708467118,
                -0.284345498559191,
                2.90565528999616,
                -0.561946478477824,
                2.91082875154736
            ],
            "SE": [
                0.302529074063188,
                0.650107841379065,
                0.306935128818726,
                0.297809497612393,
                0.609887611912912,
                0.307939595728759,
                0.296392659568118,
                0.863600257727597,
                0.314892679407799
            ]
        },
        {
            "mean": [
                -1.64528886803337,
                -0.304400589861098,
                0.331153927326606,
                1.92277278089907,
                -0.444050300565511,
                -1.08166428897351,
                3.29848618578536,
                0.647689323335542,
                -1.1540346449944
            ],
            "median": [
                -1.64103442515691,
                -0.290970623978589,
                0.335659120906628,
                1.92152779845782,
                -0.43316876058807,
                -1.08890040711734,
                3.29621122290484,
                0.672867988555421,
                -1.15371359458605
            ],
            "SE": [
                0.280088873288841,
                0.650231408782091,
                0.285645072666304,
                0.295222201350102,
                0.623557358719625,
                0.265857407699824,
                0.282577699246191,
                0.819080974108202,
                0.29407440661826
            ]
        },
        {
            "mean": [
                0.0538575916266107,
                -2.16381809181861,
                0.653621051608755,
                1.25779772810107,
                -1.2007326259279,
                0.247864994819942,
                1.31899508182703,
                -4.06571617166134,
                -0.943245093394111
            ],
            "median": [
                0.0511544177463717,
                -2.15808799473127,
                0.655489907256237,
                1.26128130380588,
                -1.1878636377835,
                0.249261687955131,
                1.32267025042498,
                -4.04934878340359,
                -0.938374851413109
            ],
            "SE": [
                0.288747310601317,
                0.646047174382533,
                0.269975799881982,
                0.281945536625085,
                0.593825134600643,
                0.273982822608676,
                0.289008227936111,
                0.815401604158341,
                0.285286349173214
            ]
        },
        {
            "mean": [
                -0.0764054635154298,
                -2.90077659182613,
                0.763829694654365,
                1.29964793944078,
                -1.67755072898921,
                -1.71278935177638,
                1.52067274218802,
                0.735551669745147,
                -1.71143741844561
            ],
            "median": [
                -0.0729653034940917,
                -2.90405071397102,
                0.757162025090056,
                1.30081503810248,
                -1.67819281431848,
                -1.70978950010463,
                1.51609676284607,
                0.729216512806387,
                -1.70589449428142
            ],
            "SE": [
                0.450900231258678,
                0.644432077873708,
                0.277303016505021,
                0.502176862554042,
                0.635705572218141,
                0.281379244150994,
                0.521400176143546,
                0.825854649280665,
                0.280963411165414
            ]
        },
        {
            "mean": [
                0.505236166631113,
                -2.41524516084104,
                -0.0516727862607994,
                1.6879814947586,
                -2.56179009253394,
                0.195841048104472,
                0.71666784068135,
                -0.800504945262645,
                0.830126757543542
            ],
            "median": [
                0.500521898552087,
                -2.42613784648354,
                -0.0528817385933332,
                1.69029404991352,
                -2.55093207247781,
                0.198815725200453,
                0.719816819799776,
                -0.794517623803447,
                0.820899634676272
            ],
            "SE": [
                0.286333749879549,
                0.632842773214867,
                0.286966428981463,
                0.285906608777558,
                0.605658822657906,
                0.280865801357511,
                0.288238515699234,
                0.818859831407062,
                0.286778958493512
            ]
        },
        {
            "mean": [
                2.38163395889104,
                -1.65520019782231,
                2.05259776137172,
                2.59247884587532,
                -0.384382077994933,
                -0.150668613569705,
                2.33102413968106,
                -3.98883936568553,
                1.80401640779052
            ],
            "median": [
                2.38891970684082,
                -1.63105251173759,
                2.05658708908492,
                2.59489081871307,
                -0.389675506060854,
                -0.141681093453985,
                2.33335012909634,
                -3.96878812129919,
                1.80214171736319
            ],