{
    "uid": "ec87d706-4f79-4e9f-bb13-cf6f1f0af768",
    "scenario_uid": "b56e398eaedbdad34cec9e8a634c0fba",
    "iteration_uid": "485a8fde7dc636dcefe46efbecb1f83f",
    "PD_subj": [
        {
            "mean": [
                1.18398670798198,
                -2.08043202094504,
                0.412221791421063,
                1.46796299485626,
                -3.38828301667659,
                -0.618778220684738,
                1.75220451105001,
                -0.27518124093835,
                -1.07866288802417
            ],
            "median": [
                1.17384451568383,
                -2.07491678561091,
                0.408723545745097,
                1.46297725244875,
                -3.39675070775977,
                -0.629751998774471,
                1.74660525451036,
                -0.266211119359276,
                -1.06541870056344
            ],
            "SE": [
                0.298996873995464,
                0.362541580067307,
                0.35783258462861,
                0.27403219036293,
                0.305232667553925,
                0.345614360495581,
                0.285587614108654,
                0.460565791231387,
                0.324164449562776
            ]
        },
        {
            "mean": [
                0.590481181285751,
                0.57710870213566,
                2.59440204973867,
                2.75217217797898,
                -1.65964386794627,
                1.23289085217083,
                -0.332730983307571,
                -0.993032281942219,
                -0.16532754374155
            ],
            "median": [
                0.588652130804062,
                0.572204229369683,
                2.59167624814117,
                2.74808775835939,
                -1.65506682602252,
                1.24249125831496,
                -0.339346228670818,
                -0.989688889169284,
                -0.165116122055361
            ],
            "SE": [
                0.296994106347261,
                0.357782217886741,
                0.346144208191173,
                0.27168243162161,
                0.318308179138134,
                0.336281702105112,
                0.294277046482815,
                0.465458729287716,
                0.31754702147423
            ]
        },
        {
            "mean": [
                -0.175232631710287,
                -0.304775449676596,
                -0.358707005294427,
                1.13607363613987,
                -0.380810715567876,
                -0.31237968734393,
                -0.8408626822121,
                -1.1057557942598,
                -1.13187170561367
            ],
            "median": [
                -0.112687736777595,
                -0.271171737070849,
                -0.331166328105564,
                1.14900192448194,
                -0.511565294338417,
                -0.459059719088982,
                -1.08004561945125,
                -1.12998854751414,
                -1.15068348920167
            ],
            "SE": [
                0.447977411278808,
                0.752603024524973,
                0.753585879044025,
                0.733726757185284,
                0.609877243109703,
                0.645719793343466,
                0.785202860919329,
                0.478577736565284,
                0.343744080982202
            ]
        },
        {
            "mean": [
                -0.369534241154172,
                0.303569620747698,
                1.58542552194562,
                2.11085815350499,
                -2.777742331035,
                -2.00086175387116,
                0.663728811309945,
                3.11006396662635,
                0.524324116096837
            ],
            "median": [
                -0.349520648836784,
                0.305447860024187,
                1.60214859192479,
                2.10940903952912,
                -2.76751616282742,
                -1.98785470651128,
                0.657570792437972,
                3.1993079434728,
                0.532144302642325
            ],
            "SE": [
                0.528030024162005,
                0.354945767963828,
                0.437544449999299,
                0.395447388838501,
                0.312561548365602,
                0.397592385075048,
                0.494859362105773,
                0.538807954711349,
                0.3952719417397
            ]
        },
        {
            "mean": [
                -1.17216891668351,
                -0.817278617124196,
                -1.56970403491483,
                2.60758211889,
                0.0253247712160833,
                -0.180377676952168,
                2.70541345148815,
                -3.24711142136835,
                -0.895349768441227
            ],
            "median": [
                -1.17724068791491,
                -0.817843697234138,
                -1.57841131447577,
                2.61239912811673,
                0.0232955454933167,
                -0.177281639742924,
                2.70597923539232,
                -3.24022020406541,
                -0.900392471659971
            ],
            "SE": [
                0.293902342642514,
                0.35554031655151,
                0.354185787557855,
                0.273684639394818,
                0.320882504621705,
                0.338614879878322,
                0.287080188099849,
                0.463842892696329,
                0.326278787073358
            ]
        },
        {
            "mean": [
                1.93490359313494,
                -2.10092330655337,
                0.380511266890057,
                1.57132529018091,
                -1.5833562258215,
                -0.183877661407558,
                0.870472147778964,
                -0.925965950221366,
                -0.186607350631575
            ],
            "median": [
                1.9300594626419,
                -2.44246410064211,
                -0.0839579043313248,
                1.56277749295322,
                -1.62326492801115,
                -0.766477888404622,
                0.877682411688625,
                -0.941119749461091,
                -0.471463285659918
            ],
            "SE": [
                0.30377487362489,
                0.869322220290797,
                1.08025833071763,
                0.284514087167888,
                0.406528324994174,
                1.19455486427834,
                0.299076204159821,
                0.486094440698893,
                0.78511504120666
            ]
        },
        {
            "mean": [
                -1.47990658632698,
                -2.46276124061516,
                1.1675564269136,
                2.16678363137587,
                0.911163742923418,
                0.415186292631427,
                1.64190868908813,
                -0.280413309126842,
                -0.986294621833289
            ],
            "median": [
                -1.48034211887892,
                -2.45659146868785,
                1.16606169020057,
                2.15609182951955,
                0.913041871619737,
                0.418157890800651,
                1.64121404127277,
                -0.2613809153942,
                -0.984845882586872
            ],