{
    "uid": "70d41b5f-43ec-40bd-9329-6f5933efa69a",
    "scenario_uid": "b56e398eaedbdad34cec9e8a634c0fba",
    "iteration_uid": "48eba8dbadb2a3d222136e27d8d47987",
    "PD_subj": [
        {
            "mean": [
                0.812307606023023,
                1.13793324336352,
                0.583860770436421,
                0.800208844220117,
                0.296942096338217,
                -0.206608942190335,
                -0.221643002531732,
                -0.122944208420006,
                -1.67149456672932
            ],
            "median": [
                0.802466759471543,
                1.15747482966166,
                0.548588794654911,
                0.989691505149456,
                0.181686378206051,
                -0.200545977525267,
                -0.139557656167722,
                -0.127635308926222,
                -1.75471474530653
            ],
            "SE": [
                0.402027607757251,
                0.384304008519634,
                0.356854192621023,
                0.599855452138362,
                0.6209314575436,
                0.291618083183669,
                0.542388062837295,
                0.320586188734939,
                0.524107491458865
            ]
        },
        {
            "mean": [
                -0.2522744000584,
                -0.233552183033051,
                1.34938128871339,
                1.26601915589374,
                -1.27907959365731,
                -1.30889688728696,
                0.613773621177251,
                -1.50924323132585,
                -3.54164516832641
            ],
            "median": [
                -0.259337997596162,
                -0.240261675888298,
                1.34495464653404,
                1.26919593488621,
                -1.27984547475327,
                -1.30384045978569,
                0.61987613119593,
                -1.50849826388936,
                -3.53880533187899
            ],
            "SE": [
                0.268170069544686,
                0.303491096979865,
                0.293343354308867,
                0.275869897554269,
                0.381853549814768,
                0.287157642675853,
                0.287767376006523,
                0.32804854301744,
                0.297898430769437
            ]
        },
        {
            "mean": [
                -0.594925155749448,
                -3.42762060210147,
                2.52992329528261,
                0.242583023564278,
                -4.37490492456939,
                0.274227358436244,
                -0.303164019597346,
                -1.53265539225387,
                0.500022052584672
            ],
            "median": [
                -0.589252479675479,
                -3.42556491011836,
                2.52918850411796,
                0.244349596838819,
                -4.36856944506996,
                0.27909743538113,
                -0.293983151274337,
                -1.52775950083311,
                0.491398240431183
            ],
            "SE": [
                0.276406124490908,
                0.318079839900483,
                0.287786521211534,
                0.287614679752549,
                0.379071870365413,
                0.290704596374645,
                0.294934157370651,
                0.330620624675232,
                0.305997043675639
            ]
        },
        {
            "mean": [
                -0.328508283487672,
                -2.66415844177958,
                -0.338001610355768,
                0.378659029757465,
                -0.156805783235188,
                0.388083539391239,
                -0.540527412128951,
                -1.45857690403365,
                -0.508278666467286
            ],
            "median": [
                -0.329397210010728,
                -2.66258128610035,
                -0.340028464200755,
                0.377798083418592,
                -0.143962607031148,
                0.386624051546403,
                -0.514360086147066,
                -1.45357583883131,
                -0.463211640105015
            ],
            "SE": [
                0.301068843160014,
                0.309580828296818,
                0.326797219366627,
                0.311860533143458,
                0.392201377549564,
                0.317041580958431,
                0.482445115779389,
                0.321713899145736,
                0.479674206059943
            ]
        },
        {
            "mean": [
                -0.657912677725552,
                -1.46270657020023,
                2.59112795375275,
                1.53182372814127,
                0.350569762606409,
                -1.69255340354574,
                1.35313424866106,
                0.268262679335346,
                -1.45418650952859
            ],
            "median": [
                -0.654798714654424,
                -1.46588201250232,
                2.59902671673955,
                1.52649134517954,
                0.348906678873144,
                -1.69341935704546,
                1.36283198963582,
                0.266963568354973,
                -1.45576297776165
            ],
            "SE": [
                0.265229117733533,
                0.315753836825242,
                0.304183366860122,
                0.283456336153317,
                0.392466299838539,
                0.28114149895098,
                0.292357485555976,
                0.33022180890616,
                0.294971836643496
            ]
        },
        {
            "mean": [
                -0.415335660970372,
                -0.554456255637719,
                -0.372103667164141,
                1.3951485854757,
                -3.11683936913008,
                0.670140059678342,
                -0.64205794338306,
                -2.01061384490942,
                -1.04017170579611
            ],
            "median": [
                -0.418849799593349,
                -0.553061310752489,
                -0.393736222091436,
                1.38943032496776,
                -3.12207450654107,
                1.28516534122843,
                -0.633039276438689,
                -2.01706889833183,
                -0.713962760923758
            ],
            "SE": [
                0.276678639214783,
                0.315890802760387,
                0.381623659893895,
                0.292650897877693,
                0.439266493850694,
                1.38579767852717,
                0.308600409989133,
                0.351341903726092,
                0.938082550324945
            ]
        },
        {
            "mean": [
                -0.095124248879481,
                -2.80049737637512,
                0.275637706702403,
                -0.388142329545154,
                -2.06257744300671,
                -1.42122475848033,
                0.57820614687353,
                -2.78691653074911,
                1.45169936660588
            ],
            "median": [
                -0.107709372891005,
                -2.80551132784736,
                0.282581344164916,
                -0.361381468433181,
                -2.05278336133447,
                -1.44687540647241,
                0.566330795401823,
                -2.77814941692216,
                1.47213464039898
            ],