{
    "uid": "4657a4f5-3216-4490-932c-f2805b1b130a",
    "scenario_uid": "b56e398eaedbdad34cec9e8a634c0fba",
    "iteration_uid": "49af5d8759e129991e8938f49969e1e5",
    "PD_subj": [
        {
            "mean": [
                -1.56737916414476,
                0.214896218691953,
                0.238449378220425,
                -0.181603759120909,
                -0.240375927664973,
                -0.26134704224332,
                -0.793618734924489,
                -0.0822497685996488,
                0.0554003649990043
            ],
            "median": [
                -1.56567036200733,
                0.218909062598653,
                0.233028385473691,
                -0.1751525521744,
                -0.273443014589185,
                -0.273637582575753,
                -0.794648023801771,
                -0.168156389735711,
                0.373342503353809
            ],
            "SE": [
                0.279300491321288,
                0.353383865369643,
                0.32296203708852,
                0.280417451138887,
                0.480541406259407,
                0.368753691766232,
                0.288447160877122,
                0.82750222537236,
                0.820044783077177
            ]
        },
        {
            "mean": [
                -0.818318416645715,
                -0.828268393578603,
                2.09093465817889,
                -0.615266299278292,
                -0.909375375329978,
                -0.255343121444255,
                -0.253964266247662,
                -2.58798255611511,
                -1.87339596096673
            ],
            "median": [
                -0.815390823580457,
                -0.825608483640805,
                2.09625176667077,
                -0.616875214463991,
                -0.916416904724652,
                -0.24907360458775,
                -0.260409684431852,
                -2.58510974443927,
                -1.87766356986248
            ],
            "SE": [
                0.273185044008427,
                0.330233966803406,
                0.293523203766467,
                0.269433808503823,
                0.405371059154375,
                0.28090480732922,
                0.28784428499123,
                0.389878283830773,
                0.287693876087678
            ]
        },
        {
            "mean": [
                0.568240933034175,
                -1.34010306040234,
                2.05134420693341,
                1.62858729224658,
                -2.06212390284965,
                -3.23132854618693,
                2.57285093080196,
                -2.88470013051731,
                1.03734088498817
            ],
            "median": [
                0.569622140076814,
                -1.32695514607956,
                2.05214535239571,
                1.63054303178958,
                -2.05666163939656,
                -3.22434711266455,
                2.56743733157023,
                -2.88452434370225,
                1.0311799165882
            ],
            "SE": [
                0.282326276172108,
                0.335080879794467,
                0.299690869852807,
                0.278100266231857,
                0.416460892312,
                0.284139746803906,
                0.28967653924803,
                0.383739250558003,
                0.290813133052024
            ]
        },
        {
            "mean": [
                1.06519403563039,
                -1.42662602542955,
                1.06884284314797,
                1.06778009563317,
                -0.612494750209618,
                1.08597888395544,
                -0.562962464369229,
                -0.71291024036232,
                -0.539381745177902
            ],
            "median": [
                1.07295841439627,
                -1.43765900803907,
                1.0785201454389,
                1.06683475411108,
                -0.628332864830226,
                1.0894177794447,
                -0.558288718856307,
                -0.721015031872539,
                -0.535326391625826
            ],
            "SE": [
                0.288362487173868,
                0.319732898016404,
                0.306468450776876,
                0.289728378462901,
                0.425612244769275,
                0.308956903854802,
                0.298735042566243,
                0.382163145470242,
                0.305371036131784
            ]
        },
        {
            "mean": [
                -1.21177732354426,
                -0.324596048725598,
                -0.144251500130062,
                0.749532541769627,
                -3.35373747445406,
                -1.13257171876537,
                2.47570413507068,
                -2.24587095665643,
                -1.03716684019544
            ],
            "median": [
                -1.21871755959704,
                -0.286690528565015,
                -0.709091936380217,
                0.746840761629521,
                -3.73989435154883,
                -1.29499003986507,
                2.47278538277987,
                -2.2463711428966,
                -1.54196019277645
            ],
            "SE": [
                0.279618781937435,
                0.47091082810808,
                1.12112106884553,
                0.272673186996227,
                0.953879997397179,
                0.627627773134753,
                0.289713070892122,
                0.43396366483564,
                1.02364235129188
            ]
        },
        {
            "mean": [
                -0.384573252084659,
                -1.35114301377996,
                -0.383231663572932,
                -0.546956536790783,
                -1.195338150005,
                -0.555573862706138,
                -1.04029576179587,
                -1.25564838080326,
                -1.05011195449532
            ],
            "median": [
                -0.381569351009236,
                -1.3968332362694,
                -0.379041834537549,
                -0.541965535113534,
                -1.20538558954172,
                -0.556193102714614,
                -1.03853496781507,
                -1.25488007106352,
                -1.05390475939872
            ],
            "SE": [
                0.291271467812796,
                0.462344130133302,
                0.322009966172186,
                0.283622543729584,
                0.469854115505598,
                0.306374692949659,
                0.301400694296026,
                0.400059066870165,
                0.306514655165637
            ]
        },
        {
            "mean": [
                -1.91670172817063,
                1.96777803434646,
                1.06251940497233,
                2.29547324423716,
                -2.59236800072804,
                -1.10095012850399,
                0.282381400472469,
                -1.69072311231934,
                0.396413396719363
            ],
            "median": [
                -1.91566995648059,
                1.9707423766899,
                1.06030053215311,
                2.30204280956815,
                -2.60752582551418,
                -1.10380994093014,
                0.289339951660288,
                -1.69439840962147,
                0.397129107721103
            ],