{
    "uid": "900b9c19-bf66-41b8-b6c9-a197bbf70895",
    "scenario_uid": "b56e398eaedbdad34cec9e8a634c0fba",
    "iteration_uid": "49fd912e58b3c6cf8c4e4ca8e5c5498f",
    "PD_subj": [
        {
            "mean": [
                0.39319388093113,
                -2.68083789835507,
                0.344393938474835,
                0.417053045448902,
                -1.40656971208356,
                0.462684071620229,
                -0.679131736758688,
                -1.37280259661877,
                -0.667264343727509
            ],
            "median": [
                0.406147304477152,
                -2.68305559821016,
                0.313428997625286,
                0.416759403764548,
                -1.38490834247932,
                0.46285303197639,
                -0.680210976684082,
                -1.36825187325486,
                -0.655199713148455
            ],
            "SE": [
                0.409336982085352,
                0.337385708863565,
                0.395037483255343,
                0.389021446974931,
                0.565555919359755,
                0.388656505676542,
                0.421298719606761,
                0.431782246217343,
                0.367201066569306
            ]
        },
        {
            "mean": [
                0.0833154909618662,
                0.604544670330917,
                -0.412668381290335,
                1.10135463596539,
                -2.5055737214801,
                0.712870429286364,
                1.39715011200672,
                -0.798479707362261,
                -0.666128505808264
            ],
            "median": [
                0.0912069081515344,
                0.60726713244177,
                -0.408608040511546,
                1.09849543963779,
                -2.49854103977715,
                0.704114048421337,
                1.39497325904615,
                -0.79726233774864,
                -0.665824236962855
            ],
            "SE": [
                0.27619738174518,
                0.338691752249094,
                0.276680055604452,
                0.280923432964501,
                0.5578793313155,
                0.289434070483663,
                0.299574576030548,
                0.427180685819345,
                0.289125512287187
            ]
        },
        {
            "mean": [
                0.403155271251855,
                -0.456734738309778,
                1.90246626805038,
                1.61055968763623,
                -2.35076724074425,
                0.0324079428267211,
                0.0593298585024094,
                -1.1265661473839,
                -0.121599428702619
            ],
            "median": [
                0.401704199830473,
                -0.450175149585738,
                1.90922745660078,
                1.6164814652613,
                -2.35881541869034,
                0.0324079304103455,
                0.0571588555402772,
                -1.13626662345478,
                -0.13112536799393
            ],
            "SE": [
                0.284228288186649,
                0.332904408515024,
                0.271930428451851,
                0.276175700800985,
                0.573425415824641,
                0.299555788668106,
                0.296601563455696,
                0.428645880407829,
                0.29773427719214
            ]
        },
        {
            "mean": [
                0.463503623984041,
                -1.81064419318416,
                0.218408383105395,
                0.0836785723649602,
                -0.214490327669773,
                -0.569623410779411,
                2.33884814486499,
                -3.31072614204628,
                0.754358043942185
            ],
            "median": [
                0.454137190154459,
                -1.81375357904542,
                0.21935499275252,
                0.0892086084963605,
                -0.221673411193573,
                -0.567173456802123,
                2.35216264384334,
                -3.31180830309867,
                0.75625886932848
            ],
            "SE": [
                0.28488425272045,
                0.337812243988036,
                0.279202013241159,
                0.291915783238502,
                0.556259943687285,
                0.297277112402647,
                0.306451157988267,
                0.42740768099335,
                0.290928111476275
            ]
        },
        {
            "mean": [
                -1.26482604751579,
                -1.00898080577579,
                0.698412395373413,
                -0.765992957586236,
                -0.703128131438409,
                0.135873854733909,
                1.89956328320523,
                -2.33199011816915,
                2.88311750818883
            ],
            "median": [
                -1.26194079223228,
                -1.01147699982569,
                0.706062180695841,
                -0.762478120445298,
                -0.702942927477165,
                0.134416612469924,
                1.89775927488899,
                -2.32485619204393,
                2.88378732729672
            ],
            "SE": [
                0.280066705400719,
                0.334907241972506,
                0.273954578405927,
                0.272102510841559,
                0.547966310531099,
                0.298683775124301,
                0.288601976774906,
                0.443923308474225,
                0.291382478073889
            ]
        },
        {
            "mean": [
                0.540120784157869,
                2.84104010729967,
                1.23980821225079,
                0.940844282519936,
                0.90213854960984,
                -1.53225807655456,
                0.623906261625408,
                0.0705488950721268,
                0.330617755366838
            ],
            "median": [
                0.535704125654167,
                2.8431332521677,
                1.23553024327671,
                0.946857107327362,
                0.909409598336816,
                -1.52727658050256,
                0.623313960006158,
                0.068885031207062,
                0.329734151686664
            ],
            "SE": [
                0.287485638063243,
                0.333351644663445,
                0.272515725981392,
                0.27633971030669,
                0.5697401475381,
                0.295446645852109,
                0.293682258013162,
                0.432907202326001,
                0.284764803120476
            ]
        },
        {
            "mean": [
                -0.039916904140911,
                -2.75275160265805,
                0.355546372769284,
                1.82022904560487,
                -1.17730704279726,
                1.27316740532037,
                0.812597484700656,
                -0.620860072995632,
                -1.67516174845066
            ],
            "median": [
                -0.0365380234625618,
                -2.75529261275541,
                0.350749395071931,
                1.8141226471693,
                -1.17640092493703,
                1.27299840469605,
                0.806359782030915,
                -0.613667024481045,
                -1.68032016232772
            ],