{
    "uid": "3b09d966-866b-4839-b167-d74a73e2c0d8",
    "scenario_uid": "b56e398eaedbdad34cec9e8a634c0fba",
    "iteration_uid": "4de3167204fffd6238696af70728f133",
    "PD_subj": [
        {
            "mean": [
                -0.281301019028529,
                1.89710576451809,
                1.03409170344186,
                0.633949273155178,
                -1.67482150371477,
                0.666239857312533,
                -1.02786653659725,
                -2.75733195867887,
                -1.77896033538792
            ],
            "median": [
                -0.281296073509728,
                1.89691958147958,
                1.03896799810164,
                0.634235984614663,
                -1.67996646901012,
                0.668873138039513,
                -1.03414182672555,
                -2.76917764236571,
                -1.78229737019759
            ],
            "SE": [
                0.282543082832281,
                0.740898645539799,
                0.305819127840623,
                0.292283508287998,
                0.653220262070548,
                0.30028179623275,
                0.278292933513376,
                0.66200349734185,
                0.28944110967112
            ]
        },
        {
            "mean": [
                -0.499592800319696,
                -2.36028096507625,
                0.707956309781693,
                1.01561151026254,
                -2.17409484395397,
                -1.03297871171678,
                1.00438466510939,
                0.122389571373716,
                2.16804913062539
            ],
            "median": [
                -0.666411090215282,
                -2.36500684330812,
                0.70665302464568,
                1.38311901904436,
                -2.1714343495945,
                -1.02952411979928,
                0.854481847013523,
                0.123816104697198,
                2.158155213219
            ],
            "SE": [
                0.687554349456144,
                0.738027523414105,
                0.309364266487281,
                1.11695468817612,
                0.672596388337916,
                0.305293413478998,
                0.704752161321751,
                0.656386848423158,
                0.293983127785302
            ]
        },
        {
            "mean": [
                -1.68653608770761,
                -2.62797718450715,
                1.10401777712553,
                1.47707604892576,
                -2.90273221056162,
                2.51057056808731,
                1.91933314271626,
                -2.70540553119473,
                1.86918498775335
            ],
            "median": [
                -1.68733048474974,
                -2.6290080289896,
                1.10572888467851,
                1.48042886940285,
                -2.89734946746106,
                2.50682524095928,
                1.91788392158143,
                -2.7062950231611,
                1.85824716875318
            ],
            "SE": [
                0.272523781614249,
                0.720953590499568,
                0.30085236715712,
                0.295376039411422,
                0.660403215501218,
                0.302214441887273,
                0.272642322635859,
                0.651791794921138,
                0.288457210692593
            ]
        },
        {
            "mean": [
                -1.76538828387638,
                -0.256988055991116,
                1.44939738650342,
                3.25527157408799,
                -1.20978511611585,
                2.14459884142585,
                1.52937227042906,
                2.52764247766111,
                0.0515078295599212
            ],
            "median": [
                -1.76565748147207,
                -0.247998248913394,
                1.45118731624756,
                3.25049015847453,
                -1.22239518580042,
                2.14216596065759,
                1.5234074992828,
                2.54730242077813,
                0.0524862687095617
            ],
            "SE": [
                0.270076846982772,
                0.742813951519215,
                0.312059071425553,
                0.294311471614136,
                0.658505368584648,
                0.299204784885805,
                0.28023278851162,
                0.688362885476477,
                0.28401851762375
            ]
        },
        {
            "mean": [
                -0.961736265862972,
                0.58435601610755,
                -0.944945979934728,
                -0.568676505319155,
                -2.83396150413649,
                -0.566706134302231,
                -0.0566710894486556,
                0.37240625007971,
                -0.0575727709144871
            ],
            "median": [
                -0.961392120598601,
                0.599979547726471,
                -0.935994910366764,
                -0.571550416664453,
                -2.82992193142735,
                -0.552487791272121,
                -0.0658269894107881,
                0.379129282385011,
                -0.0613368226270877
            ],
            "SE": [
                0.287040074850839,
                0.729749143093541,
                0.3258808163847,
                0.288645882812319,
                0.667637925199285,
                0.323428753659349,
                0.290764851446502,
                0.657674556929293,
                0.311531228314833
            ]
        },
        {
            "mean": [
                -0.852890979024417,
                -0.783611548200487,
                1.83006592172103,
                1.25301395022818,
                -3.85709812675185,
                0.694535485446588,
                1.99373687496132,
                -4.41227327559378,
                0.553518757376631
            ],
            "median": [
                -0.847031160349616,
                -0.784405917862428,
                1.82490795331866,
                1.24818593532194,
                -3.84884696586637,
                0.701727952983348,
                1.98436272496573,
                -4.40839614119893,
                0.545098293736533
            ],
            "SE": [
                0.275672217612238,
                0.722996853614578,
                0.300571629056934,
                0.2850258361062,
                0.689112738847766,
                0.310472064226627,
                0.281081031375501,
                0.658960719009944,
                0.29112805659986
            ]
        },
        {
            "mean": [
                0.0522452293909869,
                2.32537672028791,
                -0.500324163483771,
                3.38233554961354,
                -2.33182710893353,
                0.328408914210479,
                0.107316127542355,
                -2.10007175450124,
                1.22530922538997
            ],
            "median": [
                0.0503402363083235,
                2.32766366220965,
                -0.495261885916207,
                3.37855852934353,
                -2.33017373546417,
                0.329496389836762,
                0.109809169532323,
                -2.09455117250894,
                1.22204559845155
            ],