{
    "uid": "50a4736d-b458-42f1-a60d-587689256744",
    "scenario_uid": "b56e398eaedbdad34cec9e8a634c0fba",
    "iteration_uid": "4e18cfbd0da802dca054cf16b277cccb",
    "PD_subj": [
        {
            "mean": [
                -1.52054374607696,
                1.40661644974115,
                0.555448243478854,
                0.11122670779428,
                -2.7959957129044,
                -3.41246389969938,
                2.28472373639789,
                1.69150129630259,
                0.667513859848672
            ],
            "median": [
                -1.52567572355247,
                1.40370467860862,
                0.547817262822612,
                0.101316304603161,
                -2.80137454042539,
                -3.4045788558269,
                2.30163377503515,
                1.69437984409934,
                0.664731420958714
            ],
            "SE": [
                0.291543149518155,
                0.304396382223694,
                0.301675216222601,
                0.298925827122571,
                0.307570488232068,
                0.300470007429589,
                0.298163675499783,
                0.288410373051863,
                0.307526721118046
            ]
        },
        {
            "mean": [
                -0.538530998245552,
                -1.62438662292722,
                1.40322247770304,
                1.7169748731897,
                -3.86657193355348,
                0.48986411048768,
                -0.803039693586801,
                0.904302479140508,
                1.1168262177371
            ],
            "median": [
                -0.531721096952371,
                -1.62524633412653,
                1.39993266661271,
                1.71545531422604,
                -3.8744024041776,
                0.496967769746926,
                -0.798283138479621,
                0.91383736940659,
                1.1265458461583
            ],
            "SE": [
                0.293762258642631,
                0.299152906082011,
                0.303958133750285,
                0.303342136756532,
                0.300496307219923,
                0.311045033056934,
                0.2941857247042,
                0.292571372450671,
                0.297470068265365
            ]
        },
        {
            "mean": [
                -3.61619381771791,
                0.347006427198767,
                -1.34842179178888,
                2.10711165878602,
                1.80715456335445,
                0.689656848912358,
                -0.00958784213811276,
                -0.828036054979628,
                1.50076130550759
            ],
            "median": [
                -3.61651533896881,
                0.347200220433534,
                -1.34486075243519,
                2.11277405147745,
                1.80253647646554,
                0.685645918046158,
                -0.0164910413458163,
                -0.831685740038605,
                1.50745530931624
            ],
            "SE": [
                0.287524047851032,
                0.302761167159486,
                0.305099122914413,
                0.297996020311339,
                0.28925851932064,
                0.292955911508985,
                0.287610416395524,
                0.292502952059836,
                0.302775162407048
            ]
        },
        {
            "mean": [
                -0.0587098333778852,
                0.320639643963398,
                0.89631013555854,
                -0.478457505314936,
                -0.598379492608183,
                -1.27386482406272,
                -0.355094103685179,
                -0.454887711793073,
                -2.42854759463101
            ],
            "median": [
                -0.257513234325222,
                0.522361123086891,
                0.893439246545268,
                -0.479474143241207,
                -0.605133577117595,
                -1.27133085381764,
                -0.364671343640541,
                -0.445924196928879,
                -2.44084329465605
            ],
            "SE": [
                0.653919533350149,
                0.654006097591737,
                0.318006733020042,
                0.364981478253611,
                0.364615795255103,
                0.305456659548084,
                0.33983764203522,
                0.366079211230798,
                0.361848739323017
            ]
        },
        {
            "mean": [
                -1.54084891019277,
                -2.40398010150443,
                -0.94974940046442,
                -0.734796950673898,
                -0.334431750416465,
                -0.23255112586813,
                1.67028915518804,
                -1.21599133404112,
                1.88057703369397
            ],
            "median": [
                -1.64747805727044,
                -2.40341108567528,
                -0.885465083574269,
                -0.855585300557339,
                -0.333072655436346,
                -0.122231978965432,
                1.62747017688562,
                -1.2211881701743,
                1.99121455593655
            ],
            "SE": [
                0.506079483377889,
                0.309314457199633,
                0.651826384688979,
                0.53168848770341,
                0.302067038809873,
                0.53819839161625,
                0.387211532620443,
                0.286448106567754,
                0.634945366970807
            ]
        },
        {
            "mean": [
                -0.63917317733111,
                0.19757283011193,
                1.62547102172328,
                1.64861410667382,
                0.199309606705119,
                -1.35737766237325,
                2.52457452257318,
                -0.655119981291851,
                -2.62303112879048
            ],
            "median": [
                -0.639495288457406,
                0.200335133398899,
                1.63250177027697,
                1.65690323477565,
                0.189626923012476,
                -1.36200792944422,
                2.5310592208592,
                -0.647135776405299,
                -2.61121031656019
            ],
            "SE": [
                0.295956381434974,
                0.30552259976148,
                0.307049966705812,
                0.295040596735543,
                0.300400200179245,
                0.30281524150818,
                0.296497042139559,
                0.293152142888934,
                0.29909122043643
            ]
        },
        {
            "mean": [
                -1.25717435483072,
                -0.0530189383613465,
                0.311417772176219,
                2.12652988053452,
                -1.52258043570107,
                1.23866655806008,
                0.429751622831931,
                -1.15144667095181,
                -1.34396332620952
            ],
            "median": [
                -1.25408922912921,
                -0.051272234105398,
                0.31180497949539,
                2.12615727861264,
                -1.51989664750168,
                1.23549142612433,
                0.422504472691479,
                -1.14712434257461,
                -1.33992161794294
            ],