{
    "uid": "22a80002-55c1-4881-bccb-70cfea3bcfda",
    "scenario_uid": "b56e398eaedbdad34cec9e8a634c0fba",
    "iteration_uid": "4ec9d6cf3ff3061f59585b416a1cfedf",
    "PD_subj": [
        {
            "mean": [
                -0.75464005498748,
                -1.28703106349403,
                -0.761215152473044,
                0.987060618283832,
                -2.5089997055097,
                0.984543195071073,
                0.310897326050872,
                0.770898325782912,
                0.303496818099588
            ],
            "median": [
                -0.748711312935585,
                -1.28220484788158,
                -0.77172426074653,
                0.988374918844531,
                -2.50421033947886,
                0.997799507765766,
                0.308466496606898,
                0.768551415442227,
                0.308328663241102
            ],
            "SE": [
                0.298673845178543,
                0.281597679013356,
                0.297545056221207,
                0.29835418891421,
                0.314329289786245,
                0.309334877209971,
                0.302143460845388,
                0.669561749438279,
                0.304432458431848
            ]
        },
        {
            "mean": [
                -1.4333853313236,
                -1.55923139711547,
                -0.593562126542034,
                1.75127460679118,
                -3.50094837059645,
                -0.208178113598629,
                0.00977453332061809,
                -2.38869708330975,
                0.0607268674354287
            ],
            "median": [
                -1.43152735746755,
                -1.55641762244383,
                -0.590676682098307,
                1.74835452283769,
                -3.49553888911994,
                -0.204202156930495,
                0.00236848523751931,
                -2.39729328785849,
                0.0637947323830343
            ],
            "SE": [
                0.292025665453472,
                0.281275764987064,
                0.296470224132543,
                0.280927208282859,
                0.308182967372652,
                0.287413143120161,
                0.288810881641157,
                0.685795117864686,
                0.295513921279773
            ]
        },
        {
            "mean": [
                -1.50388470557744,
                0.66207624893304,
                2.18351507350904,
                1.37274401252514,
                0.444380184340999,
                -0.143622678118827,
                0.34254242920829,
                -0.96572784607508,
                1.51506281362868
            ],
            "median": [
                -1.5044149359557,
                0.666275022314038,
                2.18593980120816,
                1.38052443547591,
                0.445907331393808,
                -0.139353362549373,
                0.345922522178687,
                -0.945916236278297,
                1.51956407459904
            ],
            "SE": [
                0.285151823352733,
                0.279561121643407,
                0.305965849684547,
                0.29513267113297,
                0.309674532048219,
                0.282415093646517,
                0.28883762951213,
                0.671438251080273,
                0.303209823171292
            ]
        },
        {
            "mean": [
                0.277591105909796,
                -0.160778971564927,
                0.393460558712834,
                3.8658289420603,
                -1.38328587820656,
                0.562942265180353,
                1.70585474338118,
                0.169437030792583,
                -2.06267463457875
            ],
            "median": [
                0.288105210821029,
                -0.168639246172528,
                0.39181319425377,
                3.86316191744802,
                -1.38249146156236,
                0.559563190194421,
                1.70897498700587,
                0.150188000335493,
                -2.06087189223906
            ],
            "SE": [
                0.2966351082808,
                0.285859648554991,
                0.281426590529593,
                0.279987774620823,
                0.308577138184413,
                0.289077120157075,
                0.271990359290328,
                0.673335351472452,
                0.301572168620436
            ]
        },
        {
            "mean": [
                -0.746958856483925,
                -0.522619262607556,
                1.12766446170101,
                1.49993145823059,
                0.224680399280121,
                -1.11051984027081,
                1.09099565332158,
                2.83684865698277,
                -1.0008685153508
            ],
            "median": [
                -0.743442454358534,
                -0.519321908293789,
                1.12483727874492,
                1.50339121621733,
                0.221879361870579,
                -1.11257670689658,
                1.09445005800059,
                2.82352383953535,
                -0.999924707760265
            ],
            "SE": [
                0.299173280080664,
                0.27957033009341,
                0.285759364265008,
                0.284081562942842,
                0.320326430843549,
                0.28997367841086,
                0.280029397491763,
                0.645829174418828,
                0.302903078216354
            ]
        },
        {
            "mean": [
                0.843927721006645,
                -2.06186077409321,
                0.459299488254144,
                1.37017152911592,
                -1.15514892166522,
                0.195482298383973,
                -0.204150538720088,
                0.816232209985828,
                -2.78996980058542
            ],
            "median": [
                0.84560238521875,
                -2.06412027086079,
                0.463166147744548,
                1.37151032461982,
                -1.1607578812679,
                0.187849697356034,
                -0.196890596550654,
                0.817211626756188,
                -2.79199423097137
            ],
            "SE": [
                0.284259473213683,
                0.27942598014412,
                0.291640681982429,
                0.287124241343907,
                0.313775865216243,
                0.295600342476948,
                0.286797709671155,
                0.657554133995217,
                0.286280331379508
            ]
        },
        {
            "mean": [
                -1.31820165560092,
                -1.04685867219415,
                3.42553349803189,
                1.5255408234398,
                -1.46351357901942,
                -1.43997822559573,
                0.913462868317019,
                -0.378599164267016,
                -1.49316651432916
            ],
            "median": [
                -1.32106822233115,
                -1.0448157778234,
                3.42895677154184,
                1.52757652869458,
                -1.46535755778184,
                -1.43395676880964,
                0.910099228319074,
                -0.370748074304131,
                -1.49692519508169
            ],