{
    "uid": "f3276b5f-3c29-4a9d-868c-7827220c2230",
    "scenario_uid": "b56e398eaedbdad34cec9e8a634c0fba",
    "iteration_uid": "4fed3a6ca265d6623557811a671f8563",
    "PD_subj": [
        {
            "mean": [
                0.685886736906598,
                1.11600916609482,
                0.837892894060908,
                -0.0807962743952937,
                -2.68500255785432,
                0.0220535621810859,
                0.584770009699276,
                -0.606197352318445,
                0.524665010907239
            ],
            "median": [
                0.641693785019074,
                1.12026545533633,
                0.881955549417655,
                -0.107110748877762,
                -2.68307775086969,
                0.045291216039088,
                0.58186815195047,
                -0.597763421186196,
                0.515946055282102
            ],
            "SE": [
                0.485184980744666,
                0.305607776983803,
                0.483472666694286,
                0.395464578509974,
                0.294137789921976,
                0.406936205532136,
                0.315289873742503,
                0.296316730370833,
                0.342022800652289
            ]
        },
        {
            "mean": [
                -0.0653081073483787,
                0.163172783875395,
                -0.782233571945608,
                0.335088409536644,
                -2.16715362169615,
                -0.135068209396939,
                0.153030026921139,
                -3.15743581937993,
                -1.20269567192011
            ],
            "median": [
                -0.0663950922094618,
                0.163990782711754,
                -0.787964390383296,
                0.331615548442614,
                -2.16402957493382,
                -0.140864603860353,
                0.150010413894204,
                -3.15481418753589,
                -1.2117841200656
            ],
            "SE": [
                0.287903044920422,
                0.30683903363386,
                0.297864572000635,
                0.269235465813673,
                0.292310728680957,
                0.289852141791262,
                0.286311417744784,
                0.297457573721571,
                0.312724758526883
            ]
        },
        {
            "mean": [
                -1.00194998792435,
                -0.487566332837161,
                -0.122687063420003,
                2.029196111161,
                -1.38958444540873,
                -1.37251384777934,
                2.63605481908335,
                0.739425145726327,
                0.845196379185582
            ],
            "median": [
                -0.999693892966027,
                -0.633125556812513,
                0.0547661013298162,
                2.02965214963592,
                -1.38187996523135,
                -1.38038471811011,
                2.63690407515384,
                0.748304101921523,
                0.869245620090515
            ],
            "SE": [
                0.285207487724819,
                0.59794200789493,
                0.623312643581638,
                0.269232641805043,
                0.300560390757506,
                0.31223381924653,
                0.285900992154313,
                0.380646502493799,
                0.359252054851092
            ]
        },
        {
            "mean": [
                0.41718500513533,
                0.799828237057757,
                2.36718713425298,
                1.60186185194264,
                -1.93067334166307,
                -1.89066631012491,
                2.02510149454961,
                0.0759386771927325,
                -3.0717060604527
            ],
            "median": [
                0.409092988431783,
                0.806321136884554,
                2.37616712229041,
                1.60145921102248,
                -1.9214693298651,
                -1.89519375839135,
                2.02528573934891,
                0.0816469192218967,
                -3.07087729279407
            ],
            "SE": [
                0.282338095588698,
                0.316688843718727,
                0.300071064048066,
                0.274904799169036,
                0.294629276493154,
                0.287620181647042,
                0.28831737756014,
                0.295001471491227,
                0.310046797215011
            ]
        },
        {
            "mean": [
                1.30388708082723,
                -2.63474370955499,
                0.845483153510879,
                1.18279859813931,
                -2.49757558028076,
                -1.48482203001919,
                -0.473863019118165,
                0.692487832476642,
                -0.295397002804538
            ],
            "median": [
                1.30144740780272,
                -2.63916444064433,
                0.83927731714559,
                1.1865071648804,
                -2.50162913410991,
                -1.48181283176167,
                -0.470089526223497,
                0.681581987807559,
                -0.294403023971504
            ],
            "SE": [
                0.286405562207999,
                0.316955018439246,
                0.30070435601219,
                0.271815145462357,
                0.2958212070115,
                0.293192060796561,
                0.278034678411019,
                0.288243398528916,
                0.300139822809318
            ]
        },
        {
            "mean": [
                -2.04645655070194,
                -2.15224725282891,
                -0.742052087940121,
                1.35876149502201,
                -0.497148464429018,
                -0.583527421323247,
                1.09606349585031,
                -1.77530610680043,
                0.97306766362815
            ],
            "median": [
                -2.04794727323698,
                -2.16042437578762,
                -0.736653965348934,
                1.3611843259022,
                -0.501068083699118,
                -0.582520280099227,
                1.09403510900002,
                -1.76705453544553,
                0.976688658447361
            ],
            "SE": [
                0.287202511848197,
                0.306970687837061,
                0.292327103941357,
                0.274223619737929,
                0.290843062351837,
                0.286577263629316,
                0.279259029462727,
                0.306093911020227,
                0.295355459435569
            ]
        },
        {
            "mean": [
                -1.09765465628642,
                -1.04541192649512,
                1.35098370159767,
                1.83050681182019,
                -0.58034482508459,
                -0.519962761097874,
                -0.310144235910483,
                -2.24455049075672,
                -3.06623319426866
            ],
            "median": [
                -1.10040022150665,
                -1.04058029144643,
                1.36033619441149,
                1.83135518965605,
                -0.578464379864922,
                -0.512357766781078,
                -0.31590593196783,
                -2.24287373925219,
                -3.06362128861772
            ],