{
    "uid": "cfc3937f-5708-4a03-a3d6-d789f35be405",
    "scenario_uid": "b56e398eaedbdad34cec9e8a634c0fba",
    "iteration_uid": "5035090ac570be356bd2b8bcc3d1f2b9",
    "PD_subj": [
        {
            "mean": [
                -0.886356736532971,
                0.57555373032707,
                0.160636993323832,
                1.46122308967977,
                -0.573396506093574,
                -0.307342344537342,
                0.590439327974422,
                -1.53852157115818,
                -3.30387872737594
            ],
            "median": [
                -0.889148714073472,
                0.575039773092836,
                0.161355629385295,
                1.46381564760174,
                -0.583868641532636,
                -0.31373711390835,
                0.590575860500172,
                -1.53449151166252,
                -3.31064922426825
            ],
            "SE": [
                0.297346285914111,
                0.269632024418368,
                0.299976276301477,
                0.275497028276534,
                0.278504519196344,
                0.287155472821163,
                0.29697318048243,
                0.283332807343714,
                0.304647154933567
            ]
        },
        {
            "mean": [
                1.63063239488086,
                -0.480365404669244,
                0.95314375759931,
                -1.03517335697201,
                -1.42439641651753,
                -1.389258614041,
                2.2755655695885,
                0.348987389953804,
                -3.24893369701642
            ],
            "median": [
                1.63118622634073,
                -0.472303520286632,
                0.95119210025702,
                -1.02642771459432,
                -1.4276673955552,
                -1.38294571903125,
                2.28264282455894,
                0.349398587148627,
                -3.25190788860754
            ],
            "SE": [
                0.291828764656691,
                0.276613232399984,
                0.294143386697262,
                0.281869956310949,
                0.273915412923408,
                0.28370941928502,
                0.296369696649782,
                0.283903256951781,
                0.3135420316207
            ]
        },
        {
            "mean": [
                -0.162074090512577,
                -0.485022219718823,
                0.939118974712722,
                1.94726439146631,
                -0.459227162397761,
                -0.103972435007038,
                2.84528522761797,
                -2.75248998528319,
                2.72655585761153
            ],
            "median": [
                -0.161197420527014,
                -0.483480890079142,
                0.929037703280504,
                1.94165386086952,
                -0.467923138724435,
                -0.105788841240047,
                2.84400486847048,
                -2.75378977879457,
                2.73712770072291
            ],
            "SE": [
                0.296386713745241,
                0.278919727688619,
                0.294169735787067,
                0.278412541373585,
                0.276362920607288,
                0.292060690828804,
                0.301222357234708,
                0.2816165871591,
                0.309801117694996
            ]
        },
        {
            "mean": [
                1.31724304699343,
                0.963959425948113,
                0.419750776850161,
                1.83443388241618,
                -3.8433989810327,
                0.4761357375224,
                2.35511369215652,
                -0.922028703989526,
                3.12889046743814
            ],
            "median": [
                1.3215057165432,
                0.965164747929325,
                0.426810787210185,
                1.82832240588683,
                -3.85019480926912,
                0.476193238705649,
                2.34848764732672,
                -0.921958570053339,
                3.131810324772
            ],
            "SE": [
                0.298189641240549,
                0.272754284116287,
                0.295570953823971,
                0.27977970114545,
                0.276912418339593,
                0.296295674052576,
                0.292026833553977,
                0.27650859081226,
                0.302936621669952
            ]
        },
        {
            "mean": [
                -0.945723442553141,
                -2.43071541241453,
                0.446040391596113,
                1.5474336491234,
                -1.9308767070764,
                -1.08635751317789,
                -0.0487903392035103,
                0.352415886455431,
                0.421060573989833
            ],
            "median": [
                -0.937272318415367,
                -2.42628885826788,
                0.438574014928005,
                1.55439413801123,
                -1.92710205961337,
                -1.08131123957124,
                -0.0482454984617339,
                0.364000781116952,
                0.420706052172336
            ],
            "SE": [
                0.288602920039004,
                0.278494774958103,
                0.303553923139705,
                0.282268235018773,
                0.274560333427399,
                0.289390138061442,
                0.295976639601304,
                0.289291396884061,
                0.305502778345232
            ]
        },
        {
            "mean": [
                -0.0373060904957034,
                1.17504488834072,
                3.0108389048837,
                1.1901708982493,
                -1.01650059557071,
                2.31159375149094,
                0.886274385365025,
                -1.86298777609827,
                -1.3823754399282
            ],
            "median": [
                -0.041710690812799,
                1.18100572533051,
                3.01340464074632,
                1.18220295334471,
                -1.01113987135524,
                2.32103176017998,
                0.884870574134395,
                -1.86142646746597,
                -1.38385446562526
            ],
            "SE": [
                0.289999963345643,
                0.267343313055556,
                0.301086740878075,
                0.284824902573797,
                0.290153845961153,
                0.282526390757252,
                0.296713691280893,
                0.289378387219186,
                0.313226055912582
            ]
        },
        {
            "mean": [
                2.49689777697584,
                0.0480636574376824,
                3.33695751140613,
                2.05503468023621,
                -1.63166148254345,
                0.536126520028842,
                2.83204942635779,
                -1.33802514358375,
                -1.07064299925553
            ],
            "median": [
                2.49563705393032,
                0.0511434945323611,
                3.34798794381589,
                2.0625837061634,
                -1.63045757900384,
                0.540117065044305,
                2.8345834988057,
                -1.33178327298648,
                -1.07277612771293
            ],