{
    "uid": "07a80e88-be29-4725-b996-6b0827ef7890",
    "scenario_uid": "b56e398eaedbdad34cec9e8a634c0fba",
    "iteration_uid": "516ec14eb183cfdfb2b1afb589274b90",
    "PD_subj": [
        {
            "mean": [
                2.03542607938163,
                -0.548541076873166,
                1.52939318294901,
                1.53964486938176,
                -1.84354240889573,
                -1.6010840920184,
                0.956859249316761,
                -2.67045869709262,
                -0.205718320378934
            ],
            "median": [
                2.03742912150714,
                -0.5441677342777,
                1.53365856720411,
                1.54665365595345,
                -1.84010026726973,
                -1.60822192867567,
                0.960848161320693,
                -2.67815294805339,
                -0.202941515416466
            ],
            "SE": [
                0.280598128626535,
                0.304185656394061,
                0.342734907584279,
                0.254605632794189,
                0.318919065780007,
                0.312726856498887,
                0.290630674608956,
                0.452427947786383,
                0.29644699652539
            ]
        },
        {
            "mean": [
                -2.03558734317192,
                -0.872279544480634,
                -0.757966650642575,
                0.271867975231382,
                -0.896490641041917,
                0.897863054135348,
                1.61135691742221,
                -3.12266920156945,
                -2.04194136280806
            ],
            "median": [
                -2.037958875176,
                -0.870156480245385,
                -0.767915411489728,
                0.271108901396613,
                -0.901013830023644,
                0.90361849746687,
                1.62104470173672,
                -3.13331524648269,
                -2.05607946339557
            ],
            "SE": [
                0.300433388745358,
                0.301475267406563,
                0.337096524226462,
                0.25828971824441,
                0.316123713127314,
                0.307309695153686,
                0.286622986296048,
                0.459553870840205,
                0.296826311500528
            ]
        },
        {
            "mean": [
                0.442140955027654,
                -2.96939754859463,
                2.7671641088062,
                0.920989428465967,
                -5.91431114998227,
                -1.27145710487906,
                3.18695565871654,
                -0.563727448592097,
                0.841049410265551
            ],
            "median": [
                0.438289635986859,
                -2.97284140194487,
                2.76256452015866,
                0.912619650549654,
                -5.91598864458552,
                -1.27197236511537,
                3.17899249813053,
                -0.560224317419272,
                0.848167004521248
            ],
            "SE": [
                0.293899774971033,
                0.310111650862891,
                0.342868589364174,
                0.261330099362046,
                0.310300885821052,
                0.308282147972281,
                0.294204260694079,
                0.469049116404648,
                0.289539268170776
            ]
        },
        {
            "mean": [
                -0.176135910809507,
                2.24878507279329,
                1.49803399755529,
                0.879751061271982,
                0.60149373080183,
                -0.300736266559698,
                2.25893254834872,
                -0.106532929397201,
                -1.33128236038504
            ],
            "median": [
                -0.16067682308874,
                2.2504862967793,
                1.50238793626024,
                0.887170736101512,
                0.598487957699207,
                -0.299387063557243,
                2.27262057385748,
                -0.099538099829024,
                -1.3314353178526
            ],
            "SE": [
                0.475666509459265,
                0.312059948886423,
                0.372270064912212,
                0.334638930213581,
                0.316321401700677,
                0.31378188225148,
                0.486912264127861,
                0.472086679585657,
                0.29422221051046
            ]
        },
        {
            "mean": [
                -0.360103226725197,
                -2.89885017413478,
                -0.367683022666058,
                -0.0756703853759808,
                -0.720627420207483,
                -0.265373438433312,
                0.39423905634834,
                -0.442868735042754,
                0.100113562387665
            ],
            "median": [
                -0.398699510225026,
                -2.90020068535111,
                -0.429415649981954,
                -0.14524323458226,
                -0.71633399825875,
                -0.255448346919551,
                0.140571950871231,
                -0.455562494635522,
                0.0861563968253002
            ],
            "SE": [
                0.524753759861798,
                0.304988962733269,
                0.569541029035879,
                0.545692107518468,
                0.318424687925636,
                0.388766570768568,
                0.902074339965784,
                0.450573342899417,
                0.386615776711819
            ]
        },
        {
            "mean": [
                0.727665202276847,
                -1.54480519339505,
                -1.55436918712212,
                1.42440805288641,
                -0.925576416153043,
                -0.771148456156758,
                2.94851610304529,
                -0.455436648951633,
                -0.517122973630237
            ],
            "median": [
                0.727646030053801,
                -1.54369291605092,
                -1.5531187341276,
                1.42248129236951,
                -1.18068804420154,
                -0.52690549737643,
                2.9427042513872,
                -0.451316651669096,
                -0.526290058787274
            ],
            "SE": [
                0.294073916843419,
                0.305487060618678,
                0.408053620174141,
                0.257530034336297,
                0.785842895043649,
                0.772561592050511,
                0.297639496467478,
                0.561479596892979,
                0.428818152612146
            ]
        },
        {
            "mean": [
                -0.608324272943733,
                -4.65015710192314,
                -0.643551062386901,
                1.60283802615834,
                -0.608522689769856,
                0.140059201960538,
                2.72501263106032,
                2.16699760701536,
                0.377705293185793
            ],
            "median": [
                -0.609598846289862,
                -4.65371426885263,
                -0.647449668295689,
                1.59748938744458,
                -0.605986436907827,
                0.131323249914897,
                2.73193133817546,
                2.17326815316718,
                0.375807581767945
            ],