{
    "uid": "03fce36d-3c64-4412-aee9-84c36e564efb",
    "scenario_uid": "b56e398eaedbdad34cec9e8a634c0fba",
    "iteration_uid": "518b6630a596352e0f0a75960f54406d",
    "PD_subj": [
        {
            "mean": [
                0.968884019681509,
                -1.57067044208408,
                1.11632265598916,
                1.14083262455525,
                -2.35471652112311,
                1.091761598607,
                -0.181775180173574,
                0.329276931570791,
                -0.194861143430748
            ],
            "median": [
                1.03935454048046,
                -1.5674145478675,
                1.12851996996091,
                1.13256457812308,
                -2.36185703504609,
                1.0908017514348,
                -0.197817025345871,
                0.323829598063227,
                -0.197686788090196
            ],
            "SE": [
                0.632396505617427,
                0.295474261007127,
                0.420669059228607,
                0.369280250367689,
                0.299530149046622,
                0.348999405127009,
                0.370039334244809,
                0.3053670700811,
                0.278886372805604
            ]
        },
        {
            "mean": [
                0.690875504135756,
                1.38724391287208,
                1.47815256260485,
                2.38620303281834,
                -1.18196072700463,
                -1.1667397548366,
                1.17058671876545,
                -0.410936284766706,
                -0.489476810364149
            ],
            "median": [
                0.694168963986889,
                1.32182047238412,
                1.53946323251947,
                2.37740268422655,
                -1.1915921945873,
                -1.16348518472126,
                1.17028177380704,
                -0.334432602053511,
                -0.614254097310697
            ],
            "SE": [
                0.308213814973515,
                0.553726889765603,
                0.550705188611296,
                0.295681041000584,
                0.31977611532221,
                0.288219787647201,
                0.304848541522028,
                0.605188872168657,
                0.578458399134477
            ]
        },
        {
            "mean": [
                -1.03730762942532,
                -0.709945446644654,
                0.358312485170073,
                1.28493439379805,
                -1.50511212441956,
                -0.212227015421247,
                -0.250279569378875,
                -3.87809300914524,
                0.312370346623743
            ],
            "median": [
                -1.03025486350853,
                -0.705475449498731,
                0.363318519444306,
                1.27751226195459,
                -1.49867013480543,
                -0.207101649986692,
                -0.245944697736655,
                -3.87600186980937,
                0.319800963719537
            ],
            "SE": [
                0.307523950934,
                0.306390908996557,
                0.307644725300078,
                0.30040666511925,
                0.304432316432067,
                0.277159740515855,
                0.304370621212039,
                0.314124834433823,
                0.274217748660589
            ]
        },
        {
            "mean": [
                -1.64903305424887,
                -2.61331533323809,
                1.99631473077244,
                1.22596055432917,
                -0.610981690680368,
                0.267308077313394,
                1.34483593894709,
                -3.95745364856278,
                0.974367664445415
            ],
            "median": [
                -1.65602593089866,
                -2.61016431338908,
                1.99984024107515,
                1.2296257780596,
                -0.611876321923322,
                0.264690802315891,
                1.34449054683131,
                -3.94749959060855,
                0.973075633498695
            ],
            "SE": [
                0.298251285892623,
                0.313678922917108,
                0.307256643593825,
                0.292189397206937,
                0.299400544539251,
                0.276000023138744,
                0.303859197906969,
                0.313148906661918,
                0.265839935645045
            ]
        },
        {
            "mean": [
                0.838894000381199,
                -0.85565596211846,
                -1.27106164868385,
                1.23397733200392,
                -1.21691771328794,
                0.812767685576695,
                1.96563035454347,
                -2.93553880735303,
                -1.1909885990641
            ],
            "median": [
                0.842398593497606,
                -0.847868075759125,
                -1.2706532765871,
                1.23194268815581,
                -1.22297983484544,
                0.813858600602576,
                1.9598320597354,
                -2.93837554097425,
                -1.19408381014392
            ],
            "SE": [
                0.311295395686409,
                0.309709233058599,
                0.31161174511447,
                0.302113135006081,
                0.302913606992087,
                0.283815444979755,
                0.300795246282262,
                0.307585454771621,
                0.273773024041036
            ]
        },
        {
            "mean": [
                0.902432412523042,
                -1.33274900201617,
                -0.286321418962624,
                2.94443156320796,
                0.410199134645934,
                -0.00426151340052922,
                1.46956776760388,
                -0.545586671070392,
                0.454198905801528
            ],
            "median": [
                0.896831453885456,
                -1.34174230696254,
                -0.285693388433042,
                2.95563215762908,
                0.404194105063959,
                -0.0046642115573677,
                1.47208355760673,
                -0.54746555032634,
                0.452240328837922
            ],
            "SE": [
                0.304291894257418,
                0.301318332770076,
                0.308599209077915,
                0.298657233107933,
                0.303481352764876,
                0.284994383228649,
                0.304367255662449,
                0.303310792043924,
                0.268439728362641
            ]
        },
        {
            "mean": [
                -2.54333223252049,
                -0.744258614276985,
                -1.63530347745564,
                1.73720161026804,
                -4.02431567352357,
                -1.55798478663939,
                1.74077922288456,
                -0.513339788237948,
                -0.917128509758531
            ],
            "median": [
                -2.55659438095069,
                -0.738750607715058,
                -1.6293963546148,
                1.73519343317053,
                -4.02295761916861,
                -1.55655478260055,
                1.73998529686012,
                -0.512169342757193,
                -0.919917573042972
            ],