{
    "uid": "2c6e4d78-1759-479b-890c-897807b7c117",
    "scenario_uid": "b56e398eaedbdad34cec9e8a634c0fba",
    "iteration_uid": "555dae09ccf4a56a40041f762f4d3446",
    "PD_subj": [
        {
            "mean": [
                -2.37182417028501,
                2.64017554139837,
                0.256461658610341,
                1.74401970665751,
                -0.820007997914348,
                -1.09887823893499,
                0.242811739790017,
                -0.277736958290393,
                0.952984514978351
            ],
            "median": [
                -2.36782814888116,
                2.64218620297438,
                0.257124584906238,
                1.73919389422583,
                -0.81760143793644,
                -1.10250829782452,
                0.247522662903809,
                -0.311105854677155,
                0.947306194631414
            ],
            "SE": [
                0.275011191451337,
                0.700502773381223,
                0.304340364701006,
                0.296411529786656,
                0.375233391821835,
                0.298252898386839,
                0.294007382678843,
                0.949881314002471,
                0.297145189593288
            ]
        },
        {
            "mean": [
                -0.427220489297916,
                -2.16532419685309,
                -0.587090414414005,
                1.76399729909336,
                -1.73704768279311,
                -0.903351849304194,
                3.06702688374082,
                -1.13596854144496,
                0.52729956476907
            ],
            "median": [
                -0.429952972563606,
                -2.13642522553607,
                -1.34704522657896,
                1.76390154229245,
                -1.73662294335548,
                -1.2328156358405,
                3.0654396130451,
                -1.20481476810275,
                0.759447252065928
            ],
            "SE": [
                0.290943856019796,
                0.710995809067641,
                1.36720673586777,
                0.299435549084798,
                0.37732230985926,
                0.900679615325984,
                0.293265331776685,
                1.25822489084995,
                0.753705721468639
            ]
        },
        {
            "mean": [
                -0.455214602685796,
                -3.39939515784566,
                1.27228452005572,
                0.448233207586655,
                0.115281229653118,
                1.88907063284961,
                2.51275114688642,
                -0.757275636127764,
                -0.0140327248471389
            ],
            "median": [
                -0.457596133591904,
                -3.41104589702875,
                1.27765248439153,
                0.448684486318787,
                0.104464455209581,
                1.88839283729279,
                2.51403742566297,
                -0.791092329366791,
                -0.00865043157688392
            ],
            "SE": [
                0.287897258969668,
                0.683690899407559,
                0.307407223999491,
                0.301098761062221,
                0.375957248583256,
                0.299399976816935,
                0.295092892017371,
                0.957171646055372,
                0.300547528856983
            ]
        },
        {
            "mean": [
                -1.21663783240376,
                -3.85792378090025,
                1.23417607682001,
                3.09311866119652,
                -2.82659852240957,
                1.60895399539716,
                0.64718041256592,
                0.327252471702838,
                -1.96398382856107
            ],
            "median": [
                -1.21901957402645,
                -3.85430743807853,
                1.23496343279172,
                3.08636275013906,
                -2.83309982940295,
                1.60803446631488,
                0.648511592004578,
                0.346970912695882,
                -1.96871484392639
            ],
            "SE": [
                0.272991357096229,
                0.675900618214545,
                0.310560175032912,
                0.297879484042777,
                0.384914760196721,
                0.306372756545177,
                0.285847733110166,
                0.931915417160342,
                0.28923408146399
            ]
        },
        {
            "mean": [
                -0.282697960538453,
                0.0284701495472752,
                -0.0754636931093057,
                1.29630440740045,
                -1.93443010878692,
                -0.170217370511258,
                2.25127910160082,
                -0.902035927851363,
                -1.42031603949848
            ],
            "median": [
                -0.283191864881325,
                0.0106121714101052,
                -0.0791870547954094,
                1.29039576582671,
                -1.93843892018577,
                -0.15490259512287,
                2.25387576326738,
                -0.890298496938408,
                -1.41653698505991
            ],
            "SE": [
                0.289193424326954,
                0.691485942813128,
                0.316133482398491,
                0.306917381207966,
                0.373165268025781,
                0.30806031621485,
                0.290626479119835,
                0.924736533409568,
                0.290545182790838
            ]
        },
        {
            "mean": [
                -2.4622496967358,
                -0.63011965471145,
                1.9380952717296,
                -1.02293229345379,
                0.660080564975178,
                -1.61450905697409,
                1.89172360029979,
                -1.47990616296825,
                -1.68579850156293
            ],
            "median": [
                -2.46032815745531,
                -0.618208747861666,
                1.94273129105277,
                -1.02223932595732,
                0.664955845675213,
                -1.61179966752894,
                1.89106661447309,
                -1.48777072736857,
                -1.69558504270264
            ],
            "SE": [
                0.274719231259997,
                0.683248797284985,
                0.310422737609925,
                0.298383372392016,
                0.369997803479993,
                0.301058202784911,
                0.296499756347039,
                0.914266069752257,
                0.291377666842802
            ]
        },
        {
            "mean": [
                -1.67101294736371,
                -2.55087231092446,
                1.24200540105567,
                -0.340893188656597,
                -1.89430680609012,
                -2.58561173692631,
                1.93395163570112,
                -1.68183082199042,
                0.617934387936586
            ],
            "median": [
                -1.66739656419381,
                -2.57146905000394,
                1.24783177862395,
                -0.350933611773209,
                -1.88469396243871,
                -2.58099036264562,
                1.93681007896503,
                -1.65293453811716,
                0.618744631863457
            ],