{
    "uid": "e9bff77f-6648-4cec-9b26-0dae90f641b9",
    "scenario_uid": "b56e398eaedbdad34cec9e8a634c0fba",
    "iteration_uid": "5575e31689e1e93ca92c32350903befd",
    "PD_subj": [
        {
            "mean": [
                -1.30031745153329,
                -1.24466364420815,
                1.48450069202755,
                1.96029916742471,
                -2.5120458751989,
                -1.25180887034332,
                2.07566042342936,
                1.40362173264386,
                0.499986648165004
            ],
            "median": [
                -1.29734651302415,
                -1.24349022855624,
                1.47976267593995,
                1.96889729233516,
                -2.5293623121172,
                -1.24771078998334,
                2.07921494282932,
                1.40570819422678,
                0.50718603308872
            ],
            "SE": [
                0.29850485761923,
                0.292467815338932,
                0.298741618555947,
                0.303095678995204,
                0.304874841515486,
                0.292974025348273,
                0.287363527361286,
                0.293145219417403,
                0.278646984432697
            ]
        },
        {
            "mean": [
                -1.6934258276501,
                -3.39792984781631,
                2.10058243058507,
                0.912665683933498,
                -1.62049041248326,
                -0.699082181438861,
                3.17805701293854,
                -1.33402528482508,
                0.640567473966153
            ],
            "median": [
                -1.68437759225446,
                -3.39836765213476,
                2.10991157272204,
                0.909058812598448,
                -1.62522230883445,
                -0.697729681993763,
                3.18075735344503,
                -1.33037539421537,
                0.638434567580955
            ],
            "SE": [
                0.299383556725494,
                0.301956892148676,
                0.303871157220044,
                0.3049160452616,
                0.299577414319496,
                0.304372593400609,
                0.286159592198404,
                0.297846805156836,
                0.271188744723214
            ]
        },
        {
            "mean": [
                -3.0684998883255,
                -1.64244773632113,
                0.302033384592943,
                3.69609881159099,
                1.17329549980971,
                -1.47110957613263,
                1.43002825974382,
                -2.38651263196145,
                -0.0756725013882911
            ],
            "median": [
                -3.06263669413209,
                -1.63969792880103,
                0.307713211330932,
                3.69153076754725,
                1.18119353345425,
                -1.47081198806025,
                1.42218630333991,
                -2.3919421298828,
                -0.0753245335298364
            ],
            "SE": [
                0.304726579381118,
                0.296989962603671,
                0.299849426510731,
                0.309914346710227,
                0.303825104827782,
                0.299811309418763,
                0.287650250227986,
                0.298191088758489,
                0.279012526300829
            ]
        },
        {
            "mean": [
                0.740182299590576,
                -0.13575934919287,
                -0.881829994907546,
                1.97830990877063,
                -0.234946965559897,
                -0.550974781844432,
                2.46305335813622,
                -0.59995431840108,
                -0.813654876064921
            ],
            "median": [
                0.740688691819161,
                0.050300939355634,
                -1.04774419401158,
                1.97393368727427,
                -0.200467255738643,
                -0.575136121693869,
                2.46479545011542,
                -0.59432133971126,
                -0.81785163299434
            ],
            "SE": [
                0.314774392500477,
                0.633702674465292,
                0.629608658621136,
                0.313828932856931,
                0.38932681374015,
                0.379464296468699,
                0.29631368857112,
                0.329330807346731,
                0.321089621926893
            ]
        },
        {
            "mean": [
                -0.604269773993395,
                0.0884218172700314,
                -2.11057858702159,
                2.72296556056979,
                -1.91788407028135,
                0.112712038535794,
                -0.972371994204409,
                -1.77433797247728,
                0.43519449479887
            ],
            "median": [
                -0.605762386827794,
                0.0827610963411871,
                -2.10838932086766,
                2.72474391628546,
                -1.91874119082522,
                0.112177250814882,
                -0.973547845339484,
                -1.76730755244785,
                0.437011904406641
            ],
            "SE": [
                0.305824700229467,
                0.293801107212136,
                0.29533583420257,
                0.295724019838329,
                0.307635838109527,
                0.293925714830982,
                0.289409563475327,
                0.295056770054533,
                0.278450345384997
            ]
        },
        {
            "mean": [
                -1.29578360246421,
                -1.5323481505413,
                0.727181824427247,
                2.31918500740922,
                -0.337364501745533,
                -0.436980906534087,
                1.20817497681771,
                -0.66859871627653,
                -0.163038059097228
            ],
            "median": [
                -1.29909982557211,
                -1.53547472725166,
                0.725212136006174,
                2.31471500164276,
                -0.335220004905379,
                -0.445350216210249,
                1.20846940304897,
                -0.666635287211159,
                -0.159850923818903
            ],
            "SE": [
                0.303557803569024,
                0.297498296210355,
                0.297443514818776,
                0.304694463035237,
                0.305570995153994,
                0.302297949406698,
                0.301889844662049,
                0.294027434732396,
                0.283206438732485
            ]
        },
        {
            "mean": [
                0.658840737246669,
                -2.56561827610771,
                0.740846747797924,
                -0.0427153823803782,
                0.0105524336963682,
                -0.078477656876232,
                1.37516180277237,
                -1.40469229267352,
                1.38184913755798
            ],
            "median": [
                0.620748628308501,
                -2.56055058391906,
                0.814047520797134,
                -0.0324585714613705,
                0.016499365466679,
                -0.10085597722715,
                1.38197634101176,
                -1.39330075155234,
                1.38763936080944
            ],