{
    "uid": "26ff370f-30c0-4fc4-8dc1-8d3f7c1602f5",
    "scenario_uid": "b56e398eaedbdad34cec9e8a634c0fba",
    "iteration_uid": "595eae059c02a9f00c6ff525ba2942d3",
    "PD_subj": [
        {
            "mean": [
                -0.0311311857354691,
                -1.86274657254966,
                2.89019319299146,
                1.14983843705148,
                -0.645968068724589,
                0.161309983057607,
                2.31329926235919,
                -0.510643121858745,
                2.83652939055744
            ],
            "median": [
                -0.0333640395500897,
                -1.86212836904883,
                2.89189071141394,
                1.14263946383635,
                -0.64651355695233,
                0.163766232742714,
                2.31298304027333,
                -0.515010957344043,
                2.84122451885759
            ],
            "SE": [
                0.286203270862985,
                0.293582141008355,
                0.309659049226069,
                0.294686355513383,
                0.291408880274357,
                0.29999804964958,
                0.284137408911232,
                0.295562172763476,
                0.30741206001398
            ]
        },
        {
            "mean": [
                -0.596788706434964,
                -1.3249167358342,
                0.952293354947622,
                1.38798718000813,
                -1.01480840695226,
                1.07741264324303,
                1.38581538465405,
                0.234108187393692,
                0.388294546591675
            ],
            "median": [
                -0.600158691886372,
                -1.33130778795761,
                0.957521310721146,
                1.39051764405296,
                -1.00784958839042,
                1.06856938652263,
                1.39627288181767,
                0.239113235535362,
                0.383382699440576
            ],
            "SE": [
                0.287744839834342,
                0.290895304897442,
                0.312566109346809,
                0.292564958483812,
                0.291799003337305,
                0.296784862148992,
                0.288257718615169,
                0.287900968100608,
                0.311469305722001
            ]
        },
        {
            "mean": [
                0.361789599771404,
                0.153173485754039,
                -0.370250213769076,
                -0.201641334562408,
                -1.83996004019021,
                -2.27031362730433,
                -0.421740203935663,
                1.34574202741931,
                -0.393229424198177
            ],
            "median": [
                0.364574685652358,
                0.157698407976456,
                -0.370739170382488,
                -0.206733074654601,
                -1.85145228617239,
                -2.26765985270163,
                -0.415958225733423,
                1.3524441511402,
                -0.393947260321936
            ],
            "SE": [
                0.282361293904464,
                0.291713677919588,
                0.314837300800133,
                0.287194549006694,
                0.291294369776117,
                0.290513764173468,
                0.290742563154491,
                0.30147188707034,
                0.30777247687439
            ]
        },
        {
            "mean": [
                -1.28989783678001,
                -0.514725247145047,
                0.931752774532813,
                0.563012640753409,
                0.688081118681566,
                -2.82420225816536,
                -0.92442125212551,
                0.330090806553859,
                2.39969546330385
            ],
            "median": [
                -1.28689778246621,
                -0.506313530150786,
                0.936013193692519,
                0.559778714486969,
                0.694074843290871,
                -2.83847081775525,
                -0.93128740144676,
                0.327450363354242,
                2.39795961927175
            ],
            "SE": [
                0.28122585628781,
                0.296127014011295,
                0.318687879723595,
                0.291032915100278,
                0.291334288194027,
                0.287566626600241,
                0.290939289258289,
                0.296838913122058,
                0.30247844539362
            ]
        },
        {
            "mean": [
                0.806747450386681,
                -2.20013116703574,
                0.340035797486063,
                -0.342994449764276,
                -1.42694118390467,
                1.25651292493861,
                -0.688508553232113,
                0.0166457911303174,
                -2.17355935789303
            ],
            "median": [
                0.810578449836495,
                -2.20236250857763,
                0.342882368805666,
                -0.348634270277691,
                -1.42718568334807,
                1.25441295730916,
                -0.693183218707689,
                0.0195986321930095,
                -2.17728385889982
            ],
            "SE": [
                0.283404822424357,
                0.294173597858034,
                0.300544244149484,
                0.300558060111004,
                0.289005578920427,
                0.296614442030769,
                0.276396847901082,
                0.303525418731865,
                0.306049130664597
            ]
        },
        {
            "mean": [
                -1.46298300327133,
                0.0695859066864171,
                2.01801002955202,
                -0.740759090277353,
                -1.16722316514324,
                1.39539497577292,
                0.196977998681458,
                -1.80138185928744,
                1.43416671043059
            ],
            "median": [
                -1.47033526095447,
                0.06645880576546,
                2.0155876559481,
                -0.747414710747104,
                -1.16947789744111,
                1.39198280006269,
                0.198589627060778,
                -1.812640659863,
                1.4349057061464
            ],
            "SE": [
                0.282600960466556,
                0.297556471385709,
                0.300529714182799,
                0.290970322136672,
                0.294358315396138,
                0.297551604111723,
                0.281770680738297,
                0.290133857293087,
                0.309068631866483
            ]
        },
        {
            "mean": [
                -0.0576213763286301,
                -3.6029552079617,
                2.05117806155581,
                0.323433015693001,
                -1.30325107459894,
                -0.476413694361933,
                1.39215394730818,
                -0.580033394735254,
                1.08314052037113
            ],
            "median": [
                -0.0567652614665556,
                -3.60513843055965,
                2.05351192883363,
                0.323849144016112,
                -1.3084539313276,
                -0.478884653283912,
                1.38835902473077,
                -0.580810917770544,
                1.09093530754061
            ],