{
    "uid": "d488f4a3-ef90-45df-b0c1-c75a7107b89e",
    "scenario_uid": "b56e398eaedbdad34cec9e8a634c0fba",
    "iteration_uid": "59742427672eefd52b4e8ec25daa0cd9",
    "PD_subj": [
        {
            "mean": [
                2.56215783867226,
                -0.794052842928883,
                1.13437504704779,
                1.93637306868148,
                -1.77863345314253,
                0.459138382724221,
                1.54545565192195,
                -1.83588944239203,
                2.72853599611393
            ],
            "median": [
                2.55735184631401,
                -0.786846544909271,
                1.14131032900914,
                1.93679265032516,
                -1.77137909691677,
                0.464492313476569,
                1.55383852856507,
                -1.8352886989392,
                2.72973446989669
            ],
            "SE": [
                0.274591781108424,
                0.476560001985345,
                0.27910379531949,
                0.28365334797768,
                0.528232734242994,
                0.284255687589674,
                0.269796413243643,
                0.613079382041932,
                0.284713903307046
            ]
        },
        {
            "mean": [
                -1.66923721204908,
                1.0898284393742,
                -0.105585441095518,
                -1.33668553462855,
                -2.58672522509492,
                0.0593063434190007,
                0.811158769988489,
                -1.96237465348468,
                1.30644304304408
            ],
            "median": [
                -1.66596485813941,
                1.09431968901122,
                -0.108810796327911,
                -1.33810335692396,
                -2.58642442055983,
                0.0635504947263219,
                0.816245785331291,
                -1.97070695245796,
                1.30610122238063
            ],
            "SE": [
                0.284128306737322,
                0.469340112818423,
                0.284824976483569,
                0.29220722298105,
                0.540183759330943,
                0.295202582260589,
                0.274109502853902,
                0.598139600229063,
                0.29669188595014
            ]
        },
        {
            "mean": [
                -0.323732615304107,
                0.731869016420021,
                0.667344117052154,
                0.33984599456483,
                -1.79963614644398,
                -1.74077219241676,
                0.857637845304731,
                -1.57605522999387,
                -1.50776847781777
            ],
            "median": [
                -0.321121359659796,
                0.736385462733612,
                0.670127417829631,
                0.355570901250063,
                -1.83404965846956,
                -1.73385811374283,
                0.854843022999879,
                -1.59064884965931,
                -1.50392081658004
            ],
            "SE": [
                0.276254246914042,
                0.560984297523495,
                0.312775184453169,
                0.279498420919545,
                0.693889868427293,
                0.356549846484178,
                0.27649273855233,
                0.754773610251339,
                0.331588575483567
            ]
        },
        {
            "mean": [
                0.768021954988574,
                -1.00130348089179,
                -0.951024995687,
                3.59385622717451,
                0.607236076388924,
                -0.779112765190583,
                2.00696232263852,
                -1.99317281903616,
                0.326460663679591
            ],
            "median": [
                0.765673878234008,
                -1.00260162387695,
                -0.949695527763705,
                3.58631558446376,
                0.617982810055844,
                -0.782522825950534,
                2.00586109922955,
                -1.98466111604838,
                0.334166475011192
            ],
            "SE": [
                0.281254371709826,
                0.480830819202888,
                0.299391477243123,
                0.289882095670624,
                0.545191676512982,
                0.288175656226156,
                0.283449862887622,
                0.611669739611805,
                0.293355681729696
            ]
        },
        {
            "mean": [
                -1.69171037020358,
                1.34309769219385,
                2.05210606515248,
                1.26499197096859,
                -2.14116788282435,
                0.853083550038502,
                0.694154463841229,
                1.23393667033032,
                -1.37269176649636
            ],
            "median": [
                -1.68868930602684,
                1.34349733151243,
                2.0551688499902,
                1.26872449847727,
                -2.13695456061374,
                0.850116107481035,
                0.693399170079309,
                1.23019542257982,
                -1.37419623509886
            ],
            "SE": [
                0.282759053698597,
                0.478388856564811,
                0.279911354315228,
                0.294723928520699,
                0.535130591440023,
                0.280192016230035,
                0.27259529310525,
                0.601997054653495,
                0.284836977830765
            ]
        },
        {
            "mean": [
                1.73373452851471,
                0.626207097241585,
                1.72905368854648,
                -2.58322169181259,
                0.63814829613512,
                -2.57433294023247,
                0.901832675205995,
                -0.956744111314664,
                0.893058396008517
            ],
            "median": [
                1.73084174660918,
                0.626425594824355,
                1.71839192268532,
                -2.57875185052186,
                0.641848392301846,
                -2.57085495012851,
                0.907248910567596,
                -0.967433044899772,
                0.896551815633548
            ],
            "SE": [
                0.291839378517,
                0.480852621362725,
                0.294693236953731,
                0.297087313744657,
                0.515612133144115,
                0.30533963749603,
                0.291010278586614,
                0.61416786928952,
                0.299003789674897
            ]
        },
        {
            "mean": [
                1.55651888080528,
                0.1943720992826,
                2.66131174903909,
                -0.0964345591238085,
                -1.65589184027437,
                -1.8664392986185,
                4.31798044544054,
                -2.03365113174494,
                0.438917642010054
            ],
            "median": [
                1.55742505041265,
                0.201619778753256,
                2.65360386290515,
                -0.0903534132688172,
                -1.63611015049009,
                -1.86354496692199,
                4.31717450349561,
                -2.02689111432509,
                0.436971799843109
            ],