{
    "uid": "c3323350-51fe-4b5e-96cd-689f9d5e60d8",
    "scenario_uid": "b56e398eaedbdad34cec9e8a634c0fba",
    "iteration_uid": "597f26311f5669a045688922abb35275",
    "PD_subj": [
        {
            "mean": [
                -0.238350858077916,
                -0.90445335257605,
                1.22679224437175,
                0.515092641265849,
                -0.186656493744205,
                1.63616645404486,
                0.201788091723051,
                0.235211390969514,
                -0.847288277152821
            ],
            "median": [
                -0.278557426727983,
                -0.90941580810476,
                1.23104964282727,
                0.379047572037686,
                -0.185721379521251,
                1.64200519717442,
                0.235934522482655,
                0.23546203307666,
                -0.853623060712912
            ],
            "SE": [
                0.717001024820775,
                0.301889443263597,
                0.265635681440477,
                0.854169198472242,
                0.298513089464101,
                0.300263073052154,
                0.7963619210722,
                0.33572311460773,
                0.306204400652759
            ]
        },
        {
            "mean": [
                -0.405214115623642,
                -1.44433025246482,
                0.967121503258267,
                2.25284239354353,
                -0.660873565024944,
                -1.24271268937857,
                1.74670481417468,
                -6.62189621377506,
                -1.12263070009612
            ],
            "median": [
                -0.400723455648764,
                -1.44569657433192,
                0.969660512191193,
                2.24073681576989,
                -0.663367514338958,
                -1.24386625757793,
                1.76321925855985,
                -6.62921789321508,
                -1.12008110662209
            ],
            "SE": [
                0.270932698843628,
                0.282026269038575,
                0.26728818916885,
                0.472626633546389,
                0.308253424826067,
                0.297784687665118,
                0.597594559300998,
                0.302374782870407,
                0.303127441943891
            ]
        },
        {
            "mean": [
                -1.07723770271171,
                -3.47361818475014,
                0.0286984989491042,
                -0.510504244109785,
                -0.342545767745439,
                1.38998355784283,
                -2.02446874637344,
                -0.968924015123969,
                -1.79884798642211
            ],
            "median": [
                -1.07018282470075,
                -3.47382140544637,
                0.035346691280786,
                -0.498777053977635,
                -0.350493737203628,
                1.38919265241575,
                -2.02840408383223,
                -0.976530594809715,
                -1.80112373412757
            ],
            "SE": [
                0.268973681695677,
                0.296255533823482,
                0.268948841022082,
                0.501341276607087,
                0.290915607997698,
                0.303091692611029,
                0.616072875841248,
                0.317796719503166,
                0.297935705092399
            ]
        },
        {
            "mean": [
                0.0152763110792915,
                -2.02212110484991,
                0.533798761065948,
                -0.552826631644679,
                -2.52652406364798,
                -0.543092202650722,
                2.03908161846897,
                -1.49267223591102,
                1.70772003166976
            ],
            "median": [
                -0.0853502150935912,
                -2.02458374235921,
                0.602311511341985,
                -0.592062913924693,
                -2.52092651934635,
                -0.546842069091391,
                2.07040843823085,
                -1.49299669733065,
                1.69612703304064
            ],
            "SE": [
                0.45561439794108,
                0.282953586640901,
                0.408195870510079,
                0.611240906598082,
                0.286893208916672,
                0.31894217371867,
                0.738896396743548,
                0.311064377348251,
                0.430981289585081
            ]
        },
        {
            "mean": [
                -0.388533446090555,
                -3.52558551121536,
                0.747513186337534,
                1.85004219327232,
                0.514373399218711,
                -1.76804814959581,
                2.22129004712615,
                -0.433964468536247,
                0.365742372705625
            ],
            "median": [
                -0.385374460632028,
                -3.52444486235231,
                0.744895216182396,
                1.84444406760342,
                0.524400356188955,
                -1.77062708980317,
                2.22506300924723,
                -0.438801772490687,
                0.362816227246271
            ],
            "SE": [
                0.273071680074905,
                0.289201939981014,
                0.260316206340031,
                0.482361505784623,
                0.301436830601339,
                0.293474060058265,
                0.615367420584721,
                0.312813955427455,
                0.292157263954756
            ]
        },
        {
            "mean": [
                0.0227279943106432,
                -1.09837779494446,
                1.42332426877679,
                2.22787442105943,
                -0.04383135604974,
                -0.967343966327882,
                0.270481582056345,
                0.676675115309863,
                -1.05053941165605
            ],
            "median": [
                0.0200370573908166,
                -1.3114513113897,
                1.41429966187207,
                2.32270927924756,
                -0.0396110246630275,
                -0.966829855305492,
                0.1397448061441,
                -0.0111875988147453,
                -1.06177202106639
            ],
            "SE": [
                0.276829917604011,
                0.902968305600508,
                0.262345360266888,
                0.698080299692986,
                0.676879910349909,
                0.295080007672589,
                0.965013669957009,
                1.88143694904452,
                0.296379979965189
            ]
        },
        {
            "mean": [
                1.30943735943644,
                -1.06514829981753,
                0.603189288675622,
                -0.0370562517516101,
                -1.21049258895195,
                -0.431220543888606,
                0.349960654739857,
                -2.0060985318808,
                1.09790187888041
            ],
            "median": [
                1.35536588396316,
                -1.06357577993197,
                0.562440796073619,
                -0.0333588771485561,
                -1.20825672561186,
                -0.438502568248815,
                0.324231959521235,
                -2.00168327604076,
                1.14388547046743
            ],