{
    "uid": "657a0da9-bb3a-44f7-8106-ec1565b3c8eb",
    "scenario_uid": "b56e398eaedbdad34cec9e8a634c0fba",
    "iteration_uid": "5b26d4e4ba5317bf45ee5078e4a16119",
    "PD_subj": [
        {
            "mean": [
                -1.02177650468621,
                0.912253477137209,
                0.860057862599527,
                -0.280182730401784,
                -0.82422492299325,
                1.07762640903644,
                2.08477697671117,
                1.91898067549188,
                -0.935187531616184
            ],
            "median": [
                -1.02166756492722,
                0.911345475251907,
                0.87414753809054,
                -0.279305765967052,
                -0.83012099397596,
                1.07122789990614,
                2.09371062439254,
                1.92272720826662,
                -0.939952830212004
            ],
            "SE": [
                0.302634140092606,
                0.302686669583828,
                0.300459161021483,
                0.309389876297045,
                0.298051613165499,
                0.289612119958042,
                0.300922610463753,
                0.312435991653249,
                0.288703642107072
            ]
        },
        {
            "mean": [
                -1.19348569333098,
                -0.428094875143311,
                1.28028813336567,
                -2.87675926918712,
                1.26978548132267,
                -0.753833205005467,
                -0.0200405519256041,
                -2.7509744758781,
                -0.45188714009789
            ],
            "median": [
                -1.1918877800467,
                -0.422938920222652,
                1.27912045853856,
                -2.87114813388112,
                1.27166704944669,
                -0.74686212442606,
                -0.0219712060809651,
                -2.74847109703026,
                -0.457272508897749
            ],
            "SE": [
                0.299020213327386,
                0.297586411101246,
                0.29532808815103,
                0.299910453858338,
                0.298405121659136,
                0.286087539049978,
                0.301850739818647,
                0.309286126906834,
                0.287258358231389
            ]
        },
        {
            "mean": [
                -0.256450215011102,
                -1.25344261259992,
                -1.87056161680081,
                0.0661923187028866,
                2.36469440060844,
                -1.13022237281024,
                3.38043745528292,
                -1.00165939396956,
                -2.33386105567291
            ],
            "median": [
                -0.263689777505183,
                -1.24901435226999,
                -1.86790028194272,
                0.0698048318248702,
                2.35626642552931,
                -1.12634042533956,
                3.37830031538011,
                -1.00822237172973,
                -2.33205279551847
            ],
            "SE": [
                0.297574689912556,
                0.289360200264664,
                0.304229891048608,
                0.307959235270065,
                0.290614149649516,
                0.284134849292163,
                0.313095423630381,
                0.306776548062214,
                0.304820801992464
            ]
        },
        {
            "mean": [
                -0.233708262954723,
                -1.64233036468514,
                -1.25832699808333,
                1.49891103642466,
                -0.94843681113938,
                -0.687727998413846,
                2.75153751852605,
                3.35822582425217,
                -3.10575502345096
            ],
            "median": [
                -0.236680828116804,
                -1.64463627090774,
                -1.2714240762616,
                1.49784646988099,
                -0.945951350874557,
                -0.688416953492096,
                2.73931787676747,
                3.36060674722287,
                -3.10632652123866
            ],
            "SE": [
                0.297653224261682,
                0.304270570973418,
                0.294852445283568,
                0.309689202876814,
                0.302640691305582,
                0.283917715559646,
                0.312600106433635,
                0.30728598514589,
                0.28909570878879
            ]
        },
        {
            "mean": [
                -1.21001432830659,
                0.987706109113068,
                0.942690652702127,
                1.31887106523475,
                -1.69266205282707,
                -1.72613056403168,
                0.840945278066359,
                -0.3610475117606,
                -0.290657285500306
            ],
            "median": [
                -1.20460051068694,
                1.0041728636327,
                0.947431917514501,
                1.32094682973151,
                -1.69319451442913,
                -1.73473477177385,
                0.837919441725194,
                -0.388780192521611,
                -0.272708247760021
            ],
            "SE": [
                0.291128877440182,
                0.404114208854768,
                0.354323486293317,
                0.305934625672315,
                0.377505975191003,
                0.341695692169065,
                0.308341970546085,
                0.488548145409444,
                0.483484637527272
            ]
        },
        {
            "mean": [
                -1.94006719954675,
                -0.330589859494847,
                0.331915431054625,
                -0.143191192823087,
                -1.55948998325897,
                -1.89033127886279,
                3.52136113847096,
                -0.446419234437006,
                -0.359394002865073
            ],
            "median": [
                -1.93556851168998,
                -0.481601296930575,
                0.477089645639763,
                -0.135565397455454,
                -1.53145357347344,
                -1.92518003647181,
                3.52570453090519,
                -0.45059827277485,
                -0.356718495086123
            ],
            "SE": [
                0.300742588032028,
                0.565247232659623,
                0.568751478123604,
                0.31484717010913,
                0.391505726114521,
                0.376550230979906,
                0.305897309044073,
                0.324174399214781,
                0.306635540339023
            ]
        },
        {
            "mean": [
                0.497082559952605,
                -2.4580963114445,
                0.517206204055878,
                -0.213472130893866,
                -3.770886103446,
                -0.243982873083017,
                0.907347196128202,
                0.358409362716976,
                0.894118866068638
            ],
            "median": [
                0.50569910493151,
                -2.46224949870533,
                0.516914154979161,
                -0.212354605874463,
                -3.77177584810967,
                -0.242627701333022,
                0.892363816819907,
                0.360005516929251,
                0.860472909758265
            ],