{
    "uid": "706573f4-bc0c-4669-b5a7-0d650145a705",
    "scenario_uid": "b56e398eaedbdad34cec9e8a634c0fba",
    "iteration_uid": "5ba2cb5c685b55a2760ab333fad40304",
    "PD_subj": [
        {
            "mean": [
                0.358520308782807,
                -2.11267832365514,
                0.890423513731239,
                0.423379140654595,
                -1.64994859863245,
                -0.113825762112843,
                0.343084685197072,
                -3.70106146864358,
                -0.0239761128661747
            ],
            "median": [
                0.732147411984653,
                -2.11298010315769,
                0.879104054218765,
                0.0404778372397717,
                -1.65440149201693,
                -0.119649796902633,
                0.141456601771115,
                -3.69462020486772,
                -0.0176990689896619
            ],
            "SE": [
                0.873099490832793,
                0.370076404530431,
                0.312073333725061,
                0.910414328605347,
                0.463129175094142,
                0.316101841401185,
                0.656847542105728,
                0.329685751836774,
                0.292218877444963
            ]
        },
        {
            "mean": [
                -0.533134301151359,
                -1.0444564695596,
                -1.07941091087801,
                1.9231730913113,
                -2.18283621384248,
                -2.16183393658008,
                -0.275379798212218,
                0.713458248614817,
                0.49659046499798
            ],
            "median": [
                -0.535399938896585,
                -1.05598118958817,
                -1.07338895814767,
                1.9314308258083,
                -2.18570912200931,
                -2.16258659849159,
                -0.273037078378773,
                0.917255139874534,
                0.283729737268016
            ],
            "SE": [
                0.277195817406163,
                0.396028007152434,
                0.307879505008295,
                0.284080270404954,
                0.490453888928965,
                0.300484960979801,
                0.287425765246077,
                0.737898923025862,
                0.669601601564033
            ]
        },
        {
            "mean": [
                -0.568156660496941,
                -0.417435834308569,
                -1.15162673332762,
                0.360637843039307,
                -2.42250101623711,
                -0.160051872722211,
                1.31725670756665,
                -0.945905422582593,
                0.332260754545202
            ],
            "median": [
                -0.573495334372273,
                -0.254190263491089,
                -1.24694094795067,
                0.358057072159299,
                -2.81485745259699,
                -0.205187663183639,
                1.32267994552248,
                -0.963260151879422,
                -0.0744806964977803
            ],
            "SE": [
                0.289013975045834,
                0.683242954966832,
                0.603638056586915,
                0.293795124747586,
                1.00711440054718,
                0.54022910864668,
                0.284604913343149,
                0.401724867291888,
                0.935364189391454
            ]
        },
        {
            "mean": [
                -1.07583502254389,
                1.4953859927766,
                1.52709805760082,
                2.88653844944653,
                -1.29710106391495,
                1.83149303711378,
                1.89351155274156,
                0.0321409044153875,
                0.147402967891829
            ],
            "median": [
                -1.07627440074967,
                1.48676994663101,
                1.53345363192509,
                2.89213889346669,
                -1.27828032315796,
                1.83030053155134,
                1.89437489295706,
                0.0252595099112337,
                0.148003640083454
            ],
            "SE": [
                0.281283046296337,
                0.364661298862744,
                0.291976671886092,
                0.281700419669178,
                0.464014749351119,
                0.292309526369287,
                0.291289986014063,
                0.320800558152736,
                0.279474660029231
            ]
        },
        {
            "mean": [
                -0.316406344472594,
                0.486706087521017,
                0.436163100938173,
                3.2759353630732,
                -1.51317076654672,
                -1.25534252718689,
                1.82075742342312,
                -0.495015923113673,
                1.70139422321295
            ],
            "median": [
                -0.317883813703516,
                0.498217632802376,
                0.436790252238835,
                3.27672979264065,
                -1.51120864866101,
                -1.24850285459169,
                1.82259208173016,
                -0.493762166602678,
                1.70215911505494
            ],
            "SE": [
                0.27039090852189,
                0.375777113153516,
                0.28811476993178,
                0.28108496275582,
                0.470770337999327,
                0.288767743817639,
                0.282690167227344,
                0.330034724290308,
                0.280140638765902
            ]
        },
        {
            "mean": [
                -0.405171753589163,
                -0.3713915697729,
                1.61724654687496,
                2.26265553833339,
                -3.53898279036132,
                0.158664481007235,
                3.26732848257322,
                -1.36917198388429,
                -0.284830158014364
            ],
            "median": [
                -0.406578830318706,
                -0.373208168417582,
                1.6226752487277,
                2.25982924760008,
                -3.54081238600035,
                0.168340452484975,
                3.27148124933269,
                -1.36142177717008,
                -0.285261789973099
            ],
            "SE": [
                0.286375925849836,
                0.376196137642967,
                0.290411529982018,
                0.287431001581389,
                0.476166165458304,
                0.291859306783029,
                0.285478513302564,
                0.337944646943829,
                0.287889468332557
            ]
        },
        {
            "mean": [
                -0.237845920672538,
                0.616397224164132,
                0.39677064689804,
                2.36852813866866,
                -2.37621970944816,
                -0.721012448004294,
                -0.186897283051605,
                -1.41388126995394,
                0.579937722389515
            ],
            "median": [
                -0.243334707215136,
                0.616225200024072,
                0.40657276583947,
                2.36959778057836,
                -2.37010504527023,
                -0.72453999866401,
                -0.18942842487396,
                -1.40932537791289,
                0.58052371297471
            ],