{
    "uid": "e4af61e8-d8a3-4970-8843-ed15e19e616e",
    "scenario_uid": "b56e398eaedbdad34cec9e8a634c0fba",
    "iteration_uid": "5c7ef27d20252cbac82a3ad54f7fcca7",
    "PD_subj": [
        {
            "mean": [
                0.2109703366341,
                -1.5380289579502,
                1.77540521809055,
                -0.229941275327098,
                -0.25483794296586,
                1.65881589254526,
                3.14141700976422,
                -1.01134774093247,
                0.420626154413991
            ],
            "median": [
                0.219568819400642,
                -1.54090485099896,
                1.76783087831197,
                -0.22450518853201,
                -0.297553666972888,
                1.6459083738688,
                3.15000952327178,
                -1.00184188258811,
                0.422174886260323
            ],
            "SE": [
                0.301888189841277,
                0.450529130525422,
                0.400894388737237,
                0.281701673913703,
                0.96376200325996,
                0.649126588329762,
                0.287565996773908,
                0.757809163373684,
                0.528585695723064
            ]
        },
        {
            "mean": [
                -1.84003791592254,
                -1.21990226959787,
                1.78277278077444,
                3.63930798215858,
                -0.271283158735134,
                1.66721966994936,
                0.69709958974844,
                -4.91701879465322,
                0.429148098136932
            ],
            "median": [
                -1.83340980630647,
                -1.2232894169476,
                1.78427333358232,
                3.63730027386807,
                -0.306149420878699,
                1.66362332140707,
                0.69308262661545,
                -4.9248007330667,
                0.432691674658677
            ],
            "SE": [
                0.295547974040183,
                0.457664424488128,
                0.408601550004048,
                0.284713761390276,
                0.985302998716244,
                0.639112145143127,
                0.282471625982373,
                0.759071847292273,
                0.538289147629684
            ]
        },
        {
            "mean": [
                -1.73173425354009,
                -2.90639046192481,
                1.86235958055408,
                0.475348245554223,
                -1.17918532056909,
                2.65693756426379,
                2.0148743881371,
                -1.69550694252396,
                -0.367019173823327
            ],
            "median": [
                -1.73558834814648,
                -2.89798874932006,
                1.86650930937628,
                0.465597839745118,
                -1.190622070608,
                2.6550950905183,
                2.02228713671966,
                -1.70743169660734,
                -0.360060258459346
            ],
            "SE": [
                0.299745426511571,
                0.467374561791129,
                0.271239659078171,
                0.288448507790716,
                0.991368544690884,
                0.297292991552784,
                0.282287511083271,
                0.763556074592573,
                0.290485884991181
            ]
        },
        {
            "mean": [
                -1.12061059430346,
                -1.1983192183632,
                1.77322015187252,
                -1.11658766831224,
                -0.273834249116502,
                1.64029350462291,
                0.148560988181499,
                1.96485730959534,
                0.424522193092678
            ],
            "median": [
                -1.11762256373091,
                -1.20486765303096,
                1.77626976615926,
                -1.1143341981442,
                -0.266190293766215,
                1.63360035209224,
                0.145210511332258,
                1.98120000535115,
                0.421893051991985
            ],
            "SE": [
                0.298577315750074,
                0.469338494600319,
                0.40655190159684,
                0.291777178226313,
                0.967418487362604,
                0.636127533277032,
                0.277434060529214,
                0.757612222714997,
                0.537116623734949
            ]
        },
        {
            "mean": [
                2.04108529692102,
                -0.581232789336681,
                2.05962753981297,
                -0.0665470658675271,
                -0.549390220491538,
                -0.0634713793279111,
                1.12270089604402,
                0.0270909519019249,
                1.12888962212273
            ],
            "median": [
                2.03984190919767,
                -0.587614796821833,
                2.05324970331516,
                -0.0671473749905222,
                -0.558488315035834,
                -0.054105739562613,
                1.12430544946289,
                0.0362237350125799,
                1.13230373214363
            ],
            "SE": [
                0.314708887481732,
                0.464925014246863,
                0.281077815385675,
                0.294334605663273,
                0.978072920243496,
                0.298837927700436,
                0.303393761928566,
                0.780809066217974,
                0.30290564799896
            ]
        },
        {
            "mean": [
                0.65811225930578,
                0.248649594626904,
                1.17314590916978,
                1.35201503898048,
                -0.931955646535119,
                1.90197681325487,
                1.0586840838395,
                2.45610812338946,
                -2.98584009971548
            ],
            "median": [
                0.659042045995704,
                0.250451865774767,
                1.17025442873748,
                1.35968357999047,
                -0.940122834507221,
                1.90147404253131,
                1.06107970108424,
                2.46055577668469,
                -2.98397024695686
            ],
            "SE": [
                0.302889281037284,
                0.459661444549223,
                0.277273853118443,
                0.288655953547289,
                0.986464294028943,
                0.298818515947711,
                0.289455298928525,
                0.753702199295617,
                0.28468303351577
            ]
        },
        {
            "mean": [
                1.4950452750317,
                -0.59556843305392,
                1.50034310060649,
                1.43164736550442,
                -1.98201696973682,
                1.3960091056175,
                0.26069874316497,
                -1.93625805647757,
                0.252895663589884
            ],
            "median": [
                1.50043481277138,
                -0.604766398597909,
                1.49513484133027,
                1.43565165121598,
                -1.98295485186054,
                1.40142846496104,
                0.254706731219124,
                -1.9497997198611,
                0.25147452157171
            ],