{
    "uid": "3d16eb23-80af-4feb-bc1b-ebfda200aac5",
    "scenario_uid": "b56e398eaedbdad34cec9e8a634c0fba",
    "iteration_uid": "5e6fef5e33390f8a0fa1a9ec822e1882",
    "PD_subj": [
        {
            "mean": [
                -1.00573579828112,
                -1.17540492332567,
                1.65089131410994,
                0.977881329794537,
                -2.3333929619762,
                1.77812330872371,
                1.5697543723609,
                -4.68450701490493,
                -0.656745367544044
            ],
            "median": [
                -1.0123088277278,
                -1.17246373278585,
                1.65092025565651,
                0.978425538280336,
                -2.3273311074454,
                1.77492639161747,
                1.57146161962781,
                -4.68895018217657,
                -0.662622070249078
            ],
            "SE": [
                0.276250870647264,
                0.298194961936305,
                0.298284665936329,
                0.302037561129082,
                0.290419545181279,
                0.305580783638927,
                0.262688262996023,
                0.310839679932836,
                0.290576128985789
            ]
        },
        {
            "mean": [
                0.142348500300384,
                -0.447937472918836,
                1.9599045476322,
                2.33293477906703,
                -1.40327474511374,
                0.824670863301736,
                0.611408646043103,
                -3.04321842852157,
                -0.155931793765403
            ],
            "median": [
                0.139850422513054,
                -0.453252884538356,
                1.96405392764665,
                2.33506648272935,
                -1.39729433514487,
                0.82821069893192,
                0.606748653992371,
                -3.04514215534321,
                -0.162778643401536
            ],
            "SE": [
                0.284215554056395,
                0.297052334406318,
                0.293526314347843,
                0.287741847507074,
                0.290555785223512,
                0.311855461732409,
                0.266586385262551,
                0.30744564223899,
                0.28511632125734
            ]
        },
        {
            "mean": [
                -1.66823737803286,
                0.439262193559449,
                3.74543507020733,
                1.1380296188547,
                -2.5004234921335,
                0.71440006222737,
                0.290493692626588,
                -1.23766748287988,
                0.636228939636615
            ],
            "median": [
                -1.67448246022847,
                0.437787770965469,
                3.73905239636488,
                1.13796774423471,
                -2.5103996277008,
                0.714354790367206,
                0.289132554895151,
                -1.23479811954636,
                0.633747857231897
            ],
            "SE": [
                0.280533572342537,
                0.303588032604665,
                0.292366440640808,
                0.289647355711563,
                0.295720981319231,
                0.300065843505073,
                0.26337694443222,
                0.311000712476117,
                0.278765770794304
            ]
        },
        {
            "mean": [
                -0.0784348909519201,
                -1.74954190940549,
                -0.723426530579638,
                -0.53700061207597,
                0.491278261047183,
                0.115002293345394,
                0.0352477398834834,
                -1.78871305598377,
                0.432912580258185
            ],
            "median": [
                0.0181890678411466,
                -1.76194180595853,
                -0.815351807140122,
                -0.62151864854757,
                0.498896264294166,
                0.184933076506235,
                0.00460000260173583,
                -1.79105607463305,
                0.469839248736921
            ],
            "SE": [
                0.46349512717636,
                0.29535799926062,
                0.453596930288419,
                0.452707146050323,
                0.295453840986055,
                0.440026757556722,
                0.334280949473415,
                0.306670255165452,
                0.355751193348016
            ]
        },
        {
            "mean": [
                1.22311605317562,
                -1.68066797189443,
                1.18488475938527,
                -0.349753546492375,
                -0.225510632749319,
                -2.44039295848779,
                0.175419471917966,
                -2.77209855931255,
                2.87845596015797
            ],
            "median": [
                1.22776855912894,
                -1.68115947857667,
                1.18348752934949,
                -0.34192817748015,
                -0.225555199129051,
                -2.44421532182279,
                0.180041492041511,
                -2.77676930324047,
                2.87965012923868
            ],
            "SE": [
                0.281583889680709,
                0.300119260804389,
                0.291872700581318,
                0.30075174481179,
                0.295850306232412,
                0.303512744910121,
                0.263251723606732,
                0.302872444735938,
                0.294084844106561
            ]
        },
        {
            "mean": [
                -0.670039577541735,
                0.222564980018312,
                1.24549234020536,
                0.0497396937329378,
                -1.11677633367694,
                1.08645908122305,
                -0.362368104217249,
                -4.86628012970619,
                -1.09322121852984
            ],
            "median": [
                -0.664877154424262,
                0.231073654245171,
                1.2410589647659,
                0.0411809110694083,
                -1.11257979028739,
                1.09097594702553,
                -0.356284954488006,
                -4.86252476938231,
                -1.09777481393701
            ],
            "SE": [
                0.283187271125113,
                0.297704071650426,
                0.295965273345171,
                0.297388219867283,
                0.293431718176368,
                0.303022985012985,
                0.264509006587679,
                0.315891966567044,
                0.289526554530018
            ]
        },
        {
            "mean": [
                -1.11254556766359,
                -1.48532136162267,
                1.22477278478976,
                -1.07454386290167,
                1.60458825167871,
                -2.26569884791997,
                -0.606746802324462,
                -2.46516484182234,
                0.396654800408688
            ],
            "median": [
                -1.10689843526252,
                -1.48538929693569,
                1.22993522465995,
                -1.08139108477092,
                1.60572644969216,
                -2.26855145860105,
                -0.611226618542306,
                -2.4677335303895,
                0.39972720136207
            ],