{
    "uid": "67650bd1-bc30-44b6-8db1-0a1701e8bd8d",
    "scenario_uid": "b56e398eaedbdad34cec9e8a634c0fba",
    "iteration_uid": "5ecb56f136486b03db50d3f56b5d6b29",
    "PD_subj": [
        {
            "mean": [
                -0.793725773461666,
                0.193110390414782,
                0.201923864789542,
                1.38765801444473,
                -1.37957860596623,
                -1.37643498934563,
                3.47589024233781,
                1.96260259898154,
                2.01349223194558
            ],
            "median": [
                -0.799232757059816,
                0.20564414838671,
                0.196712279524296,
                1.38387882462299,
                -1.37022726289581,
                -1.37220858476643,
                3.4826440923516,
                2.01115900328754,
                2.24156370831771
            ],
            "SE": [
                0.312057156567569,
                0.300246438102553,
                0.292537104203296,
                0.323722887356675,
                0.321982749197458,
                0.314510994554683,
                0.333831049224844,
                0.779629516730418,
                0.75765097008669
            ]
        },
        {
            "mean": [
                -0.237211724778684,
                -0.247690248593269,
                0.397558135097777,
                1.05008455843135,
                -1.88218823332607,
                -1.23170165177122,
                1.05726480043371,
                -2.84912482938041,
                -1.0502284598063
            ],
            "median": [
                -0.241972433277318,
                -0.243372940045318,
                0.395684158481965,
                1.04832673015682,
                -1.88400694753727,
                -1.22934282289394,
                1.05040984305343,
                -2.84667784146174,
                -1.04499594534221
            ],
            "SE": [
                0.302491322974252,
                0.285843470357096,
                0.292272759988636,
                0.317216603748609,
                0.304560521956347,
                0.295752760953152,
                0.344012148481873,
                0.297239256092895,
                0.290572821369099
            ]
        },
        {
            "mean": [
                -1.63595483137231,
                -1.41912556924712,
                0.378456474106927,
                2.14799703318211,
                -2.47741159975155,
                1.43833675824265,
                1.3683965166835,
                -2.284671387471,
                2.32257931444607
            ],
            "median": [
                -1.63290120108132,
                -1.42139293317673,
                0.384135734059111,
                2.14367189076121,
                -2.47847522206231,
                1.43778583521286,
                1.37191694252096,
                -2.28647361236736,
                2.32419892400424
            ],
            "SE": [
                0.300020213964197,
                0.287640218390941,
                0.291873762663011,
                0.308128136549711,
                0.30589575813646,
                0.29994010050679,
                0.336157328911881,
                0.308764575038051,
                0.298482159169971
            ]
        },
        {
            "mean": [
                1.25597346260752,
                0.82706124219922,
                1.91861439524646,
                0.706945665558895,
                -3.11289925462786,
                -0.198924676673385,
                2.7295967412627,
                -0.94563188189372,
                0.429326442689337
            ],
            "median": [
                1.25384882769299,
                0.825906177066195,
                1.92114738567006,
                0.691973820397024,
                -3.11648800039148,
                -0.197453798013766,
                2.72568630549593,
                -0.935953721449074,
                0.425145195848545
            ],
            "SE": [
                0.313221520579036,
                0.290680612154236,
                0.294152493859881,
                0.321451542570885,
                0.303350745352619,
                0.298614946876518,
                0.34348587216315,
                0.302063263863247,
                0.290925353245317
            ]
        },
        {
            "mean": [
                -0.987148224135791,
                -1.2199441647576,
                -0.451835129926844,
                2.01834446237573,
                -4.36902856325263,
                -1.65250522066429,
                0.204010225265394,
                0.406499361009913,
                -0.137975294000534
            ],
            "median": [
                -0.989643948333188,
                -1.22217265397397,
                -0.450590512170463,
                2.0150268909493,
                -4.3648324051574,
                -1.65963178686685,
                0.208957140271072,
                0.400068154511202,
                -0.138516114316452
            ],
            "SE": [
                0.303410089645865,
                0.290067920849248,
                0.288438951398934,
                0.315670138859798,
                0.303680662538168,
                0.304537897845834,
                0.335948151256357,
                0.301569786057699,
                0.295873996912103
            ]
        },
        {
            "mean": [
                -0.974708640473664,
                -3.68369653495623,
                1.58600388745714,
                4.49892421441106,
                0.341235177890448,
                -1.79398707957763,
                -0.0350411045855365,
                -2.44050408294372,
                -0.0577125155528646
            ],
            "median": [
                -0.976080969158121,
                -3.68688302300431,
                1.58217520960317,
                4.49901995428744,
                0.3350298424138,
                -1.79412073684677,
                -0.0353845373035788,
                -2.43897004718982,
                -0.0612715266775097
            ],
            "SE": [
                0.31052851318275,
                0.292817839162193,
                0.289928173692328,
                0.321696241414561,
                0.306322294952433,
                0.297847529976246,
                0.349135251059372,
                0.299326887344236,
                0.295421026014534
            ]
        },
        {
            "mean": [
                -0.159253381408822,
                -2.17130826913947,
                0.13036281485593,
                1.12019738737365,
                -2.59661489334404,
                1.33247908716543,
                1.27381126043625,
                -3.60503704908329,
                1.46893704327654
            ],
            "median": [
                -0.191933481140878,
                -2.16866876392893,
                0.181387023927892,
                1.09558490747624,
                -2.60069765277957,
                1.36729395415194,
                1.27238031118159,
                -3.60862356891414,
                1.48868638884294
            ],