{
    "uid": "b7828069-be78-437d-87de-9c72210da4ef",
    "scenario_uid": "b56e398eaedbdad34cec9e8a634c0fba",
    "iteration_uid": "6061645659e58e54cdf0d4e1da822347",
    "PD_subj": [
        {
            "mean": [
                -0.177905150806552,
                -0.135422865652556,
                2.25940276351376,
                2.44382692324352,
                -2.50520681080012,
                1.96610859672545,
                0.0870022877708916,
                -0.154881414389774,
                0.484515096248594
            ],
            "median": [
                -0.180899672388791,
                -0.137125242857496,
                2.25101952194481,
                2.43831061786907,
                -2.4846958680947,
                1.96026592828775,
                0.0848455283939132,
                -0.156720064572127,
                0.483330375537377
            ],
            "SE": [
                0.276569699542496,
                0.376944503992759,
                0.276928324664778,
                0.286454623783101,
                0.755984656699946,
                0.271614457260603,
                0.300615446920392,
                0.346110306218394,
                0.267219081653219
            ]
        },
        {
            "mean": [
                0.682905857030914,
                -2.21936191429534,
                0.635811135311708,
                1.72031760816064,
                -1.17291213374169,
                -1.2259995954523,
                0.480968211829103,
                -2.82617965108152,
                -0.938388880392137
            ],
            "median": [
                0.679694885697923,
                -2.20826687228184,
                0.640472334771008,
                1.72354244358853,
                -1.18881602179519,
                -1.2366086205261,
                0.483265147696255,
                -2.8188180835793,
                -0.938194242583788
            ],
            "SE": [
                0.282889176625811,
                0.387987598701978,
                0.2729839396291,
                0.288090396568693,
                0.772258551398304,
                0.282453067123156,
                0.286305531597668,
                0.343771744803681,
                0.264097316593839
            ]
        },
        {
            "mean": [
                0.19506174361097,
                -2.35491754800924,
                1.05208547335796,
                0.643905808941255,
                -0.154051784035273,
                -0.704089376547476,
                2.02793050850468,
                -0.789069086072469,
                0.235492973237479
            ],
            "median": [
                0.195297804483418,
                -2.34792923970313,
                1.05959213458311,
                0.644796628438105,
                -0.150058834468996,
                -0.708561433313558,
                2.02524534486847,
                -0.787195691459544,
                0.240866773213535
            ],
            "SE": [
                0.289052215937775,
                0.390436408816523,
                0.288874761107922,
                0.287407509223035,
                0.781246170001113,
                0.292533272695485,
                0.29239707757736,
                0.341017399128238,
                0.261046148059903
            ]
        },
        {
            "mean": [
                1.36128944511672,
                -2.64248580415821,
                1.00038089278535,
                0.993210663712162,
                0.0485898905954206,
                -0.800011239931399,
                1.61683537347983,
                -3.31387744647421,
                -0.7539183011208
            ],
            "median": [
                1.37196664655818,
                -2.64892835427457,
                1.01169545129746,
                0.996402708795513,
                0.0580466222399392,
                -0.799826259977496,
                1.61567041824148,
                -3.31679214153408,
                -0.754210628206743
            ],
            "SE": [
                0.285208484714111,
                0.38969592746249,
                0.277169626597966,
                0.284474649010217,
                0.756565898178477,
                0.277435418687472,
                0.291524759904102,
                0.348249424393913,
                0.261424940380378
            ]
        },
        {
            "mean": [
                -1.42506145339081,
                -0.288053888287193,
                0.83087047575258,
                2.53813697347509,
                0.297343897747933,
                0.816798163794852,
                2.45241136682358,
                -1.92171699217223,
                0.0265636202520433
            ],
            "median": [
                -1.43009499847208,
                -0.277494531484572,
                0.824183393941338,
                2.54288086521752,
                0.276581543297692,
                0.819647231850492,
                2.45358059601869,
                -1.92309632970121,
                0.0213550200638219
            ],
            "SE": [
                0.286982858655384,
                0.38478138268315,
                0.278975145763038,
                0.280769012939065,
                0.769400570413664,
                0.283233920990403,
                0.293046333534559,
                0.345182992245685,
                0.259962757528523
            ]
        },
        {
            "mean": [
                0.657960355718437,
                0.827470536484855,
                0.653719853529782,
                -0.131203909511942,
                -2.91883531933597,
                -0.168790673640422,
                -0.152413358071212,
                0.0985382348696346,
                -0.14216299263874
            ],
            "median": [
                0.647642124445316,
                0.820372202606511,
                0.654660848667238,
                -0.148144403052315,
                -2.95189448728504,
                -0.169677625413402,
                -0.171558430208237,
                0.108402204857759,
                -0.138598367710272
            ],
            "SE": [
                0.350985039694561,
                0.396674207350939,
                0.313220624349012,
                0.384999697673354,
                0.797051004497671,
                0.294322234668704,
                0.36649004180076,
                0.350373219461044,
                0.274222649761997
            ]
        },
        {
            "mean": [
                0.249634222583907,
                -0.698554672712596,
                1.15779843988315,
                2.14378036300766,
                -0.932014846738389,
                -0.774823618627082,
                -1.24484294501042,
                -0.760638241801249,
                -0.354492988421736
            ],
            "median": [
                0.246906113634893,
                -0.690167171666021,
                1.1507556445291,
                2.14626028408359,
                -0.925834608507606,
                -0.778230717058597,
                -1.23365523056595,
                -0.764301169576278,
                -0.357393709739598
            ],