{
    "uid": "b2775eb0-956d-4f64-843b-4c665f3548e4",
    "scenario_uid": "b56e398eaedbdad34cec9e8a634c0fba",
    "iteration_uid": "609e9c0f9b9804531c88316920a98816",
    "PD_subj": [
        {
            "mean": [
                1.47291526734579,
                -0.810240340662564,
                1.45705189624191,
                0.415022004670203,
                -1.99811147437296,
                0.432016765912659,
                -0.764928148492756,
                -1.43010366733778,
                -0.745756249128964
            ],
            "median": [
                1.47039575748096,
                -0.819134611706971,
                1.45706557844549,
                0.415381169009119,
                -1.99038298614247,
                0.429604413036448,
                -0.761803510913774,
                -1.42449938815983,
                -0.738652432707724
            ],
            "SE": [
                0.289818450212893,
                0.318458345867469,
                0.289746313208074,
                0.3022188135328,
                0.343249363034324,
                0.294714546205749,
                0.314048949743485,
                0.368765192345407,
                0.291783627437647
            ]
        },
        {
            "mean": [
                -0.952881184837937,
                0.36814269555366,
                -2.02010134356339,
                2.73929325691924,
                -2.75092445957923,
                0.0624745892788456,
                1.2251322625228,
                0.833663361797153,
                -0.452088151125599
            ],
            "median": [
                -0.949619146947557,
                0.369079061568626,
                -2.01807575095938,
                2.73704116234249,
                -2.75344639406579,
                0.0702526212812731,
                1.22920849996641,
                0.834201642454294,
                -0.452962628111702
            ],
            "SE": [
                0.263667497022048,
                0.317073187087355,
                0.284205095639263,
                0.293388936958498,
                0.345639827902215,
                0.276493664065647,
                0.300312074606073,
                0.381657349993998,
                0.286312210687672
            ]
        },
        {
            "mean": [
                0.359035509112409,
                -1.50327863971803,
                0.336285757833855,
                1.26038511685256,
                -0.125101389618129,
                1.25774718224621,
                0.344131219573133,
                -1.61716199482536,
                0.316966354974458
            ],
            "median": [
                0.364291472644461,
                -1.49343137271852,
                0.33488812416025,
                1.25509949387137,
                -0.132168593269817,
                1.25838800260874,
                0.333065611736631,
                -1.61663502648006,
                0.303840389755517
            ],
            "SE": [
                0.295848716893577,
                0.317174351142622,
                0.312721809906758,
                0.305966555037064,
                0.339364655830661,
                0.287952682442127,
                0.32042068869347,
                0.37483969050666,
                0.294151297636807
            ]
        },
        {
            "mean": [
                0.255218957243936,
                -1.67778112158124,
                0.36566129816904,
                1.22757468604341,
                -3.85138997061284,
                -0.700504609933095,
                3.44773336563991,
                -1.2548914791024,
                0.0631192061961559
            ],
            "median": [
                0.251300217192076,
                -1.67880011322867,
                0.364144657770538,
                1.23006926760951,
                -3.85700029902097,
                -0.697539099598637,
                3.44213409167378,
                -1.24893271947231,
                0.0608960465098282
            ],
            "SE": [
                0.268414105986651,
                0.318674506255871,
                0.289103590438944,
                0.290969548863478,
                0.340771637433615,
                0.278423251517367,
                0.305682441036724,
                0.366457420070614,
                0.282560605312697
            ]
        },
        {
            "mean": [
                0.295658653769568,
                -0.33216054162396,
                0.0783985675155225,
                -0.44324237979971,
                -0.964862514093801,
                -0.801555573808041,
                -1.60632096087946,
                -0.351501580214576,
                -0.295919666637976
            ],
            "median": [
                0.300423861093005,
                -0.436014582703793,
                0.178432477956747,
                -0.444084207045872,
                -0.982282590363346,
                -0.796437356271391,
                -1.6738041292319,
                -0.277285383892256,
                -0.291484492354454
            ],
            "SE": [
                0.279039292161578,
                0.550895964934196,
                0.51763612374894,
                0.298844919073772,
                0.402589421071552,
                0.333639015298063,
                0.463287503377533,
                0.528815409084202,
                0.304653853542565
            ]
        },
        {
            "mean": [
                0.466033845917588,
                0.976024071831525,
                0.746601878103974,
                0.331529234663406,
                -1.94375693053372,
                0.595880799551497,
                -0.501650132025579,
                -1.18307094557079,
                -0.909599868394644
            ],
            "median": [
                0.43557638133218,
                0.966387815148907,
                0.786200222767923,
                0.266354855989497,
                -1.95139007114122,
                0.643633708230489,
                -0.424917692463535,
                -1.18990043110254,
                -1.00226760885986
            ],
            "SE": [
                0.38294302447123,
                0.316353352847778,
                0.39445112359164,
                0.429376793095288,
                0.352701531128605,
                0.409944482643411,
                0.514804420483025,
                0.380312267469064,
                0.470281971741086
            ]
        },
        {
            "mean": [
                0.0874728580506632,
                -0.780823749964378,
                0.942140056178097,
                0.759161066605579,
                -0.196838127345516,
                -1.39367824706701,
                1.85876319540226,
                -0.895107321920974,
                0.196331931208795
            ],
            "median": [
                0.0835320110492287,
                -0.788234642366494,
                0.940470200323957,
                0.757449622536355,
                -0.200773200844627,
                -1.39121098025531,
                1.86507369160658,
                -0.907888164694892,
                0.194443221673203
            ],