{
    "uid": "9248b2e5-b613-42a7-bdec-a1d87de7a738",
    "scenario_uid": "b56e398eaedbdad34cec9e8a634c0fba",
    "iteration_uid": "60ea61607242e327f400ce69ff0e0dcf",
    "PD_subj": [
        {
            "mean": [
                1.83269777391766,
                -0.347771633568705,
                1.45113799255677,
                1.93992177754693,
                -1.39840595822329,
                0.30879963335917,
                -0.576358799401135,
                0.186376628559959,
                -0.242507674010967
            ],
            "median": [
                1.82783195713684,
                -0.349963414787483,
                1.45573264938494,
                1.94484638718083,
                -1.40802204773474,
                0.315314031559171,
                -0.574340818394968,
                0.189985352499821,
                -0.24182931211068
            ],
            "SE": [
                0.290153671302329,
                0.318188795670812,
                0.292940849662624,
                0.312727403054675,
                0.390538455388104,
                0.299071965633103,
                0.287073421255316,
                0.3784695198009,
                0.299731954220654
            ]
        },
        {
            "mean": [
                1.11662086706657,
                -3.90057270790643,
                4.0604183877213,
                0.262353096078473,
                0.764345246693174,
                1.18705587745372,
                1.30805520624612,
                -0.0195833780717119,
                -2.78186871482723
            ],
            "median": [
                1.11359316113576,
                -3.89429179736291,
                4.05449253340234,
                0.275577375272161,
                0.761095398591986,
                1.19212441344824,
                1.31612914761251,
                -0.0267755142209522,
                -2.77831210092134
            ],
            "SE": [
                0.301819498013796,
                0.33293571338522,
                0.302744325090039,
                0.313901257141622,
                0.383509788015645,
                0.303689526667064,
                0.282245455892685,
                0.389495283173861,
                0.291820438418355
            ]
        },
        {
            "mean": [
                0.0780703728048548,
                -2.15630770457004,
                1.45918638448516,
                1.74979420630974,
                0.00572460607172128,
                -0.849692765178509,
                1.44490951543246,
                -2.45025196973214,
                -0.949854821071751
            ],
            "median": [
                0.0786606386599212,
                -2.16179126764087,
                1.46643333787925,
                1.75336782038006,
                -0.0013651410298042,
                -0.83994121475105,
                1.45136182750742,
                -2.44138464233793,
                -0.946574167813792
            ],
            "SE": [
                0.304370728224392,
                0.328020321711836,
                0.304107657488997,
                0.302726641606835,
                0.399259325229731,
                0.298063889426851,
                0.280375503851259,
                0.385377749465657,
                0.292121846136838
            ]
        },
        {
            "mean": [
                -1.25507591961933,
                -1.80958278788837,
                0.73297849332598,
                2.35125393076791,
                0.664183626626631,
                2.92111237810614,
                0.263191329106499,
                -1.00169890241576,
                -2.04529788053375
            ],
            "median": [
                -1.24914010839092,
                -1.812764100255,
                0.735748675055157,
                2.35108730829275,
                0.666576642370493,
                2.91697494696985,
                0.269334237566818,
                -0.999845555454264,
                -2.03368651955452
            ],
            "SE": [
                0.305039525947045,
                0.322089968208419,
                0.290752573738145,
                0.312407901812948,
                0.39957318103808,
                0.30565192898923,
                0.2847448164977,
                0.388339719436154,
                0.301433232295934
            ]
        },
        {
            "mean": [
                0.824443267500856,
                -0.352633152555083,
                1.96992870729056,
                -1.67373983465743,
                -1.11272739731933,
                -1.27161127763069,
                1.22548772840347,
                -2.70668901749671,
                -1.4832055264323
            ],
            "median": [
                0.81892652265384,
                -0.356990261444792,
                1.97482898210409,
                -1.67153694454478,
                -1.11986952953565,
                -1.27016851250375,
                1.21715670874622,
                -2.70690630826921,
                -1.48671601109913
            ],
            "SE": [
                0.303321757047408,
                0.324276916392002,
                0.295784095370636,
                0.305079088974775,
                0.390486497473381,
                0.3051226892973,
                0.285025462517189,
                0.377423274730453,
                0.305109650231423
            ]
        },
        {
            "mean": [
                -1.5160632316425,
                -1.92716203559811,
                -0.245294191250018,
                -3.59463615465305,
                -0.938144585340733,
                -0.308445167961085,
                1.95181775909285,
                -3.23941038438801,
                1.3483696326729
            ],
            "median": [
                -1.51958936056339,
                -1.92679510763339,
                -0.24569767847571,
                -3.59019864253948,
                -0.941391242690546,
                -0.309942066671848,
                1.94764396223138,
                -3.24260179232925,
                1.34723032274152
            ],
            "SE": [
                0.297330466522316,
                0.33735173182531,
                0.29689257264345,
                0.312316600190226,
                0.397927219815714,
                0.303348821298564,
                0.282192197466804,
                0.402037492684256,
                0.296362731315735
            ]
        },
        {
            "mean": [
                -0.671621269953809,
                -3.66951480124114,
                2.21749788745874,
                -0.0407914475625972,
                -1.47948073258603,
                -0.373834535948328,
                0.643028820226613,
                -2.22826177115616,
                -2.66046090542015
            ],
            "median": [
                -0.672680533916571,
                -3.6631088088655,
                2.22193165418786,
                -0.0474478251239722,
                -1.47574927855987,
                -0.379965556241789,
                0.651799382020707,
                -2.23534918067133,
                -2.65869337656555
            ],