{
    "uid": "d983d60a-c800-46a4-892f-f36bf21b486f",
    "scenario_uid": "b56e398eaedbdad34cec9e8a634c0fba",
    "iteration_uid": "625451ab94281168957ae38f28e7d254",
    "PD_subj": [
        {
            "mean": [
                0.380861821537354,
                0.0529461094032107,
                1.31140451589437,
                2.50153826975025,
                -2.28323259993169,
                -1.25610031694917,
                1.38429113510157,
                -4.01416799179849,
                1.47019568803466
            ],
            "median": [
                0.384671269460255,
                0.0426705802113359,
                1.31054320439671,
                2.49844731489603,
                -2.29404507891762,
                -1.26544240586868,
                1.38617930448541,
                -4.0112387498531,
                1.47226153703891
            ],
            "SE": [
                0.269594401168877,
                0.475153349678923,
                0.288986885395453,
                0.295815240926988,
                0.629186681387521,
                0.305423365684753,
                0.281073335010977,
                0.326141249116295,
                0.281716386377811
            ]
        },
        {
            "mean": [
                -0.0113712337844746,
                -1.13398682671087,
                -0.924323524112147,
                2.26085120942879,
                -0.879174179473692,
                -0.486552412890215,
                1.95368374819006,
                -1.64548668634054,
                -0.824955600337722
            ],
            "median": [
                -0.0122905033316935,
                -1.1335698649582,
                -0.9390046849354,
                2.26360546153961,
                -0.866713915439522,
                -0.490322615771096,
                1.95181646668625,
                -1.71515028208251,
                -0.814671574440437
            ],
            "SE": [
                0.273852023849182,
                0.542761799059779,
                0.329253531319117,
                0.299435694821913,
                0.659961969486165,
                0.309796873068398,
                0.284852147240646,
                0.482844679677892,
                0.317741299376617
            ]
        },
        {
            "mean": [
                0.071784917049182,
                -0.873887623556016,
                2.29329849390548,
                -1.2505932741965,
                -0.732062639215319,
                -1.3346189662882,
                0.640422703949716,
                -2.91561287795668,
                -0.291481305012776
            ],
            "median": [
                0.0721639077967384,
                -0.868954034382155,
                2.30136113433014,
                -1.25242639283093,
                -0.716510719135758,
                -1.33283938954574,
                0.634315593981637,
                -2.91903067598197,
                -0.284545251160168
            ],
            "SE": [
                0.270149106923702,
                0.48210326695885,
                0.294461690151204,
                0.292024336124988,
                0.593770389952913,
                0.294419431858584,
                0.278442444794931,
                0.33320383655154,
                0.28335992659617
            ]
        },
        {
            "mean": [
                0.233786654956517,
                -3.43866470257867,
                0.412844354319183,
                2.45033799338483,
                -0.92513398371237,
                2.94243740507165,
                -1.08531824368541,
                0.975785444613145,
                -1.73582931807909
            ],
            "median": [
                0.291716740227852,
                -3.45518064155468,
                0.412578212788884,
                2.81148000067228,
                -0.911545128951663,
                2.93909751932415,
                -1.59382896654124,
                0.986195905696397,
                -1.73559045558294
            ],
            "SE": [
                0.418022873096429,
                0.490232954017367,
                0.305284754815858,
                0.928914504856999,
                0.626923238008522,
                0.30781554373834,
                1.15650781199728,
                0.325532684982025,
                0.297489795679204
            ]
        },
        {
            "mean": [
                -0.199977228912557,
                -0.564416710230614,
                1.28831925003784,
                0.517671897190784,
                -1.27163256832226,
                -0.598052325210599,
                1.51758320260317,
                -3.12754592775581,
                -1.10778775077375
            ],
            "median": [
                -0.200684257903801,
                -0.577884475945422,
                1.29479265303236,
                0.524293390838693,
                -1.26243638783837,
                -0.591482082259207,
                1.51862550856971,
                -3.12291290336929,
                -1.11251685881058
            ],
            "SE": [
                0.267208425725688,
                0.491652707182818,
                0.28484957751978,
                0.297579032792074,
                0.612533308166201,
                0.295037482000419,
                0.292757736506989,
                0.340161507551503,
                0.294513392333498
            ]
        },
        {
            "mean": [
                -1.44092844817694,
                -0.724524006163089,
                0.628770668526531,
                2.76919139905903,
                -0.971108588190618,
                0.569608045260884,
                -0.449535690601557,
                0.926031270174965,
                -1.73978498448359
            ],
            "median": [
                -1.43662319736541,
                -0.739459401855162,
                0.630929948360431,
                2.77294276411671,
                -0.957075546045367,
                0.57335398379365,
                -0.449482078528357,
                0.923398542751846,
                -1.73153272953126
            ],
            "SE": [
                0.269399885489795,
                0.490889042761695,
                0.290700846101264,
                0.293434522174517,
                0.614225112483894,
                0.297444146362907,
                0.28547403754329,
                0.325254843478137,
                0.288716189006
            ]
        },
        {
            "mean": [
                0.746838157098186,
                -0.171881691321354,
                0.740080703772848,
                0.294262998306996,
                -2.63458134661003,
                0.313243257097245,
                0.80855119148111,
                1.55307751378412,
                0.79218265092269
            ],
            "median": [
                0.752330947463375,
                -0.167696980271094,
                0.74467004172709,
                0.294356868985905,
                -2.63958566029249,
                0.304603636516947,
                0.821149497054874,
                1.5597252836992,
                0.783454441018507
            ],