{
    "uid": "ad8e772a-0dcb-46d5-8dc5-f9a04f5638c4",
    "scenario_uid": "b56e398eaedbdad34cec9e8a634c0fba",
    "iteration_uid": "62ac3627a3138bd37313694a03a77d5f",
    "PD_subj": [
        {
            "mean": [
                -0.800494520975038,
                0.0451388194258511,
                -0.398177577937615,
                0.809515449319664,
                0.319563700750988,
                -0.303540078911397,
                0.129018701164607,
                -1.6249639246362,
                -2.26465484764098
            ],
            "median": [
                -0.796155700097322,
                0.0874707031295223,
                -0.4486329719694,
                0.810965611588341,
                0.385792813321728,
                -0.382423976733489,
                0.121485435695603,
                -1.58309710448827,
                -2.3524662187021
            ],
            "SE": [
                0.298601166243792,
                0.423237492143154,
                0.39015598314863,
                0.278313301954109,
                0.466836613119017,
                0.443563789825909,
                0.259002484311962,
                0.671066676260832,
                0.455399116785552
            ]
        },
        {
            "mean": [
                0.972936344572538,
                -1.67509262485875,
                2.10317347964241,
                1.28934553293015,
                -0.94135596497708,
                2.15150099597423,
                0.0826224141041989,
                -1.74535813363126,
                0.616535291688538
            ],
            "median": [
                0.973618641885719,
                -1.67395806372147,
                2.10147611835758,
                1.28822941682479,
                -0.93935888701855,
                2.15449606700061,
                0.0774692298793143,
                -1.72218385033576,
                0.616943451414349
            ],
            "SE": [
                0.29265494025222,
                0.326778729300997,
                0.290872037641052,
                0.281909704592392,
                0.355368501189714,
                0.28901058432684,
                0.258681656754503,
                0.592114468341765,
                0.297140037355681
            ]
        },
        {
            "mean": [
                -2.58889261894617,
                -3.87513360726503,
                0.855781559051302,
                -1.12273297947127,
                -2.24927981809166,
                -2.0987097113323,
                0.213839437841059,
                -1.32964657122465,
                -2.45623603099481
            ],
            "median": [
                -2.59222255813286,
                -3.88277233095741,
                0.854101072994055,
                -1.12572391022317,
                -2.24316246097694,
                -2.09835686327307,
                0.217149140405999,
                -1.34227500080578,
                -2.45691711145669
            ],
            "SE": [
                0.301680369829325,
                0.340705827839926,
                0.294017696157143,
                0.275058001497051,
                0.359609948369048,
                0.293912944202374,
                0.266739817350645,
                0.594100130902837,
                0.287316635630771
            ]
        },
        {
            "mean": [
                -1.0706492420927,
                0.374298563083534,
                0.869306811113577,
                0.484043791446585,
                -0.983315627655866,
                -0.542791087145699,
                0.284914680483472,
                -2.37151483843863,
                -0.38466793424952
            ],
            "median": [
                -1.06880608276544,
                0.368783340513925,
                0.872724827238724,
                0.481545500117353,
                -0.988246786118709,
                -0.546131863468397,
                0.293422482528872,
                -2.39029112405233,
                -0.38259970059975
            ],
            "SE": [
                0.299528401520814,
                0.329202492798659,
                0.296021594016224,
                0.273734530082487,
                0.363946582794046,
                0.295844755415824,
                0.266027482359249,
                0.625994075703878,
                0.308663318533523
            ]
        },
        {
            "mean": [
                -0.350258497608332,
                2.54220279824871,
                -0.51794025906759,
                1.37337546038681,
                0.812218477412268,
                0.964055129380896,
                1.27818172491727,
                -2.80630574095131,
                -3.04200162620412
            ],
            "median": [
                -0.350162494328744,
                2.5412081218788,
                -0.522433790550648,
                1.3673420921305,
                0.808798831629211,
                0.966071054429151,
                1.27907594039329,
                -2.813317278611,
                -3.04013113597963
            ],
            "SE": [
                0.312773004669462,
                0.327748668091382,
                0.286546323295748,
                0.277881434774614,
                0.342181175857391,
                0.297189297980855,
                0.264901740526491,
                0.590051888384774,
                0.299506169099777
            ]
        },
        {
            "mean": [
                -3.37612600802107,
                -0.477010606694373,
                0.359370719280948,
                1.05079553252777,
                -1.33944961547051,
                0.204976928639196,
                0.674878926962978,
                -1.6036499536699,
                -0.0819486633651774
            ],
            "median": [
                -3.38375530732093,
                -0.47552480640462,
                0.362529665420567,
                1.04608686734179,
                -1.34607652793254,
                0.191358652443244,
                0.679810390537865,
                -1.60415494564723,
                -0.0819314209163565
            ],
            "SE": [
                0.315754764153861,
                0.321225100802302,
                0.294979380255569,
                0.282507596400394,
                0.369182934091214,
                0.283644412725696,
                0.262102238395313,
                0.583250266832088,
                0.298203988410325
            ]
        },
        {
            "mean": [
                -1.47263604248434,
                -0.50672072123764,
                2.10469243595498,
                -0.892342138244223,
                -0.527184815143017,
                -1.53470042961135,
                -0.268520355436528,
                -3.16733873618586,
                1.66052573560022
            ],
            "median": [
                -1.46942188807771,
                -0.5081863902918,
                2.103611603022,
                -0.892389110597251,
                -0.533434585833578,
                -1.5271726616433,
                -0.270193840126083,
                -3.17778602733892,
                1.66397146308636
            ],