{
    "uid": "e1506c39-f17b-4129-993f-3bd92867f438",
    "scenario_uid": "b56e398eaedbdad34cec9e8a634c0fba",
    "iteration_uid": "63ad25ef7eb37daf284ed977172a2302",
    "PD_subj": [
        {
            "mean": [
                0.333808238808679,
                -0.765621090163633,
                0.343778636294089,
                1.66228603301227,
                -2.63935631996826,
                1.52868094643894,
                -0.55018943107734,
                -3.05985253029936,
                -0.694964463640822
            ],
            "median": [
                0.341042448862785,
                -0.761947041045402,
                0.338320258086351,
                1.73817261970892,
                -2.64301975031106,
                1.48247133011848,
                -0.525876129038505,
                -3.06267418980039,
                -0.708679519388469
            ],
            "SE": [
                0.335121748986828,
                0.328252975462797,
                0.337983184334598,
                0.488763646276412,
                0.316908425700153,
                0.504192760149597,
                0.452453290128853,
                0.320848439535122,
                0.437536076621943
            ]
        },
        {
            "mean": [
                2.17746953597838,
                1.20363245630544,
                2.15926672974857,
                2.45746108267321,
                -0.478641442220443,
                2.44982441664167,
                0.23049607245623,
                -2.04977392384367,
                0.220996505037506
            ],
            "median": [
                2.17698535742156,
                1.19667708928398,
                2.15041101935659,
                2.46331142219487,
                -0.473650571258405,
                2.44417860706963,
                0.237875522772121,
                -2.0389224020867,
                0.214473561885393
            ],
            "SE": [
                0.323203186791043,
                0.308828737242119,
                0.31449198865761,
                0.297008074059165,
                0.312985949698944,
                0.31319995421394,
                0.304460544992911,
                0.323629695744078,
                0.329976440974423
            ]
        },
        {
            "mean": [
                -4.0682269002846,
                -1.78472100075181,
                2.42387574098914,
                1.59666696709911,
                -3.87039143654226,
                -2.41494795285656,
                -0.442509305904242,
                -1.63362372570306,
                -1.16570706295623
            ],
            "median": [
                -4.06070071174173,
                -1.78261954343229,
                2.42492497631047,
                1.59680220857605,
                -3.86816341762324,
                -2.41887215302488,
                -0.441570094860749,
                -1.6256837442983,
                -1.17939587949983
            ],
            "SE": [
                0.298145947907815,
                0.324537790991276,
                0.293222477521892,
                0.283162894385116,
                0.311389311659131,
                0.300148196430785,
                0.285754307878073,
                0.324795250649111,
                0.311227953604246
            ]
        },
        {
            "mean": [
                -0.343974440683797,
                -1.76574164045755,
                1.76655804298594,
                -1.09697464615013,
                -1.26141518143859,
                4.14399362972262,
                1.6958424227538,
                0.15369758367828,
                0.539236680799163
            ],
            "median": [
                -0.347047511587959,
                -1.76690409213544,
                1.75848694355231,
                -1.10227307620868,
                -1.26097331879727,
                4.14938256728392,
                1.69952201330914,
                0.15235273397689,
                0.543306763200271
            ],
            "SE": [
                0.293409251009561,
                0.3132366710812,
                0.294646935191477,
                0.299432741546998,
                0.323815343673461,
                0.299214697138038,
                0.28463839063887,
                0.319728936505153,
                0.302750437451132
            ]
        },
        {
            "mean": [
                1.86312544977403,
                -1.82870669243819,
                3.36645260988505,
                1.56211477019835,
                -0.235268017671532,
                -0.142371901938168,
                2.2584026860031,
                -1.78205700971265,
                3.13431471996442
            ],
            "median": [
                1.86795426178618,
                -1.84460214741038,
                3.37138998563495,
                1.5671047072556,
                -0.236037582230907,
                -0.143755946360126,
                2.25059203571853,
                -1.77850891275444,
                3.13582761921117
            ],
            "SE": [
                0.299354386533502,
                0.317727524112979,
                0.298798673558423,
                0.290934682940527,
                0.323934627736587,
                0.302528862554537,
                0.295097185037154,
                0.31823840846781,
                0.305925060111904
            ]
        },
        {
            "mean": [
                -1.69523985221445,
                -1.33006800973566,
                -1.18159835768458,
                0.958718128590007,
                -3.54413817438518,
                0.93087383802674,
                1.01315087365327,
                0.95812354971306,
                1.26597660270708
            ],
            "median": [
                -1.78255198546514,
                -1.32899173609171,
                -1.24235327516223,
                0.955731787521639,
                -3.54413931418223,
                0.928537883785217,
                0.916030837053768,
                0.956141571297356,
                1.39136638230213
            ],
            "SE": [
                0.513219234472311,
                0.326424673311339,
                0.883275227153949,
                0.288982108843644,
                0.316352573005157,
                0.367993955072371,
                0.494510831187255,
                0.313405033610507,
                0.588684978459252
            ]
        },
        {
            "mean": [
                0.210656607113809,
                -1.62705996940862,
                1.83197230259514,
                0.143204580578757,
                -0.932586509574598,
                -2.68373447629916,
                -0.334571652590208,
                0.33217253544696,
                -2.68308599766243
            ],
            "median": [
                0.206948523791681,
                -1.63085447802296,
                1.83178201656868,
                0.144658190713798,
                -0.933248740113459,
                -2.68290120757134,
                -0.342943064812708,
                0.33053298582042,
                -2.69187955259958
            ],