{
    "uid": "bad3621e-9b30-48ee-8dc1-13c0913d6c9e",
    "scenario_uid": "b56e398eaedbdad34cec9e8a634c0fba",
    "iteration_uid": "656446af1de38a2bab32156b3599c965",
    "PD_subj": [
        {
            "mean": [
                -2.85966694236214,
                -0.817288050378199,
                1.84140329040926,
                1.42853044474185,
                -2.85697405473295,
                -1.77959834511672,
                -2.14851859437474,
                -3.76792769503746,
                0.299471836870811
            ],
            "median": [
                -2.8505453581182,
                -0.81470962791307,
                1.84878846370949,
                1.43859985238469,
                -2.85521346532665,
                -1.7831130412429,
                -2.13833564699791,
                -3.76577032752851,
                0.302044480232783
            ],
            "SE": [
                0.303086523307748,
                0.295849213837172,
                0.290178163791524,
                0.30631668256722,
                0.308145771405771,
                0.294592835461966,
                0.299615236843941,
                0.301331949137687,
                0.290693503841457
            ]
        },
        {
            "mean": [
                2.68567890481625,
                1.12517389827832,
                2.87862827070092,
                2.10951336071157,
                -1.34376395163557,
                2.0885823824357,
                0.328825493948853,
                -2.69922255196618,
                -2.84051226417921
            ],
            "median": [
                2.67714940397115,
                1.13133506303757,
                2.88374148403037,
                2.10838815484652,
                -1.34641964008324,
                2.09271222568435,
                0.332986568558497,
                -2.6897864757845,
                -2.840772558931
            ],
            "SE": [
                0.302645885029472,
                0.285615956017934,
                0.307389050741604,
                0.309178743893897,
                0.29831168084519,
                0.292054028161916,
                0.309638273525396,
                0.313430874577048,
                0.289138714324124
            ]
        },
        {
            "mean": [
                0.967474310821399,
                0.526016508878403,
                -0.449435368893023,
                1.75374717057183,
                -1.9681721474925,
                0.166568868160473,
                2.72397989882274,
                0.470734222486838,
                0.40176569814155
            ],
            "median": [
                0.964115442443012,
                0.535469026434364,
                -0.444554539791434,
                1.75171167548767,
                -1.96253584757705,
                0.167402512511964,
                2.73029273606236,
                0.465864281718892,
                0.408521655159937
            ],
            "SE": [
                0.307779098642801,
                0.287890567442845,
                0.305729817617552,
                0.319381608642064,
                0.305085333191967,
                0.300990685323013,
                0.314065707841458,
                0.298325984336565,
                0.286428918334988
            ]
        },
        {
            "mean": [
                0.488539034852026,
                2.13457339756035,
                0.429521418657528,
                1.91178797146753,
                -3.21676876301325,
                -0.178979774734038,
                -1.9074664243194,
                -2.13464778523459,
                -0.89696226309078
            ],
            "median": [
                0.486702410444785,
                2.13614510608173,
                0.303453480441618,
                1.92755025860859,
                -3.21948803211996,
                0.0909787084007719,
                -1.92023452158022,
                -2.12926708405136,
                -0.803587731052433
            ],
            "SE": [
                0.304981994435328,
                0.289269660626518,
                0.609886760804644,
                0.343641293321392,
                0.299585324658459,
                1.0026079003756,
                0.32889420790034,
                0.309611190220141,
                0.485338909483572
            ]
        },
        {
            "mean": [
                -2.1353640929917,
                -1.43279336348152,
                1.83330319215346,
                -0.285240920356953,
                -1.97921705711491,
                -1.50978371001842,
                -0.435763678093014,
                -2.02773150799096,
                0.460847779054543
            ],
            "median": [
                -2.12874038321742,
                -1.42769668713736,
                1.83886809703243,
                -0.292110766334237,
                -1.97872356403861,
                -1.50389598015309,
                -0.425174142602324,
                -2.02586844773051,
                0.452820337696835
            ],
            "SE": [
                0.304986853089732,
                0.293343585519664,
                0.297068497762678,
                0.310607040974676,
                0.304795026073942,
                0.288406464740609,
                0.309270232035611,
                0.304898007791149,
                0.287120215355925
            ]
        },
        {
            "mean": [
                -0.362309448557234,
                -1.89942331322589,
                0.9270639851655,
                3.15680757036273,
                -1.07764463671851,
                0.374864500845082,
                1.44977072264234,
                -0.991523327341764,
                -0.498183699054395
            ],
            "median": [
                -0.350042070952656,
                -1.89673079493513,
                0.919298253496012,
                3.15772761915336,
                -1.0893493642611,
                0.377675324347022,
                1.4406202538864,
                -0.99050886156949,
                -0.494163783110526
            ],
            "SE": [
                0.30479250464954,
                0.295862871238095,
                0.306730875194234,
                0.305498134851925,
                0.292591899691894,
                0.291134651203463,
                0.313725643022105,
                0.300093659948637,
                0.294389650422852
            ]
        },
        {
            "mean": [
                -0.563242477007932,
                -1.34926974915641,
                1.95578023352517,
                -0.176639780944851,
                0.204579114113749,
                -0.309712321446691,
                0.009955129627111,
                -0.120044919496259,
                -0.438249009582761
            ],
            "median": [
                -0.384744051271817,
                -1.52799928213352,
                1.96175677446627,
                -0.229432740923565,
                0.248935163178162,
                -0.318993699009553,
                0.00229479627635276,
                -0.123924504557062,
                -0.437053661870132
            ],