{
    "uid": "a19699a0-3a8a-4742-afe6-42f619b9a668",
    "scenario_uid": "b56e398eaedbdad34cec9e8a634c0fba",
    "iteration_uid": "6644e65cc45bd130887b861ee20b3273",
    "PD_subj": [
        {
            "mean": [
                0.33064038894129,
                -2.30307144708336,
                -1.03300577089521,
                -0.695029897016226,
                -2.78700551807459,
                -2.12107960941358,
                1.26968677234946,
                -0.664000351398359,
                1.65932410618947
            ],
            "median": [
                0.438390700026215,
                -2.32926906015669,
                -1.70089072339083,
                -1.0833981732964,
                -2.77967293249402,
                -2.41601854281372,
                1.54655325969898,
                -1.5610795410228,
                1.68605812100455
            ],
            "SE": [
                0.506727162474343,
                0.376552924927922,
                1.25952563702275,
                0.923103920005642,
                0.318848012012226,
                0.842538234645256,
                0.733189443245546,
                1.5496537571999,
                0.456311846345947
            ]
        },
        {
            "mean": [
                1.35681534809712,
                -1.71006846649169,
                1.38596500147059,
                0.242962351422554,
                -0.785351339545576,
                0.260084750936482,
                0.396921176684243,
                -0.980479673715995,
                0.23904057595644
            ],
            "median": [
                1.35981387725023,
                -1.69939665433946,
                1.38922423786793,
                0.24599471570455,
                -0.793096438859199,
                0.260014480513213,
                0.627551333283102,
                -0.974308647852473,
                0.189410621552782
            ],
            "SE": [
                0.30748535660034,
                0.29424477376359,
                0.31219379930379,
                0.30900129994321,
                0.300272490996948,
                0.369844361853104,
                0.701727301935417,
                0.390746768525226,
                0.743307506965749
            ]
        },
        {
            "mean": [
                -1.82331199075167,
                -1.92654577902546,
                2.23881959585672,
                0.652918518652649,
                -4.61570825923872,
                -0.0183600616340668,
                0.143944719323596,
                -2.16663899884454,
                -1.17659659260631
            ],
            "median": [
                -1.8231720206094,
                -1.93067600801657,
                2.24124167904347,
                0.654470392810034,
                -4.61555679255038,
                -0.0134002833522557,
                0.147787541828776,
                -2.17086971489845,
                -1.18154926951318
            ],
            "SE": [
                0.299358993918235,
                0.297149027365419,
                0.299266192757275,
                0.277474194246698,
                0.303217182140233,
                0.342124035766992,
                0.29314220449411,
                0.401965816680409,
                0.391098276156739
            ]
        },
        {
            "mean": [
                1.35384760760417,
                -0.806841260413862,
                2.49628722327892,
                0.872336869444017,
                -2.1940445598727,
                0.185675578435743,
                -1.38141492276475,
                -1.60608057710221,
                0.137782894036836
            ],
            "median": [
                1.32788836451231,
                -0.801938975980345,
                2.48920730406346,
                0.874010451202218,
                -2.1975884918075,
                0.200899590633606,
                -1.4028653514456,
                -1.62414444920729,
                0.116722314643087
            ],
            "SE": [
                0.349274414265588,
                0.509146218722538,
                0.307546351929468,
                0.28619978345063,
                0.610392586834623,
                0.363938740385386,
                0.342087425357271,
                0.610248436879681,
                0.450947914059434
            ]
        },
        {
            "mean": [
                -0.954240762624113,
                0.497223507423042,
                1.09600611166616,
                0.428945619418244,
                -0.486503821407105,
                0.297181479182108,
                -1.02962377968531,
                -1.30549533128931,
                -1.20761747387211
            ],
            "median": [
                -0.95572943858544,
                0.905917269848845,
                1.0959442017892,
                0.427730386454838,
                -0.130406383535085,
                0.267278647285977,
                -1.03080109740926,
                -1.32919227852106,
                -1.19131102461803
            ],
            "SE": [
                0.291116708565384,
                1.00508707572905,
                0.318912541586876,
                0.283148102504793,
                1.30736145880346,
                0.539468320926248,
                0.288251347870387,
                0.637685217791027,
                0.538345762806302
            ]
        },
        {
            "mean": [
                -0.793321387964651,
                -0.985632534224241,
                0.263642039423455,
                -0.389635815954891,
                -1.56201187603172,
                -0.0790612233921326,
                0.528975178303365,
                -1.59628875985284,
                -0.792224525169949
            ],
            "median": [
                -0.787927569745907,
                -0.982432462994435,
                0.269368805393393,
                -0.386982863816133,
                -1.55916789883124,
                -0.0783705734771777,
                0.525336923594587,
                -1.59276559494122,
                -0.789163540846706
            ],
            "SE": [
                0.301114043625346,
                0.295056073912006,
                0.29840276583108,
                0.268597920447603,
                0.306341215586575,
                0.334533602365473,
                0.290132238794773,
                0.405831027267715,
                0.382874216463018
            ]
        },
        {
            "mean": [
                -1.1797856537004,
                -1.22969893426881,
                1.64081270501055,
                1.27721522153291,
                -2.37746118899251,
                2.96902981427602,
                1.45683593593175,
                -3.03190067166634,
                -0.24816044585002
            ],
            "median": [
                -1.18243182517484,
                -1.23382876246704,
                1.63086419436108,
                1.27482361032578,
                -2.38233251507559,
                2.96295527587726,
                1.44901719231885,
                -3.03830153739353,
                -0.241267990278918
            ],