{
    "uid": "8b8c8bfc-7f1f-4775-b4a1-07206a71ea65",
    "scenario_uid": "b56e398eaedbdad34cec9e8a634c0fba",
    "iteration_uid": "667ff17de0893e4ea5b87da0a3bc9ba7",
    "PD_subj": [
        {
            "mean": [
                -1.54045276259019,
                -2.41951048440941,
                0.756775937857153,
                -0.794665226884417,
                0.239323607411177,
                -1.20598511705978,
                3.93212646804799,
                -1.86586299441234,
                -0.714409146399624
            ],
            "median": [
                -1.54206406471952,
                -2.4205310108123,
                0.76055699137513,
                -0.789941965158003,
                0.240394051570043,
                -1.20859493075516,
                3.92055067703217,
                -1.85755877844594,
                -0.711090812095572
            ],
            "SE": [
                0.286318900829188,
                0.296921229181288,
                0.355068204253528,
                0.284420808562159,
                0.292404066235652,
                0.287197859978856,
                0.3031408769137,
                0.299239471621002,
                0.313383363787113
            ]
        },
        {
            "mean": [
                0.0357764325106169,
                -2.32241003956517,
                2.06269990121399,
                2.02544549896985,
                -1.79011400816449,
                -1.2018265209663,
                3.13405989408711,
                -2.00190342396183,
                0.0349080803091582
            ],
            "median": [
                0.0332590890231673,
                -2.31677319240206,
                2.06292476675264,
                2.02708291866081,
                -1.78978932075706,
                -1.20455042466451,
                3.14184176073305,
                -2.00133347983213,
                0.034191105592582
            ],
            "SE": [
                0.281245326499794,
                0.282397064459719,
                0.357557522084661,
                0.282079811835088,
                0.288284021876328,
                0.301104212093134,
                0.307382901698921,
                0.305495710494465,
                0.298774163584533
            ]
        },
        {
            "mean": [
                -2.43012132215897,
                1.22054479364346,
                1.03793649333473,
                1.01348643663465,
                -1.6322806625764,
                -0.731441307096687,
                1.10695540235915,
                -3.45766983528695,
                -1.4337752950582
            ],
            "median": [
                -2.42983435815445,
                1.22148179145115,
                1.03732500689599,
                1.01036166588564,
                -1.63218692547746,
                -0.730329122358772,
                1.10719378192045,
                -3.46073175913418,
                -1.43678862957473
            ],
            "SE": [
                0.288940267982637,
                0.291276598891173,
                0.362851495166273,
                0.279773345136534,
                0.293763537459637,
                0.303561555452129,
                0.288544557243948,
                0.304190792163336,
                0.3124009105015
            ]
        },
        {
            "mean": [
                -1.99509686235688,
                -1.12740798770623,
                -0.310413125830662,
                -0.186192032867187,
                -3.56008543199908,
                0.973539573780764,
                0.96285544175054,
                -0.464693619613937,
                0.610773952346165
            ],
            "median": [
                -1.99428036499029,
                -1.12554552480535,
                -0.303178071513838,
                -0.185193053680551,
                -3.55824597849987,
                0.973353777050162,
                0.956841470200485,
                -0.465845373002825,
                0.606224200544177
            ],
            "SE": [
                0.274454063243705,
                0.288748291072136,
                0.355941429837578,
                0.291482747367987,
                0.287531239929361,
                0.303854196549053,
                0.293292704659273,
                0.313408995190342,
                0.307725446122986
            ]
        },
        {
            "mean": [
                -1.42640098145779,
                -0.8147504986283,
                -0.908427668937357,
                1.81196407102823,
                -1.92364320231317,
                -0.70918941181997,
                0.541758675653347,
                -1.64164971749503,
                0.154732002913025
            ],
            "median": [
                -1.43247907709565,
                -0.818015847965798,
                -0.905890895171932,
                1.8102962609164,
                -1.92125173669193,
                -0.705929039212627,
                0.543195803691994,
                -1.64066941952537,
                0.147459150532428
            ],
            "SE": [
                0.283775904155836,
                0.290567556675312,
                0.355203191124488,
                0.276163799606907,
                0.29588496686237,
                0.303532569728175,
                0.301559042278254,
                0.303983250019505,
                0.317126176412019
            ]
        },
        {
            "mean": [
                -0.218094353917931,
                -1.45021218329932,
                0.905126286973906,
                1.39538498362135,
                -1.41987237067434,
                -0.157716733643452,
                1.36184034275638,
                -0.677619513704777,
                -0.443123492777008
            ],
            "median": [
                -0.215370269142438,
                -1.4475710896342,
                0.917589065718021,
                1.3983956546475,
                -1.41533316880137,
                -0.15340481428249,
                1.36189423398282,
                -0.682936969135645,
                -0.436130241983581
            ],
            "SE": [
                0.284963061167931,
                0.286055370537866,
                0.36033677184718,
                0.288062522217094,
                0.28861377598694,
                0.295323576819275,
                0.293575323362448,
                0.30765867676884,
                0.303357582359682
            ]
        },
        {
            "mean": [
                0.16336948585732,
                -0.914590111785973,
                -0.0189593422756552,
                0.276947655085848,
                -0.809366816766855,
                -0.0669312183585951,
                1.09131304919067,
                -0.15550447233727,
                0.6786533108687
            ],
            "median": [
                0.253701921011629,
                -0.980250163836636,
                0.141255293681139,
                0.238790648853901,
                -0.851376643701715,
                0.0659548841283592,
                1.05888063196512,
                -0.207033076716482,
                0.769582594519172
            ],