{
    "uid": "515ad78f-a953-4ffe-a818-ee1ea4bc05b7",
    "scenario_uid": "b56e398eaedbdad34cec9e8a634c0fba",
    "iteration_uid": "693abb22aaceb840766832eb21436079",
    "PD_subj": [
        {
            "mean": [
                -1.92614188454025,
                -3.04240447477211,
                -0.142467707013891,
                0.848210350525983,
                -1.4732236094161,
                -1.86873470251991,
                1.07915627725348,
                1.76117752990064,
                0.427096578759788
            ],
            "median": [
                -1.92858756877455,
                -3.04212245405004,
                -0.138161440548725,
                0.850191114312242,
                -1.46380149261231,
                -1.86998947318512,
                1.08603252963319,
                1.76437921952991,
                0.423319738490136
            ],
            "SE": [
                0.291220314360639,
                0.314967350101296,
                0.292129103063778,
                0.272685175055215,
                0.305262314584572,
                0.302628803658004,
                0.272151161410454,
                0.325428451896899,
                0.289405846554856
            ]
        },
        {
            "mean": [
                0.201534927199975,
                -1.15421676708229,
                1.54428042891616,
                0.109684236758108,
                -1.60948946982386,
                0.749205638923185,
                -1.18034583614855,
                -2.41098780922565,
                -1.49833337672484
            ],
            "median": [
                -0.123564217905665,
                -1.15069075184326,
                1.555306156498,
                0.630885836172636,
                -1.60863261586716,
                0.74406952792838,
                -1.38885588505227,
                -2.44920900785713,
                -1.51016647878898
            ],
            "SE": [
                1.28146412106235,
                0.308889704356635,
                0.316226957012958,
                1.10901430091247,
                0.309774328186995,
                0.316304815007753,
                0.793337416579481,
                0.408063458612223,
                0.350884406636333
            ]
        },
        {
            "mean": [
                -1.24822596165265,
                -0.600259075599804,
                -0.658472607611,
                0.748506325749046,
                -4.24436436683454,
                -0.411352026226958,
                -0.0312930929658356,
                -2.97382569812852,
                -0.262895172351277
            ],
            "median": [
                -1.26882852729351,
                -0.604896125947364,
                -0.659687190459255,
                0.764045467004399,
                -4.24408636699571,
                -0.430521312583179,
                -0.0238825481494233,
                -2.96954059455492,
                -0.273970980883682
            ],
            "SE": [
                0.30304658185594,
                0.327808145056956,
                0.309134862336326,
                0.328448295751226,
                0.308227295485885,
                0.35599588208481,
                0.280787184757344,
                0.33283451972253,
                0.294737788241619
            ]
        },
        {
            "mean": [
                -0.121947463149591,
                0.76424244232157,
                1.59597778856711,
                1.26755885916304,
                -2.60148496587855,
                -0.537486828242092,
                -0.546476722689364,
                -4.21933786268219,
                0.3741481242118
            ],
            "median": [
                -0.124851892995445,
                0.762490553185688,
                1.59454672904228,
                1.27801577123146,
                -2.59652258065722,
                -0.54053343169373,
                -0.546817192195685,
                -4.22301972781501,
                0.366183422757134
            ],
            "SE": [
                0.291507603589207,
                0.306838179833884,
                0.294195670278195,
                0.285540725987154,
                0.298572819901128,
                0.306400231936193,
                0.256019418977982,
                0.340634093361456,
                0.292662566274481
            ]
        },
        {
            "mean": [
                -1.51114169352688,
                -5.84765772057615,
                0.196110594999434,
                -0.43760186066204,
                1.80821873383964,
                3.96452460423841,
                -0.567836808239193,
                0.977353259571741,
                -0.842995571079029
            ],
            "median": [
                -1.51542579384477,
                -5.84050136408545,
                0.18724915030108,
                -0.434111857126613,
                1.81371137563949,
                3.97055854478989,
                -0.566437715520661,
                0.980366130283003,
                -0.832469602442316
            ],
            "SE": [
                0.291761106293039,
                0.304616752373943,
                0.29296094308254,
                0.28612178795922,
                0.301763227781526,
                0.300458804947941,
                0.2670980512229,
                0.3197966429892,
                0.294118789229217
            ]
        },
        {
            "mean": [
                1.28253490397122,
                -2.53910513409857,
                3.13349502104395,
                0.396541969651363,
                -3.10414289491573,
                -0.93822170771711,
                -0.011688929705423,
                -1.72491414215556,
                -0.0866963513266738
            ],
            "median": [
                1.2821542368327,
                -2.54345552341636,
                3.13740143176694,
                0.401107627772122,
                -3.10986202290049,
                -0.94494954034061,
                -0.00636580686497391,
                -1.73424005575972,
                -0.0784901266528614
            ],
            "SE": [
                0.291131182335255,
                0.317166804767798,
                0.298170672305024,
                0.286144897137978,
                0.300095469952382,
                0.3046261725035,
                0.264048861143277,
                0.328972500141406,
                0.288657667137875
            ]
        },
        {
            "mean": [
                -0.364890445658843,
                1.06896611739611,
                -0.419827028050968,
                0.874516293922037,
                -2.28518833102121,
                2.84552105066054,
                -0.19519182951161,
                -2.03946956320666,
                -0.629774269368754
            ],
            "median": [
                -0.360522962103853,
                1.07154874300116,
                -0.422769286665255,
                0.874654473110011,
                -2.2887785061606,
                2.85638731096651,
                -0.189375453741808,
                -2.04268034368332,
                -0.629064895884409
            ],