{
    "uid": "18faf365-1b07-4a2f-b53e-c6e15d55c7a3",
    "scenario_uid": "b56e398eaedbdad34cec9e8a634c0fba",
    "iteration_uid": "696da6f57246d814e12de41fd9041d94",
    "PD_subj": [
        {
            "mean": [
                -0.200139081640551,
                -0.782397312149795,
                1.73350982663948,
                1.29098402343196,
                -2.48292778994491,
                1.35828939953745,
                -0.493108558597825,
                -2.78672135280792,
                -1.22456637612429
            ],
            "median": [
                -0.197355466635312,
                -0.784369056403417,
                1.72324612320214,
                1.29637696614622,
                -2.48491430459102,
                1.36063383667055,
                -0.49031593664921,
                -2.79166963566951,
                -1.22319322217054
            ],
            "SE": [
                0.285278248138269,
                0.301265082987998,
                0.288611431927447,
                0.301266363318692,
                0.308307511346202,
                0.302230122641615,
                0.295038037450561,
                0.306782105692959,
                0.292883014764271
            ]
        },
        {
            "mean": [
                -0.327302134049486,
                -3.74575786689974,
                1.92953305289718,
                2.41929067065181,
                -1.05022550825368,
                -0.395661788398818,
                0.249290397149856,
                0.297982880520874,
                -0.00365303361748416
            ],
            "median": [
                -0.325912403770126,
                -3.74416052325091,
                1.93015869851715,
                2.42054646433844,
                -1.04768873949622,
                -0.39034968227879,
                0.242204667844242,
                0.300235843082756,
                -0.00521520196850169
            ],
            "SE": [
                0.284448343931469,
                0.310032522884672,
                0.287332477546294,
                0.296990791707043,
                0.290767954377881,
                0.300219571536699,
                0.296585353783336,
                0.313144280877454,
                0.298400936968401
            ]
        },
        {
            "mean": [
                1.18687165881721,
                -2.15266621316339,
                1.94285956312038,
                2.56425119489947,
                -1.65078843114143,
                -0.115868526128201,
                1.90815907022065,
                2.29292055335676,
                0.425744548984048
            ],
            "median": [
                1.19308788548136,
                -2.15470312009761,
                1.94869292702642,
                2.56716996674253,
                -1.65358967322956,
                -0.113587792192659,
                1.90300302950615,
                2.29383259799263,
                0.424585451658344
            ],
            "SE": [
                0.285068843730346,
                0.303054256236242,
                0.274704026167212,
                0.297976983614604,
                0.305534505176335,
                0.305203588393379,
                0.296688160414855,
                0.31623941654773,
                0.283592889738368
            ]
        },
        {
            "mean": [
                -1.79082360913697,
                -1.54265989994782,
                1.15720675886903,
                -1.24254279270886,
                -4.38195189246985,
                -1.64973817309018,
                1.14838269745147,
                -0.157650373121723,
                0.759104211107314
            ],
            "median": [
                -1.79458343586369,
                -1.53689671198506,
                1.15174849931789,
                -1.2371048169271,
                -4.38431334619177,
                -1.6502179366913,
                1.15747627598503,
                -0.163932088392072,
                0.759750968197669
            ],
            "SE": [
                0.285686371521502,
                0.298632872303253,
                0.289917472676236,
                0.302876808034388,
                0.303207263128987,
                0.303656194914989,
                0.308664539287258,
                0.304230355345997,
                0.292361453823404
            ]
        },
        {
            "mean": [
                -1.54361555588787,
                -1.62926322820545,
                0.314587586816367,
                -0.956302628811456,
                -3.49537007986723,
                0.47189813449659,
                0.978737747250635,
                1.69661302106667,
                1.31489693951985
            ],
            "median": [
                -1.54481264667668,
                -1.62729791505206,
                0.313661222241149,
                -0.957420119398084,
                -3.50537152314001,
                0.471615302925887,
                0.971204815416866,
                1.69721355027595,
                1.31386725587831
            ],
            "SE": [
                0.294636935518615,
                0.296490741131169,
                0.300453193607334,
                0.304069539417402,
                0.299811688638003,
                0.309572049116834,
                0.300459537897613,
                0.315882527667326,
                0.288012006107834
            ]
        },
        {
            "mean": [
                0.197457663366595,
                -1.60663786263009,
                0.71766342875521,
                4.68634630505269,
                -3.72535373895247,
                0.393613795422082,
                0.158738932648011,
                -0.448362884191362,
                -0.595579255785445
            ],
            "median": [
                0.195819422251482,
                -1.61173532528875,
                0.714916413257381,
                4.68880173486527,
                -3.72804092485186,
                0.402803643194357,
                0.162012043119652,
                -0.449156050847732,
                -0.595642543767228
            ],
            "SE": [
                0.281515207743245,
                0.291661639693747,
                0.287142018940094,
                0.304251132536141,
                0.305044669722569,
                0.307200691869271,
                0.294977263303309,
                0.31580084495258,
                0.284961095115027
            ]
        },
        {
            "mean": [
                -2.15673310469761,
                -2.93217754084096,
                2.68025038641825,
                -0.832682786025562,
                -1.50087860532723,
                -3.71173341495854,
                -0.677499591932154,
                -3.34705215532082,
                1.39532897160509
            ],
            "median": [
                -2.15376092969963,
                -2.92930910552088,
                2.68323026355423,
                -0.826826943087567,
                -1.50222219158797,
                -3.71520704613545,
                -0.67273420128578,
                -3.34088395749898,
                1.39175454078547
            ],