{
    "uid": "652dc46d-2e58-4b91-9984-c5556cb6440d",
    "scenario_uid": "b56e398eaedbdad34cec9e8a634c0fba",
    "iteration_uid": "69a13a78cb79b29babd560bba907c145",
    "PD_subj": [
        {
            "mean": [
                -1.04530312037001,
                -0.947087101957716,
                1.07593851496201,
                0.495256182365553,
                -0.983500681650893,
                0.375431630522229,
                1.11038061802324,
                -2.31115558141886,
                -1.88519211705693
            ],
            "median": [
                -1.05523864947028,
                -0.950580384490667,
                1.07168662310416,
                0.492966181986845,
                -0.97178162979773,
                0.373537625083255,
                1.10490506909682,
                -2.3074866304005,
                -1.88850321591194
            ],
            "SE": [
                0.302460367910445,
                0.343580949328219,
                0.278111895548027,
                0.308690495514355,
                0.285848198083855,
                0.280691942817064,
                0.292349186184994,
                0.291703135918809,
                0.286598159951243
            ]
        },
        {
            "mean": [
                0.504942843055311,
                -1.06448649436197,
                1.10954936973315,
                -3.12068772918055,
                -1.99954102138558,
                -1.56864432535428,
                -0.89719265158652,
                -1.95557910388639,
                0.432009310058485
            ],
            "median": [
                0.495601317033142,
                -1.07046159007042,
                1.10668069163751,
                -3.1255162428026,
                -2.00202551999915,
                -1.56435084825734,
                -0.901126277620784,
                -1.96133453174866,
                0.431325308523854
            ],
            "SE": [
                0.30705794352358,
                0.339347601342305,
                0.276824517077628,
                0.297423056444955,
                0.287063986259358,
                0.286478186234627,
                0.292313354117392,
                0.309035815169695,
                0.28500789205043
            ]
        },
        {
            "mean": [
                -3.56230543479458,
                -1.52284036724626,
                1.29576198385913,
                -0.422095510609717,
                -3.17090236293202,
                -3.30776947422165,
                1.03847765917217,
                -4.24424518050828,
                -1.0351028059463
            ],
            "median": [
                -3.56043233425141,
                -1.51860017596577,
                1.29802141735815,
                -0.429944584761324,
                -3.17350198463845,
                -3.3117328093129,
                1.03929317329124,
                -4.24952040370282,
                -1.0360998389778
            ],
            "SE": [
                0.306219242427493,
                0.338832017247446,
                0.27344546533473,
                0.304351544823435,
                0.291006676516949,
                0.286478104024918,
                0.294924624113689,
                0.298438458667062,
                0.298402391676085
            ]
        },
        {
            "mean": [
                0.876907056768888,
                -3.23524637137942,
                1.59649397743765,
                -0.0678941038524808,
                -1.98621314014763,
                -1.65484706640452,
                0.524842389428932,
                -0.254626956123286,
                1.74606753136707
            ],
            "median": [
                0.885007081167073,
                -3.22767363204894,
                1.60344316575529,
                -0.0726568368873915,
                -1.97984019859344,
                -1.65814323790111,
                0.525706150406103,
                -0.249575013188275,
                1.74542209913228
            ],
            "SE": [
                0.296806478311583,
                0.345513081500442,
                0.274940630247354,
                0.296714215805256,
                0.285912918491072,
                0.29293076399889,
                0.295074291638694,
                0.296177282317325,
                0.280042272156733
            ]
        },
        {
            "mean": [
                2.00644296455407,
                -1.51157630979091,
                1.35935144786426,
                1.84968845377669,
                -3.91088765325728,
                -1.18831248062582,
                0.734613018112712,
                -1.85512203833802,
                -0.390718882173504
            ],
            "median": [
                1.99929275065339,
                -1.5115240925904,
                1.36081129070652,
                1.85268006637948,
                -3.92233511387854,
                -1.19528006185121,
                0.737626579512185,
                -1.85124299105495,
                -0.385812460772442
            ],
            "SE": [
                0.30171787367813,
                0.347791662927826,
                0.28791057200932,
                0.300873141698503,
                0.293074606736375,
                0.284705111563918,
                0.292971229457687,
                0.29315638505585,
                0.288655651297143
            ]
        },
        {
            "mean": [
                -1.73549543354128,
                -0.112494125676982,
                -0.0425197904524588,
                0.16219759588886,
                -2.76055890737812,
                -0.108384345584983,
                1.908016624822,
                -0.720781989789559,
                1.17901757033728
            ],
            "median": [
                -1.7359908693381,
                -0.10471591063858,
                -0.0444324047197187,
                0.159260570052606,
                -2.76292840382861,
                -0.10559124816545,
                1.9001419648483,
                -0.725555352411604,
                1.18129155234074
            ],
            "SE": [
                0.296914573937422,
                0.350026153838267,
                0.271814828726537,
                0.304332390186417,
                0.285357212496343,
                0.286248759592936,
                0.296622920089813,
                0.308379138253925,
                0.288283526846198
            ]
        },
        {
            "mean": [
                0.225940837660423,
                -1.13515460319739,
                1.67137397874463,
                2.8198253495095,
                -1.40274754783452,
                0.565954850089216,
                0.652777352513571,
                -2.80096655769934,
                -1.34910527682345
            ],
            "median": [
                0.228586672569045,
                -1.13600076344803,
                1.66842821862627,
                2.81430299667799,
                -1.39612829655995,
                0.557860891185256,
                0.655571900413889,
                -2.81170561729297,
                -1.34748461201444
            ],