{
    "uid": "c2121b36-0526-4147-8433-dede0620d696",
    "scenario_uid": "b56e398eaedbdad34cec9e8a634c0fba",
    "iteration_uid": "6a5bec91ef866dc0617040d028aeca97",
    "PD_subj": [
        {
            "mean": [
                1.00945795579781,
                1.89494371899285,
                0.79937509072941,
                4.91075622480752,
                -4.20936547775533,
                -1.21309676769351,
                1.76328380363302,
                -1.16959500537877,
                0.0231899804701647
            ],
            "median": [
                1.01702128446243,
                1.89403706296507,
                0.798367017473365,
                4.91700053402655,
                -4.1975633722129,
                -1.21397171970138,
                1.75664495093676,
                -1.16811481284727,
                0.0248888376286429
            ],
            "SE": [
                0.295201564426517,
                0.394534687444374,
                0.289898262076052,
                0.307018443374975,
                0.328937718642123,
                0.286603294164077,
                0.284610910070962,
                0.299579688958762,
                0.294596198281795
            ]
        },
        {
            "mean": [
                0.474705075368384,
                0.282851515313218,
                2.02619584595464,
                2.970616336162,
                -0.912936777693091,
                0.256654883916482,
                0.155896140575976,
                -1.66704989221983,
                1.11357252920555
            ],
            "median": [
                0.477606548942997,
                0.281632448551011,
                2.02957872109019,
                2.97580696277255,
                -0.905516941241971,
                0.261294501103359,
                0.148318595118255,
                -1.65873677822936,
                1.11010014902273
            ],
            "SE": [
                0.292374898018172,
                0.392231359119556,
                0.281563030109176,
                0.310929488222153,
                0.32605011060947,
                0.284620423876405,
                0.296805076383871,
                0.292492291913241,
                0.30805236699182
            ]
        },
        {
            "mean": [
                0.460898104560306,
                -1.45711573491892,
                0.718338470778553,
                0.276245979701428,
                -1.71175166267617,
                -0.0854846942899309,
                0.36621392320288,
                -1.23314047590148,
                -0.0797444449207231
            ],
            "median": [
                0.409749193766343,
                -1.44927093625699,
                0.75118064026587,
                0.349823524136387,
                -1.70247326307716,
                -0.182062351987602,
                0.508916962497245,
                -1.23905306822539,
                -0.213518269081882
            ],
            "SE": [
                0.399869634133912,
                0.392680840089367,
                0.403682446570756,
                0.481566301656945,
                0.327690911872383,
                0.476953208675531,
                0.533434353429952,
                0.303360369963088,
                0.553590266737945
            ]
        },
        {
            "mean": [
                -1.20753711330694,
                -0.205611492244231,
                0.424152039899311,
                0.322518698769764,
                -2.85574929020777,
                0.416682672510973,
                1.89242848442668,
                -0.283434112371473,
                -0.224922563546482
            ],
            "median": [
                -1.20944562589659,
                -0.200604227881386,
                0.42011650954611,
                0.330073137175775,
                -2.84865308311885,
                0.406528363275185,
                1.90026832620841,
                -0.290371718386032,
                -0.236164964121961
            ],
            "SE": [
                0.29431341802036,
                0.387047396298114,
                0.292296423109458,
                0.3063928372912,
                0.327499695773384,
                0.27877839820369,
                0.29117735005232,
                0.294919774910012,
                0.302654455489389
            ]
        },
        {
            "mean": [
                0.290704248855992,
                -0.254287459981431,
                2.59369439642228,
                0.863494492877336,
                -1.60985482219177,
                -1.05959354987698,
                0.572492935277485,
                -2.19387069630838,
                -0.207998959109468
            ],
            "median": [
                0.207466360596529,
                -0.233622800204156,
                2.61679561144667,
                1.23476299061111,
                -1.6170856444858,
                -1.06335054627907,
                1.15569816258987,
                -2.20394844062912,
                -0.175823212604499
            ],
            "SE": [
                0.641533657594141,
                0.541756877234436,
                0.343732029506318,
                1.18177935797586,
                0.373596796877235,
                0.288920477904641,
                1.35997527704055,
                0.337723794128309,
                0.365021096708569
            ]
        },
        {
            "mean": [
                -0.628741325946425,
                -0.185726421920409,
                0.740426776788448,
                0.492241028697158,
                -2.08696937403145,
                -0.177441118835644,
                0.405054461939864,
                -1.05497707648397,
                0.595944391391034
            ],
            "median": [
                -0.630935916365318,
                -0.181841953790161,
                0.739797094794779,
                0.497036651300541,
                -2.08491795445854,
                -0.174838298062623,
                0.414587280054433,
                -1.05497633408183,
                0.596792272670777
            ],
            "SE": [
                0.287110559234898,
                0.384899296477939,
                0.297265466778443,
                0.303506322412741,
                0.329089003088311,
                0.289210868998162,
                0.281078299653202,
                0.307491959992883,
                0.308297382759274
            ]
        },
        {
            "mean": [
                -0.722818323299799,
                -0.723714128867524,
                1.87588306752535,
                3.2904539492985,
                -0.0370641952216629,
                -0.534172924435283,
                0.549868769235852,
                0.487747555475716,
                1.37622375625122
            ],
            "median": [
                -0.721241046876022,
                -0.720397502004177,
                1.8748916264153,
                3.29261245034129,
                -0.0257510100086349,
                -0.53568247292079,
                0.554453591402104,
                0.49469234494439,
                1.36688124325668
            ],