{
    "uid": "6b5a4a53-0ade-4ad4-854b-379110dae511",
    "scenario_uid": "b56e398eaedbdad34cec9e8a634c0fba",
    "iteration_uid": "6b2acce65f61e1240bd1a59cdcc0fe5d",
    "PD_subj": [
        {
            "mean": [
                0.870904164494101,
                -1.13771593449414,
                -0.261855694454435,
                3.03423763206459,
                -3.781832356018,
                0.195985263157547,
                -0.869517316865278,
                -1.77595587111689,
                0.32395553485832
            ],
            "median": [
                0.870900238565001,
                -1.13602903722751,
                -0.262413121727877,
                3.03291122794453,
                -3.7641875618904,
                0.20032448705357,
                -0.877895049994998,
                -1.77108720629444,
                0.318111210442904
            ],
            "SE": [
                0.300554095214097,
                0.296898433992322,
                0.308161388815766,
                0.302191780982489,
                0.30488762449903,
                0.311354145838871,
                0.301696016933582,
                0.312158118541166,
                0.301321421086688
            ]
        },
        {
            "mean": [
                0.0107302310908089,
                0.432550188352445,
                3.2180605875437,
                2.31744073191896,
                -2.72336737735171,
                -1.72152789347165,
                1.13999690806007,
                -4.94878401720446,
                0.772325341817587
            ],
            "median": [
                0.0151646504742324,
                0.438941466184004,
                3.22385906686739,
                2.32750900610067,
                -2.72716482362414,
                -1.71728681403551,
                1.13388204514892,
                -4.94938461637833,
                0.773377310857077
            ],
            "SE": [
                0.297182900220807,
                0.291244659849511,
                0.306665075098721,
                0.301884640936952,
                0.312556328676356,
                0.308015480455466,
                0.300872431845477,
                0.308504394603691,
                0.295425887764991
            ]
        },
        {
            "mean": [
                -1.40028602501952,
                -0.865789075332645,
                3.70152263488291,
                0.904775495817613,
                0.39069192737682,
                -1.22186215749425,
                -0.538734483966507,
                -2.94557146582153,
                1.59614840292424
            ],
            "median": [
                -1.40215691286295,
                -0.870822590901138,
                3.70562443735537,
                0.900785037449867,
                0.391825516476603,
                -1.21891386315507,
                -0.534755068615017,
                -2.93963507182411,
                1.59506916681818
            ],
            "SE": [
                0.302915748384569,
                0.299437248461578,
                0.30627765835045,
                0.297601414058163,
                0.305125345209444,
                0.309126569278669,
                0.295498218836105,
                0.317100453396025,
                0.302282318079854
            ]
        },
        {
            "mean": [
                -1.08752728264552,
                -3.45598370106362,
                1.65370829338595,
                2.83935765676273,
                0.332591642188135,
                0.0026884205425369,
                -0.10808268422181,
                -2.69079192440092,
                0.485310651748763
            ],
            "median": [
                -1.09567854480893,
                -3.45433798574223,
                1.65630027826203,
                2.83266013537649,
                0.33197983803688,
                0.0018952963576427,
                -0.104671473963515,
                -2.69231297158852,
                0.486175444218455
            ],
            "SE": [
                0.305586821229542,
                0.309606839949482,
                0.304207302358887,
                0.300780039727846,
                0.311025932005498,
                0.309463877208994,
                0.307247249675477,
                0.301564130790699,
                0.29631092543278
            ]
        },
        {
            "mean": [
                -1.11102741443703,
                -1.67452613059209,
                1.54693385873043,
                2.20706250074857,
                -1.51965388515143,
                -3.85861599055736,
                -0.674611254071287,
                -0.0324378694992404,
                0.68474466512978
            ],
            "median": [
                -1.10867059446467,
                -1.68165182971968,
                1.55120466910335,
                2.20613552493636,
                -1.50630888164878,
                -3.84725888242573,
                -0.673157428384991,
                -0.0379495177384168,
                0.69032165390796
            ],
            "SE": [
                0.294428068758625,
                0.294625388347151,
                0.307923228617714,
                0.30649934411495,
                0.303176857619047,
                0.300589963051111,
                0.302700458893931,
                0.30579470708347,
                0.309223168550622
            ]
        },
        {
            "mean": [
                1.1461204493434,
                0.602294920365296,
                3.04847513407082,
                -0.285976221484078,
                -2.12425576730874,
                -2.40921977570008,
                -0.627089062492403,
                -2.86804552661426,
                1.75813438343893
            ],
            "median": [
                1.145863226979,
                0.604999993486893,
                3.04885053080198,
                -0.289050730362761,
                -2.12276718195212,
                -2.40537740232262,
                -0.622300209511474,
                -2.86757603101302,
                1.75525447456657
            ],
            "SE": [
                0.291754734602063,
                0.302701361457144,
                0.312778011244819,
                0.298077181732654,
                0.307961412399747,
                0.308552941893286,
                0.298945882415002,
                0.309501383458517,
                0.295763777936778
            ]
        },
        {
            "mean": [
                -3.54896098461172,
                0.230090601902089,
                -2.79689005450924,
                2.16361530176977,
                -1.67181120758224,
                -2.88680806329467,
                -0.537428328359756,
                -2.8942215369428,
                -2.22447375890503
            ],
            "median": [
                -3.55551301699605,
                0.236464502266372,
                -2.79069621929129,
                2.16195005409375,
                -1.66908027808137,
                -2.88295447171932,
                -0.540545876362503,
                -2.89987285542727,
                -2.21095468245116
            ],