{
    "uid": "0826839f-d625-4d88-bff9-9f5a32e237b8",
    "scenario_uid": "b56e398eaedbdad34cec9e8a634c0fba",
    "iteration_uid": "6b992be3a94a3249adeb9773dd232a5b",
    "PD_subj": [
        {
            "mean": [
                -1.95383268561876,
                0.899310494272243,
                -1.80702916020934,
                0.787498853408565,
                -4.36084740751608,
                -2.28152923701115,
                0.654160673261208,
                -0.477923184059262,
                -2.45019291499662
            ],
            "median": [
                -1.95141022752814,
                0.899950870456871,
                -1.80011126446364,
                0.78090198239123,
                -4.3572682156443,
                -2.27383250014078,
                0.652352661680267,
                -0.481782283501404,
                -2.45222480087029
            ],
            "SE": [
                0.29622367369407,
                0.29579501250911,
                0.300563379487692,
                0.283625788331515,
                0.297115873348474,
                0.285775457991594,
                0.298476893719342,
                0.287105740880751,
                0.288649476250195
            ]
        },
        {
            "mean": [
                -0.257875983956848,
                -3.58464452128603,
                -0.0929386304339942,
                3.53608098142844,
                -1.99134817775225,
                -0.341941434426707,
                0.658174395590952,
                -0.0195850257657572,
                0.1436431022846
            ],
            "median": [
                -0.255814234758348,
                -3.59438324880413,
                -0.102922033940755,
                3.53124087000361,
                -1.98072609197836,
                -0.341016620561476,
                0.668149308956726,
                -0.0191205989800421,
                0.151190609012439
            ],
            "SE": [
                0.292979945993839,
                0.298051595856923,
                0.302998881071473,
                0.282016859597133,
                0.308939079509676,
                0.297998507317936,
                0.29838767257466,
                0.28915890912345,
                0.294974807406481
            ]
        },
        {
            "mean": [
                0.719169101054048,
                0.116332558254601,
                -0.0080777472822782,
                2.41578686493343,
                2.57691451490432,
                -2.20479576901634,
                1.41705950324618,
                1.60558475105567,
                -0.756910020245148
            ],
            "median": [
                0.844641381019885,
                -0.023078434380835,
                -0.0103229050404085,
                2.40852518728748,
                2.59109258157652,
                -2.20044096964522,
                1.41434415852489,
                1.60798279879727,
                -0.749399007461068
            ],
            "SE": [
                0.543046076476475,
                0.571916330430573,
                0.295050173554653,
                0.309280416676003,
                0.331133292631974,
                0.300284108527681,
                0.3308033900726,
                0.326200463710468,
                0.29159036797139
            ]
        },
        {
            "mean": [
                -1.57621965200968,
                -1.71394403380315,
                2.4675013750638,
                2.91363531730554,
                0.196872639713694,
                -0.0612514061821149,
                -0.0727050403716208,
                0.641306807177524,
                0.508119981520777
            ],
            "median": [
                -1.57291821330763,
                -1.71682021602822,
                2.46366929117872,
                2.91527876664717,
                0.207435991022727,
                -0.0640919026687633,
                -0.0751677716833043,
                0.639935883121943,
                0.497009651134717
            ],
            "SE": [
                0.297847199374179,
                0.295729175034031,
                0.302859196479257,
                0.283356668485121,
                0.305372018844472,
                0.30214507201794,
                0.304373144709163,
                0.284031786635601,
                0.293030963372671
            ]
        },
        {
            "mean": [
                -2.97636920062349,
                -2.3696921557677,
                1.05398680630107,
                1.25286507903873,
                0.159180122567876,
                -1.97550099354942,
                -0.423119438549555,
                -0.526469392170314,
                0.0954380143913239
            ],
            "median": [
                -2.99849522669448,
                -2.34555935366,
                1.04939689059673,
                1.31280411424319,
                0.107751664239487,
                -1.97968199705363,
                -0.42209036573322,
                -0.517837409682114,
                0.0940639207398288
            ],
            "SE": [
                0.344053860924487,
                0.34533475712252,
                0.303532388729976,
                0.429122087347639,
                0.44177371797055,
                0.295734035120714,
                0.305362869451412,
                0.292285727649897,
                0.289900615933851
            ]
        },
        {
            "mean": [
                -1.14780857873493,
                -0.135718169469477,
                -1.02234564005133,
                2.20929219842688,
                -1.23831296300121,
                -1.69043957618816,
                0.432954144103534,
                -1.84162278604023,
                0.471332596681228
            ],
            "median": [
                -1.14418197125231,
                -0.145057827085491,
                -1.01591382195138,
                2.21111962447057,
                -1.24318759304682,
                -1.69335318040657,
                0.434486565743556,
                -1.8360456156187,
                0.470888279060238
            ],
            "SE": [
                0.300066405292819,
                0.299839238729163,
                0.303855513846837,
                0.295170505944426,
                0.295712796211427,
                0.300421567029773,
                0.297004578008192,
                0.29668478973145,
                0.291639911543158
            ]
        },
        {
            "mean": [
                -0.499131545702246,
                -1.13345534917626,
                1.51621808472327,
                1.74483310753583,
                1.06825374031145,
                1.28110235439497,
                1.22237822099275,
                -0.0737883441860836,
                -0.663653405843043
            ],
            "median": [
                -0.498398787622584,
                -1.14353639048071,
                1.52804755699116,
                1.73821488578792,
                1.069559621776,
                1.28139400105201,
                1.22876489440852,
                -0.0810242428339157,
                -0.666005823692023
            ],