{
    "uid": "deeaea1e-84e4-4a20-b913-cbb330cc705a",
    "scenario_uid": "b56e398eaedbdad34cec9e8a634c0fba",
    "iteration_uid": "6c577a309e6d43dea8d2e0c358efdcd8",
    "PD_subj": [
        {
            "mean": [
                -1.93982251582807,
                -3.46244121391391,
                1.95498503941275,
                -0.45014619635585,
                -0.496763644839708,
                0.231235521184814,
                1.53716482692334,
                -0.7694221342018,
                0.706407258637203
            ],
            "median": [
                -1.9342008994144,
                -3.46067363576409,
                1.96218879853699,
                -0.452011912675869,
                -0.482668008969635,
                0.23354341262651,
                1.52996182381417,
                -0.77287764394885,
                0.703746498614625
            ],
            "SE": [
                0.278128097747896,
                0.303694031726761,
                0.27809186737291,
                0.298768414475697,
                0.418162756544967,
                0.292036504924917,
                0.302304370407647,
                0.446355280066499,
                0.275707453644448
            ]
        },
        {
            "mean": [
                0.128554342256555,
                0.497137509062166,
                0.511474349181958,
                0.130150637100808,
                -0.268472797040858,
                -1.2915717693699,
                -0.137843322480253,
                0.0101200046530351,
                -0.0307682597737255
            ],
            "median": [
                0.0542218893302097,
                0.537430251455238,
                0.504896936917638,
                0.117627091646423,
                0.0738982192489152,
                -1.70630804477538,
                -0.149856165274273,
                0.0295838479598399,
                -0.0341801644372714
            ],
            "SE": [
                0.462034747887405,
                0.477743169661567,
                0.33229977382141,
                0.335976027687676,
                1.01703641647954,
                1.00447486902115,
                0.34589519074799,
                0.487660334179604,
                0.307971072272612
            ]
        },
        {
            "mean": [
                0.296187651667677,
                -0.80312819260542,
                0.476392943428144,
                0.503200558094596,
                -0.362667745561918,
                1.00520476393831,
                -0.546115222066516,
                -3.45590538183586,
                -0.585323657148327
            ],
            "median": [
                0.255107410956497,
                -0.80278296293902,
                0.511446232811999,
                0.176445571107901,
                -0.352059796404205,
                1.35114580515907,
                -0.542889539062359,
                -3.44880819756135,
                -0.589371897379492
            ],
            "SE": [
                0.400582080694949,
                0.313788261584656,
                0.39835059902274,
                0.792066198920142,
                0.401569419679031,
                0.80273393092519,
                0.308561208660652,
                0.435258830124116,
                0.280925564422644
            ]
        },
        {
            "mean": [
                -0.641306290180473,
                1.87056792188422,
                1.27472288105785,
                1.7968212967098,
                -0.535249716358804,
                -2.99576932133502,
                -0.75965138480958,
                0.410329886024649,
                2.03561066264905
            ],
            "median": [
                -0.6383726248028,
                1.87850519389493,
                1.26667208730876,
                1.80343352083048,
                -0.540327053741943,
                -2.99434022963024,
                -0.755763726717048,
                0.407212182773103,
                2.03514814329927
            ],
            "SE": [
                0.283914849671627,
                0.303600628499346,
                0.282058166977761,
                0.300222477858866,
                0.420862740317785,
                0.305807736833291,
                0.299517624387804,
                0.437994079430092,
                0.282109213348376
            ]
        },
        {
            "mean": [
                2.76444469749161,
                -1.41770167955594,
                2.77387607294108,
                0.217230054323712,
                -1.25704916192811,
                0.227052821313068,
                1.81343183351109,
                -3.40703671656094,
                1.81795651620281
            ],
            "median": [
                2.763708881769,
                -1.41914709326691,
                2.76863812956702,
                0.217085879272116,
                -1.25599501025107,
                0.22369564075995,
                1.80473013647747,
                -3.40350236739445,
                1.8182931439328
            ],
            "SE": [
                0.303841343386073,
                0.299769015019321,
                0.294616573125133,
                0.304112813743452,
                0.420577278711849,
                0.317803428884323,
                0.322620489368189,
                0.449349289188133,
                0.291587898422881
            ]
        },
        {
            "mean": [
                0.0591096318545619,
                0.111137723228123,
                0.556482834553659,
                0.464246116239001,
                -0.543641675941812,
                0.563039618888337,
                3.26166416480062,
                -3.20485996345576,
                1.37759749951589
            ],
            "median": [
                0.0595035885910473,
                0.111064356518388,
                0.552528122949145,
                0.458811746987382,
                -0.544093056154962,
                0.564040501272119,
                3.2728981505727,
                -3.20997206429868,
                1.37488984958568
            ],
            "SE": [
                0.291445235502103,
                0.314551605550245,
                0.284928150163071,
                0.286521819991335,
                0.423708309201139,
                0.302190946520273,
                0.309180006120287,
                0.438729700285978,
                0.273761701580141
            ]
        },
        {
            "mean": [
                -0.915328826724946,
                1.89977045497948,
                -0.372405167427513,
                1.74565873568831,
                -3.07565506615576,
                1.07359198042647,
                -0.738577485991039,
                -0.86375022162223,
                0.985937681889976
            ],
            "median": [
                -0.911847937786521,
                1.90206135981712,
                -0.380377676379721,
                1.7446287706797,
                -3.07201311041979,
                1.07666439583355,
                -0.73721603653977,
                -0.852755988847205,
                0.990631951543661
            ],