{
    "uid": "1711f381-077c-430d-9b45-c5c9e09c0f93",
    "scenario_uid": "b56e398eaedbdad34cec9e8a634c0fba",
    "iteration_uid": "6c5c564755f9e846b3fe39195e77b9c7",
    "PD_subj": [
        {
            "mean": [
                0.255759355108206,
                -1.21197875049606,
                -0.886141619983165,
                -0.225203740546128,
                -1.92338059823413,
                -1.41298849828209,
                0.826366674349825,
                -1.74693287676615,
                0.0814779552156647
            ],
            "median": [
                0.245521409398302,
                -1.20763816176226,
                -0.887126655036198,
                -0.216739815641843,
                -1.9292363796055,
                -1.4069896879012,
                0.825539095395924,
                -1.74084010926956,
                0.0814344731626765
            ],
            "SE": [
                0.302634448306748,
                0.29138005148553,
                0.29964323498908,
                0.308048908724825,
                0.303253939375065,
                0.293315776878267,
                0.295212017412658,
                0.296971815503093,
                0.291401205593986
            ]
        },
        {
            "mean": [
                -1.36734548469304,
                -1.17249214295087,
                4.79886291097813,
                1.07425267996677,
                -1.36766366668596,
                1.89969439928134,
                -0.19960303480303,
                -2.036437468503,
                -0.0207442399686939
            ],
            "median": [
                -1.36402607913339,
                -1.16495837691123,
                4.79431363388392,
                1.06804089792958,
                -1.37000217318202,
                1.8989994201141,
                -0.195228881104097,
                -2.04290304181285,
                -0.00936639645141309
            ],
            "SE": [
                0.308935589519039,
                0.291528503866686,
                0.300541141994063,
                0.315057277968466,
                0.30722915689957,
                0.30281876136441,
                0.294966639745057,
                0.305892736716962,
                0.286795579619239
            ]
        },
        {
            "mean": [
                0.126727798496148,
                -0.653135591696322,
                2.23119544908514,
                0.882014988809661,
                -0.557124888787993,
                -0.800763204065862,
                2.4459255820085,
                0.0505974389812459,
                2.73256760051238
            ],
            "median": [
                0.131386159986893,
                -0.64797032258226,
                2.22669294320988,
                0.888076046030933,
                -0.560538152901415,
                -0.803227506374462,
                2.44533586251877,
                0.0562264283816045,
                2.73004094576837
            ],
            "SE": [
                0.295894011146741,
                0.297599136302834,
                0.301145361731256,
                0.319874279143184,
                0.309482749892776,
                0.296806477866643,
                0.301883743307997,
                0.303778320343697,
                0.292288275474815
            ]
        },
        {
            "mean": [
                -0.203420896499547,
                -3.27621090730325,
                1.4112221180723,
                -1.85213084092773,
                -4.26333736896453,
                -0.172249115875093,
                -0.123162561782145,
                -1.53693615341187,
                0.75862472178664
            ],
            "median": [
                -0.203945188441503,
                -3.268041357531,
                1.41193802356151,
                -1.85050379923252,
                -4.26150426760137,
                -0.176576364379005,
                -0.120557118306007,
                -1.54086626763781,
                0.762165958927652
            ],
            "SE": [
                0.303394937831597,
                0.289400621510233,
                0.306494957217944,
                0.322079639060702,
                0.295962739121035,
                0.302450832900402,
                0.302478298774806,
                0.309398006185383,
                0.291471545810601
            ]
        },
        {
            "mean": [
                -1.71550909702719,
                -1.18298310551402,
                0.659106571735707,
                -0.532118054314412,
                -2.75463871284303,
                -2.21820865980606,
                3.34105700427127,
                2.31079280670057,
                0.776678851253257
            ],
            "median": [
                -1.71378790830301,
                -1.19172859690698,
                0.665201978379244,
                -0.533555926938316,
                -2.75357961330734,
                -2.20739723332456,
                3.34645344500602,
                2.31055757418392,
                0.783855610299409
            ],
            "SE": [
                0.302457486013315,
                0.299567632463189,
                0.293996153919945,
                0.316366024462049,
                0.301214962817185,
                0.293252121512824,
                0.310000770055049,
                0.314194316075697,
                0.294823468769391
            ]
        },
        {
            "mean": [
                -1.52459061766535,
                -2.85672636266395,
                0.966837952520625,
                2.13603632404733,
                1.69481831866435,
                1.74361719000319,
                0.261108449800752,
                -2.27489993724207,
                -2.33696713980151
            ],
            "median": [
                -1.52267985165663,
                -2.86392427616551,
                0.964926880492452,
                2.13129241656966,
                1.69731543282072,
                1.74424736605975,
                0.2619522635976,
                -2.27552947937696,
                -2.34500381595246
            ],
            "SE": [
                0.303740932219129,
                0.288293283916171,
                0.302129570166545,
                0.3121331602261,
                0.306703040925501,
                0.294012663912412,
                0.299160811986496,
                0.301572835451832,
                0.300413857297088
            ]
        },
        {
            "mean": [
                -1.72593415018263,
                -3.16905335145851,
                1.72791530510891,
                -0.378236917878716,
                0.807552613856201,
                -0.54341312768874,
                1.36210930213175,
                -3.64105226482257,
                0.171816335632682
            ],
            "median": [
                -1.71625436443994,
                -3.16677864940666,
                1.73602956157502,
                -0.375761549768569,
                0.799542008843837,
                -0.542069298979683,
                1.35647665940375,
                -3.64804130867098,
                0.176143946035262
            ],