{
    "uid": "2f87e2d7-2257-4d46-9219-8190a1ece55b",
    "scenario_uid": "b56e398eaedbdad34cec9e8a634c0fba",
    "iteration_uid": "6d45b5ebcfc3ccf0538ba1badb5ac6ac",
    "PD_subj": [
        {
            "mean": [
                0.503609482835692,
                -2.58740705102568,
                0.598091376227972,
                2.03827009286436,
                -0.38025055689999,
                2.10077716876989,
                0.758144507710444,
                -2.45618367549883,
                0.761976452875835
            ],
            "median": [
                0.371409106853607,
                -2.59140895656161,
                0.768079514691461,
                2.01186844097264,
                -0.377236549267095,
                2.11914703261157,
                0.753785650851835,
                -2.4570614229263,
                0.753802064037276
            ],
            "SE": [
                0.666504641522658,
                0.287634986131691,
                0.664179571769984,
                0.460802113661976,
                0.297160630970142,
                0.470114975215069,
                0.29965969541392,
                0.310029511455339,
                0.302728817989332
            ]
        },
        {
            "mean": [
                -1.16816259553956,
                -0.592221894650245,
                2.35437049451409,
                1.26344454496048,
                0.537371562084592,
                -2.24623336994483,
                0.875463452832194,
                0.953898425641991,
                0.0146803429959185
            ],
            "median": [
                -1.23097053714502,
                -0.520730946473133,
                2.35436102223799,
                1.37599939813264,
                0.415384008611444,
                -2.25179521633117,
                0.87468305779152,
                0.955154902510521,
                0.0181808282851788
            ],
            "SE": [
                0.43672870142019,
                0.434260158100564,
                0.27366488768998,
                0.489500034195745,
                0.52813584084047,
                0.305347880494947,
                0.298321933804807,
                0.312332159875884,
                0.300739046005814
            ]
        },
        {
            "mean": [
                -0.210626482274518,
                -2.1410076204474,
                0.474365207169391,
                1.89745439623773,
                -1.51824958272056,
                -1.61680186527372,
                0.569670775709477,
                -2.79544464842075,
                -1.53066319827165
            ],
            "median": [
                -0.193231481251678,
                -2.13157346463117,
                0.472978030243992,
                1.90078523255138,
                -1.51042034695133,
                -1.62324518204372,
                0.567786948550386,
                -2.80054246713262,
                -1.52924129101361
            ],
            "SE": [
                0.304204410943785,
                0.305451493227605,
                0.272631299550522,
                0.280881990500114,
                0.307677683191952,
                0.292216279204961,
                0.308756221326825,
                0.312536621428657,
                0.302216134628816
            ]
        },
        {
            "mean": [
                -1.39053501318925,
                -1.27108960560553,
                1.30721674290057,
                0.428006076612104,
                -2.1417390298511,
                -1.08597412171743,
                -1.01109022726758,
                -0.32235738305604,
                -2.58584833936725
            ],
            "median": [
                -1.39604185518674,
                -1.26609079728761,
                1.2965087809889,
                0.417082729587912,
                -2.13847690667428,
                -1.08891280988443,
                -1.02261823376219,
                -0.326837568902913,
                -2.60300202226775
            ],
            "SE": [
                0.296363262644699,
                0.289348591633193,
                0.273701926849458,
                0.289283656252645,
                0.301134560726079,
                0.311062246302683,
                0.29217577551629,
                0.316498338867994,
                0.3047545401021
            ]
        },
        {
            "mean": [
                0.133492527872105,
                1.2988659000713,
                1.65197580184231,
                2.99369944028405,
                -2.19732832605135,
                -1.29099115890295,
                -1.99440965180458,
                -0.955141556128167,
                1.08034051256925
            ],
            "median": [
                0.119347097064895,
                1.29889846816017,
                1.65012401379918,
                2.99366411304829,
                -2.2050514584993,
                -1.29217511942577,
                -1.99514294261679,
                -0.960943308444939,
                1.07067209265664
            ],
            "SE": [
                0.299449748603611,
                0.298099577377111,
                0.275236661098436,
                0.284424160590882,
                0.299289873874486,
                0.299638623339698,
                0.29803338242326,
                0.330710212536898,
                0.307902283808534
            ]
        },
        {
            "mean": [
                2.41144635926522,
                -0.469348502452367,
                1.06125714511805,
                2.84882781477957,
                -3.15430467755507,
                -2.0649444893595,
                1.32503508467621,
                1.05063016201704,
                -0.188763470284833
            ],
            "median": [
                2.41038940269657,
                -0.472651065357337,
                1.06121743257697,
                2.85351260616191,
                -3.1612153589538,
                -2.0636002110116,
                1.32395726989907,
                1.05667012100792,
                -0.185938703445704
            ],
            "SE": [
                0.308675780085533,
                0.297862167079284,
                0.275193035822509,
                0.285006652193789,
                0.304461040227089,
                0.298905434292567,
                0.296490260815544,
                0.312449521138171,
                0.301529105048638
            ]
        },
        {
            "mean": [
                -1.90070043515853,
                -1.42698550668763,
                -0.358890905689762,
                0.0868163698978162,
                -1.86354347000091,
                -1.2863529585542,
                0.956537201976985,
                0.541886682571332,
                -1.40817308518852
            ],
            "median": [
                -1.90898961238553,
                -1.43207936508169,
                -0.355793449531909,
                0.0853301894970387,
                -1.86651312295852,
                -1.28605098711669,
                0.950335783451104,
                0.535653938992192,
                -1.40884640450148
            ],