{
    "uid": "418f1ece-8632-410e-984a-2ea2e007755f",
    "scenario_uid": "b56e398eaedbdad34cec9e8a634c0fba",
    "iteration_uid": "71918526e6409af479bbe9aad9c49d64",
    "PD_subj": [
        {
            "mean": [
                -1.75882460532777,
                -2.8415976237723,
                -0.933136440390945,
                0.914394791357819,
                0.761143214231319,
                0.961647434863941,
                -0.838657992835874,
                -4.3739589653973,
                -3.22619097961556
            ],
            "median": [
                -1.76901797527199,
                -2.84629399340542,
                -0.922672525136501,
                0.919200204841619,
                0.748475323063437,
                0.969292903428265,
                -0.838125498820946,
                -4.37572902103887,
                -3.22504086712637
            ],
            "SE": [
                0.287917208772215,
                0.318228033150947,
                0.288996934758723,
                0.27457626955725,
                0.298699100858896,
                0.293067640705928,
                0.294228160690917,
                0.303587933325994,
                0.301406244338088
            ]
        },
        {
            "mean": [
                0.389038260820784,
                -0.794579914127431,
                1.85520191164852,
                0.686192373874096,
                -1.35067765047864,
                0.513246526207495,
                -1.59192089153111,
                0.0153411479423442,
                -0.504164026671103
            ],
            "median": [
                0.391548938490697,
                -0.796651337885047,
                1.85250469496666,
                0.690444462560566,
                -1.34811922062047,
                0.519141628072189,
                -1.58758486231245,
                0.0140192131450338,
                -0.506943739323175
            ],
            "SE": [
                0.285995055148383,
                0.304558795587872,
                0.293874908435019,
                0.273542501079424,
                0.301076920313312,
                0.289836080944387,
                0.296024142942372,
                0.310851963224398,
                0.301443358021725
            ]
        },
        {
            "mean": [
                -1.87295307320669,
                0.571053667451095,
                0.545963294285516,
                0.649561642002279,
                -2.06701534608723,
                -1.94269177425267,
                2.10622020997326,
                -3.39094082894934,
                2.9817369951075
            ],
            "median": [
                -1.88197213051343,
                0.565837794111475,
                0.54518461398891,
                0.645312030102577,
                -2.07591602794375,
                -1.94318490409167,
                2.10581032924451,
                -3.38411741539064,
                2.98132954456669
            ],
            "SE": [
                0.287305461505538,
                0.306416233605903,
                0.29487423164838,
                0.27210628177135,
                0.300233965234052,
                0.294699980903064,
                0.294125996507742,
                0.306259471592915,
                0.302354004544996
            ]
        },
        {
            "mean": [
                -1.40263106434864,
                -2.10001623101942,
                -0.218645400699928,
                0.274070719838407,
                -1.76304307066695,
                -0.331524483412685,
                1.28464424156845,
                -0.268222316637259,
                0.610834235498497
            ],
            "median": [
                -1.39978183780999,
                -2.09269108814903,
                -0.210555734039485,
                0.272190661764285,
                -1.7637809041952,
                -0.328642940552891,
                1.27415299548765,
                -0.270713939078803,
                0.612806375929271
            ],
            "SE": [
                0.287341912938866,
                0.310856373338599,
                0.295851534748517,
                0.268790438005499,
                0.302698870253011,
                0.299395500062132,
                0.295195372180054,
                0.308531035973375,
                0.313062778926031
            ]
        },
        {
            "mean": [
                0.873783425677571,
                -1.68455562253374,
                0.304729347164649,
                2.24201782395521,
                -2.18398398159108,
                1.07669073099264,
                1.36354456875148,
                -1.57460325836284,
                -1.05351345033983
            ],
            "median": [
                0.874932352105285,
                -1.68417511307041,
                0.305802178143114,
                2.24535920709936,
                -2.19847069485836,
                1.07305138446018,
                1.37149765060811,
                -1.5742562596616,
                -1.05200671072202
            ],
            "SE": [
                0.286532574328199,
                0.314895109364366,
                0.283248787296086,
                0.270499667601272,
                0.292048028642648,
                0.288558390121429,
                0.296139462447414,
                0.304116687527593,
                0.297228808467438
            ]
        },
        {
            "mean": [
                0.997977644701677,
                1.64986024577455,
                -0.0065151088814732,
                0.771671008867524,
                -2.56704715708093,
                0.878407220814203,
                1.5860036781412,
                -3.06562488032964,
                0.527065426273854
            ],
            "median": [
                0.998089870849104,
                1.64207310794709,
                -0.0029549966371818,
                0.770977680131957,
                -2.56891605719212,
                0.881562655075108,
                1.58161871485844,
                -3.06096888045489,
                0.522990220311848
            ],
            "SE": [
                0.28726854191157,
                0.307472445537351,
                0.301209725761754,
                0.276684793863821,
                0.305677171742206,
                0.280648315575026,
                0.302299630357995,
                0.30639212474134,
                0.314758453201966
            ]
        },
        {
            "mean": [
                -0.786821281526957,
                2.88515846478767,
                1.45545575188732,
                -0.157192679835767,
                -3.4665408858207,
                2.12788603589421,
                0.0986733417051324,
                -0.790796425507538,
                -1.37562158312505
            ],
            "median": [
                -0.795855809404874,
                2.88400048849799,
                1.45397952417529,
                -0.16034297734631,
                -3.46533244030967,
                2.13414332748784,
                0.0974075919103678,
                -0.78753685735361,
                -1.37109958965317
            ],