{
    "uid": "af23d02b-0cba-47f2-a91f-f6e3db896df3",
    "scenario_uid": "b56e398eaedbdad34cec9e8a634c0fba",
    "iteration_uid": "727f1355bc44138ef04ca37353b04735",
    "PD_subj": [
        {
            "mean": [
                1.46051535789327,
                -1.68665503711363,
                2.21478753699952,
                1.50799113841011,
                0.0475585847899067,
                -2.086139723878,
                3.34560366209616,
                -2.47800743116379,
                1.11147843032693
            ],
            "median": [
                1.45881806832689,
                -1.68401654778429,
                2.21957112288445,
                1.52021062948744,
                0.047950594742668,
                -2.09259905154916,
                3.33973111747204,
                -2.48187457790834,
                1.10458322583975
            ],
            "SE": [
                0.285989961790675,
                0.293827162785291,
                0.304843524970992,
                0.292792950979559,
                0.296471318680624,
                0.300885404697729,
                0.302311280797763,
                0.298548198576632,
                0.303800856874308
            ]
        },
        {
            "mean": [
                -0.329239061056998,
                0.171398819319703,
                2.6923866990418,
                1.36291284128303,
                -2.60822486881916,
                0.425535419283751,
                0.508441478008231,
                -1.58675654947331,
                1.56003417109549
            ],
            "median": [
                -0.330968095725067,
                0.185617155251229,
                2.69598707580245,
                1.36176365571913,
                -2.6024796591514,
                0.418146828521589,
                0.502402188573899,
                -1.58376975279695,
                1.56485694711149
            ],
            "SE": [
                0.277896962835253,
                0.297147231231697,
                0.305953975625619,
                0.292055904091061,
                0.304838085892312,
                0.299493165271318,
                0.289035570851751,
                0.301317058700011,
                0.296391936248775
            ]
        },
        {
            "mean": [
                -0.927113656762464,
                0.4202139401778,
                0.543769917648456,
                2.08033354800027,
                -0.620050737997081,
                -0.711444536248415,
                1.92178854990298,
                -1.43017505604287,
                -1.34782225965959
            ],
            "median": [
                -0.926569688424915,
                0.417471855374768,
                0.55359035315432,
                2.08116294755211,
                -0.612917755951305,
                -0.712567106695925,
                1.9170917872579,
                -1.43933100253447,
                -1.374627687663
            ],
            "SE": [
                0.288246296533111,
                0.423368864950058,
                0.429659046251581,
                0.287165874721395,
                0.364871452815483,
                0.348942430921173,
                0.292707979430363,
                0.32826683083258,
                0.375629958660495
            ]
        },
        {
            "mean": [
                1.65967420687133,
                -0.266265814591598,
                2.8344552142933,
                1.24019572108459,
                -2.00039969776217,
                -2.27722712283564,
                -0.190223866988015,
                -0.580226073347621,
                2.54824201709683
            ],
            "median": [
                1.65337904560557,
                -0.27248634131434,
                2.84325891244424,
                1.23250531082388,
                -1.99991005426031,
                -2.27078471085542,
                -0.188812481415165,
                -0.576194013355239,
                2.53887760731966
            ],
            "SE": [
                0.286563079576849,
                0.301560161387636,
                0.303389692525741,
                0.289735593533413,
                0.295758421981455,
                0.290790991372329,
                0.303187896660361,
                0.303511725312143,
                0.299518544685911
            ]
        },
        {
            "mean": [
                -0.613496396771557,
                0.205294565669229,
                2.84958352134248,
                -1.43938048444102,
                -3.14959779096393,
                1.26859559961727,
                0.422309922466321,
                -2.16212557676547,
                1.75777075181576
            ],
            "median": [
                -0.615254160305806,
                0.205816138811604,
                2.84641547406262,
                -1.44982511034469,
                -3.14603016797131,
                1.26679246716361,
                0.428927276109824,
                -2.1661275460534,
                1.76308750208527
            ],
            "SE": [
                0.29144293442264,
                0.287864576268223,
                0.311925957704372,
                0.302530989378228,
                0.307788634650459,
                0.289845616768858,
                0.295704596602841,
                0.303450353830171,
                0.310150167622334
            ]
        },
        {
            "mean": [
                0.559327194200856,
                -0.832628911036465,
                2.22023495580766,
                2.80260370082201,
                0.405089680479224,
                -1.57000714014487,
                -0.570521447580065,
                -4.55376119662659,
                -1.04711054020047
            ],
            "median": [
                0.554103932932666,
                -0.827623366355422,
                2.22364950203015,
                2.80119401399416,
                0.401632879230897,
                -1.56604014403431,
                -0.574189070391465,
                -4.56319740418237,
                -1.04145959653048
            ],
            "SE": [
                0.285054905064091,
                0.292205067257307,
                0.308917388500721,
                0.299921471564644,
                0.306314209763885,
                0.285149055120743,
                0.302377929076331,
                0.305057429416009,
                0.305278564111946
            ]
        },
        {
            "mean": [
                0.100494459601995,
                -2.3750378426395,
                0.00441538801742259,
                2.07527098103766,
                -0.590176946577973,
                0.428902285687026,
                1.12696177505429,
                0.790798949046188,
                -0.994986293910728
            ],
            "median": [
                0.101394131024819,
                -2.3691020185336,
                0.00493771440494942,
                2.07521345485091,
                -0.591823516548653,
                0.433749582927708,
                1.1243261835815,
                0.792759252979918,
                -0.999553323127213
            ],