{
    "uid": "3988ea0b-74a9-4c4a-b184-6de7c5ede22c",
    "scenario_uid": "b56e398eaedbdad34cec9e8a634c0fba",
    "iteration_uid": "74cfda54d1106bc16d57bccb658a4275",
    "PD_subj": [
        {
            "mean": [
                -1.79763534921719,
                -2.56004141189012,
                1.34585197295108,
                1.69616205799072,
                -1.97354391129855,
                -0.761332386745793,
                -0.302480124069114,
                -2.22911892397463,
                -1.05314994286547
            ],
            "median": [
                -1.79509325598739,
                -2.55586925330437,
                1.34475342449664,
                1.69142704375161,
                -1.97049113844948,
                -0.771758903610802,
                -0.297893637860718,
                -2.22918983648315,
                -1.05039032587777
            ],
            "SE": [
                0.295168391935611,
                0.304511567448221,
                0.28255684449875,
                0.281204109756906,
                0.299249027662684,
                0.293350679034378,
                0.306784425471526,
                0.300083721833527,
                0.30236593194188
            ]
        },
        {
            "mean": [
                -4.2628757863516,
                -1.71020993170837,
                0.323059903635427,
                2.09739625230657,
                -2.12446039871497,
                -2.09385681911033,
                -0.290755369251998,
                0.925318392494113,
                0.738796615973463
            ],
            "median": [
                -4.26390749379329,
                -1.71016960875028,
                0.32181635118089,
                2.10168320446137,
                -2.12814157653079,
                -2.09587658199926,
                -0.295216350570916,
                0.925883050107634,
                0.74312441578042
            ],
            "SE": [
                0.293038215251578,
                0.295494115779716,
                0.276403113448361,
                0.277353733356189,
                0.30447473953294,
                0.300339364686034,
                0.29916376261895,
                0.308136848665001,
                0.306108550416903
            ]
        },
        {
            "mean": [
                0.289094133621714,
                -1.19633163582333,
                0.54297759840339,
                1.49342497879265,
                -1.78890144454815,
                -0.546495795610797,
                0.68944031416236,
                -3.24176661659228,
                -1.43079735014935
            ],
            "median": [
                0.290023864545674,
                -1.19599536788582,
                0.539384656507313,
                1.48808591798381,
                -1.78599999658411,
                -0.540637348787764,
                0.691994001026868,
                -3.22679198490369,
                -1.42730104211382
            ],
            "SE": [
                0.299411744093404,
                0.309603470560539,
                0.271493401293256,
                0.27655217401604,
                0.301013716863821,
                0.297411234446434,
                0.307063336181025,
                0.3052868703293,
                0.305674922840656
            ]
        },
        {
            "mean": [
                -2.23374882986796,
                0.467380751993876,
                -1.36363646289973,
                0.131797150661289,
                -1.62557806539743,
                -1.60612181125,
                2.56286989335249,
                -2.36317354669565,
                -0.963455226301677
            ],
            "median": [
                -2.23212918220268,
                0.465019530823415,
                -1.34911077580741,
                0.136844454880659,
                -1.62957814242791,
                -1.59630042641887,
                2.56623323098635,
                -2.36854690468871,
                -0.962756370156561
            ],
            "SE": [
                0.289967048360166,
                0.291594414891886,
                0.276050921729687,
                0.275048975849811,
                0.289129646019435,
                0.303371353175201,
                0.296057605275383,
                0.301048608418482,
                0.300177981586622
            ]
        },
        {
            "mean": [
                -0.00314890410415721,
                1.50505293736503,
                0.602579393598991,
                2.11300497319942,
                1.13390362015652,
                -0.202485586269889,
                -0.151383013228563,
                1.14138748644353,
                -2.96917550073428
            ],
            "median": [
                0.00136285218488716,
                1.50175661390434,
                0.606670478807378,
                2.10194728630786,
                1.13979191395831,
                -0.208424756371699,
                -0.147272254522364,
                1.13762785875319,
                -2.96366313612804
            ],
            "SE": [
                0.296210438352812,
                0.304280816795878,
                0.269007424850784,
                0.276025256014683,
                0.29360390824868,
                0.298919142764382,
                0.305480937257932,
                0.304772201658543,
                0.302651479475642
            ]
        },
        {
            "mean": [
                0.427198394252508,
                -1.89512042160838,
                -0.221263391110709,
                0.964154207722328,
                -0.545336568219742,
                -1.43827123197621,
                1.84076158386795,
                -0.358303206688827,
                -2.28319142901864
            ],
            "median": [
                0.421321930356962,
                -1.89764003602201,
                -0.225291532879031,
                0.962324719011466,
                -0.537570489175941,
                -1.42985933413246,
                1.83793942577078,
                -0.351180687862206,
                -2.28064029703528
            ],
            "SE": [
                0.296392795200158,
                0.306034696794835,
                0.277259082696058,
                0.274258758840778,
                0.300749808693827,
                0.303835010763125,
                0.30539174908976,
                0.307176708260034,
                0.306278243704545
            ]
        },
        {
            "mean": [
                -1.40419504084378,
                -2.91465793048402,
                0.420318543736074,
                3.11123804952554,
                -2.30710231930648,
                3.27002228280738,
                0.195502899681207,
                -0.83950887102239,
                -0.579292969452431
            ],
            "median": [
                -1.3967215200823,
                -2.92206019461715,
                0.412217242644716,
                3.11406323828239,
                -2.29820878788453,
                3.27120972366834,
                0.202845472659673,
                -0.83532858759331,
                -0.578659336708286
            ],