{
    "uid": "a728dcae-6634-426f-ab39-58cddd57ddd2",
    "scenario_uid": "b56e398eaedbdad34cec9e8a634c0fba",
    "iteration_uid": "782c49d39d848bda9d5acfb917fa5a3d",
    "PD_subj": [
        {
            "mean": [
                1.42223881536644,
                -1.90564547610014,
                1.9036520566731,
                1.30209345803522,
                -0.395098242731101,
                1.03388364027247,
                0.565090139829861,
                -3.76605789361418,
                0.222182335596179
            ],
            "median": [
                1.29299595892908,
                -1.90159230719869,
                2.01973456250125,
                1.33855763197625,
                -0.396388024739973,
                0.992573986447131,
                0.638380046733809,
                -3.76298879623693,
                0.155591206216693
            ],
            "SE": [
                0.52247466538274,
                0.361232287374764,
                0.531360727224102,
                0.390757277628875,
                0.288831130426134,
                0.411418620370191,
                0.432224227858672,
                0.306613230440306,
                0.429625333683585
            ]
        },
        {
            "mean": [
                1.24621263725401,
                -0.188103605765119,
                0.314192759094944,
                -1.78914287793449,
                -0.975381360227086,
                -1.38781740624018,
                0.0337187883298643,
                -1.68346132033133,
                0.667155470781935
            ],
            "median": [
                1.35795506641241,
                -0.181635614870936,
                0.218940760710997,
                -1.81220853423958,
                -0.971625844267094,
                -1.36675377798041,
                -0.00680215530852269,
                -1.69113056608786,
                0.730147420600934
            ],
            "SE": [
                0.499698023500437,
                0.375760187342947,
                0.501145094929949,
                0.347641530224247,
                0.301474659792608,
                0.346396406757076,
                0.398232556402549,
                0.29906925054705,
                0.38434236079231
            ]
        },
        {
            "mean": [
                2.12285814401971,
                -2.27117835063348,
                3.10716418163844,
                -0.169642737849093,
                -1.50712961052477,
                -0.0577929105776356,
                0.576671039583677,
                -2.91712200311761,
                1.36338159740055
            ],
            "median": [
                2.1072271254517,
                -2.26846095469765,
                3.12417579054154,
                -0.18473441242876,
                -1.50405589308799,
                -0.0506578410716753,
                0.567753250362858,
                -2.91765856485045,
                1.38188835081422
            ],
            "SE": [
                0.356203820130385,
                0.35093121179813,
                0.345777372664642,
                0.292374484797324,
                0.284097679244884,
                0.298182425007957,
                0.31864051757201,
                0.310360983008702,
                0.312953302182268
            ]
        },
        {
            "mean": [
                0.638137555468249,
                0.686270059213229,
                3.98865327922669,
                2.00808109343845,
                -1.27957074414505,
                -2.64112434045079,
                1.39803433258993,
                0.326479809589609,
                -0.548673841348995
            ],
            "median": [
                0.63486044602636,
                0.693875599222001,
                3.989994804952,
                2.00182194495619,
                -1.27759727661041,
                -2.64837347574403,
                1.39504123201763,
                0.328432846226319,
                -0.543818230839618
            ],
            "SE": [
                0.294127037869642,
                0.358178920310973,
                0.293104515750685,
                0.288539285995141,
                0.292800591695254,
                0.294262301222049,
                0.287899934767745,
                0.310095817262489,
                0.280467830628141
            ]
        },
        {
            "mean": [
                -0.0607115654942562,
                -1.94390664144089,
                -0.038520371180218,
                0.227937038290412,
                -1.9500985453544,
                0.219378075158005,
                0.179438709880336,
                -1.20934861198905,
                0.179564540194475
            ],
            "median": [
                -0.0596362414931344,
                -1.94287909875672,
                -0.0476401119567186,
                0.222989794724748,
                -1.94958850589821,
                0.219525212012105,
                0.183714031125863,
                -1.20813045970091,
                0.172397064665312
            ],
            "SE": [
                0.315268739450296,
                0.363628940905969,
                0.309300879116284,
                0.311033955898384,
                0.297609201290762,
                0.308414429599269,
                0.310652128617889,
                0.312654269780453,
                0.291527182182429
            ]
        },
        {
            "mean": [
                -0.00683525211338022,
                -1.55410184363501,
                1.50795966777738,
                -1.16943088548358,
                -2.69194722563351,
                1.28770828036699,
                -0.405345011290734,
                1.36313201736736,
                -0.189171538207596
            ],
            "median": [
                -0.00974936021863989,
                -1.54456030512752,
                1.51011593184299,
                -1.16666900923408,
                -2.68945603451257,
                1.28266399042611,
                -0.404053739842022,
                1.36752304208178,
                -0.187274486406487
            ],
            "SE": [
                0.298364862526832,
                0.362484357863062,
                0.291465642625989,
                0.292700209482154,
                0.286050437470845,
                0.295741889779875,
                0.290878319677802,
                0.311259991512929,
                0.283093979851647
            ]
        },
        {
            "mean": [
                0.991339315406967,
                -0.636974063139283,
                1.66301145595824,
                1.36218497532188,
                -0.0691738239054039,
                -0.055110633869704,
                1.49220381167891,
                -4.20037337844905,
                -0.23053461783311
            ],
            "median": [
                0.991188789230675,
                -0.626923461550794,
                1.66338273382446,
                1.36279802012467,
                -0.0679521874959841,
                -0.0610085459144992,
                1.49549403974486,
                -4.19166345366334,
                -0.239052267440014
            ],