{
    "uid": "1735941c-477e-4516-875e-cf18b56cd2bb",
    "scenario_uid": "b56e398eaedbdad34cec9e8a634c0fba",
    "iteration_uid": "784defda3bee78f5f5b840549d05cc63",
    "PD_subj": [
        {
            "mean": [
                -1.69463003243778,
                -1.35184862148113,
                1.39965022429492,
                1.50985700795575,
                -1.20268430579811,
                -0.215015277640207,
                -1.11471299830468,
                -1.00565602919316,
                0.0795825028539823
            ],
            "median": [
                -1.69627473032029,
                -1.34291029986354,
                1.39654666922163,
                1.51711550635584,
                -1.19291236806067,
                -0.2137232958268,
                -1.11974713038025,
                -1.01133623773184,
                0.0908486960323429
            ],
            "SE": [
                0.291663087864408,
                0.287669143194372,
                0.295804560784055,
                0.311359983234448,
                0.288104485500338,
                0.268613889567261,
                0.314016370279886,
                0.291299637693811,
                0.278278680995627
            ]
        },
        {
            "mean": [
                -1.92887486523618,
                -2.42900986480466,
                -0.486910504178351,
                1.84724197629314,
                -0.761760390750512,
                -1.14152974674246,
                -1.29515505722683,
                -3.36584662535845,
                -0.266366951474893
            ],
            "median": [
                -1.92539657151766,
                -2.42521783390214,
                -0.48821179059347,
                1.85281143701758,
                -0.755724498409106,
                -1.14291068614634,
                -1.29849679933576,
                -3.36002041331351,
                -0.272810345670377
            ],
            "SE": [
                0.28457274584399,
                0.278158042876218,
                0.307998103580479,
                0.305440973675294,
                0.283188649414737,
                0.277569332180111,
                0.300750945177091,
                0.29234266290747,
                0.279197211157365
            ]
        },
        {
            "mean": [
                -1.01343561063558,
                0.338953987432185,
                -0.542785117603587,
                1.09777226376178,
                -0.6598367685982,
                0.338652914970187,
                0.873659003432748,
                -0.333062426890789,
                0.517576866916261
            ],
            "median": [
                -1.00934113707222,
                0.338582017598436,
                -0.754974676712225,
                1.07537865083695,
                -0.658735187595659,
                0.419411943113548,
                0.882831058076956,
                -0.333191616715767,
                0.72833519766583
            ],
            "SE": [
                0.324786870919939,
                0.285974135472796,
                0.679619462008064,
                0.583863344397713,
                0.29130275336465,
                0.83742210262239,
                0.31268116422589,
                0.295955368058656,
                0.626986339470504
            ]
        },
        {
            "mean": [
                -1.14938229840047,
                -1.16150681317035,
                -1.03320515597431,
                0.869584965397152,
                -1.5678501983629,
                0.739482760185988,
                -0.512177608266774,
                -1.43535003295375,
                -0.457316907419665
            ],
            "median": [
                -1.27149365420639,
                -1.16013947617536,
                -0.961954648766234,
                1.03304128483511,
                -1.56980298370663,
                0.556183161323032,
                -0.511712527592833,
                -1.43908256462142,
                -0.442927476649358
            ],
            "SE": [
                0.617178032173156,
                0.283688103876373,
                0.624691693631344,
                0.678674585741098,
                0.285471612398759,
                0.666999064492264,
                0.422841308910317,
                0.28894544224948,
                0.387272411947008
            ]
        },
        {
            "mean": [
                0.266368298645382,
                -0.504145593880982,
                1.27553589946591,
                -0.818323003130913,
                -1.8811706774852,
                0.492882695015844,
                0.67003311498443,
                -0.0821798892233833,
                1.68481615778091
            ],
            "median": [
                -0.131414988475419,
                -0.505235822705464,
                1.27102420798453,
                -1.44177157131355,
                -1.89092554668949,
                0.487191412230839,
                0.332981453038263,
                -0.0753811282322182,
                1.68329164151364
            ],
            "SE": [
                0.961625946323234,
                0.288167980722936,
                0.309653441165837,
                1.22959231495863,
                0.296358470672027,
                0.285532568978511,
                0.938031885794725,
                0.304653333142603,
                0.279056207743501
            ]
        },
        {
            "mean": [
                -0.017227143398938,
                -1.21657887312516,
                5.17672184084622,
                -0.0655106235475301,
                -0.98240696902175,
                1.04829735625244,
                1.90837045130315,
                -1.10201321332251,
                0.459404773279489
            ],
            "median": [
                -0.00779165499479965,
                -1.22661190707515,
                5.17301596332508,
                -0.0696676747806005,
                -1.00450281861069,
                1.05633728912319,
                1.90631271023029,
                -1.0966611164506,
                0.465633014061058
            ],
            "SE": [
                0.286757177354444,
                0.397780860445179,
                0.298013112469286,
                0.310889848071082,
                0.511728824856947,
                0.282130743307624,
                0.302191214193895,
                0.45501672468797,
                0.28209939315211
            ]
        },
        {
            "mean": [
                -1.67043154952288,
                -1.2725293779538,
                -0.487578575052662,
                1.58604401546427,
                -2.65961975128665,
                -0.138254747059718,
                6.41552302040598,
                -0.860788989978979,
                1.18888681844186
            ],
            "median": [
                -1.66823623076773,
                -1.26801422027869,
                -0.482810289045465,
                1.59064578154025,
                -2.66775859728168,
                -0.138298484862705,
                6.41468473808155,
                -0.854810609932622,
                1.18809668001891
            ],