{
    "uid": "4bced726-d973-4a99-a869-df40e0d16806",
    "scenario_uid": "b56e398eaedbdad34cec9e8a634c0fba",
    "iteration_uid": "797c88e592b6ec912359cb7f8c76342d",
    "PD_subj": [
        {
            "mean": [
                -1.17176923585797,
                -0.818398595716432,
                2.53214698284424,
                0.0892564245215625,
                -0.526090601118177,
                -1.13447241133693,
                0.930589146388659,
                0.617651277911914,
                0.199645434213257
            ],
            "median": [
                -1.17765808039117,
                -0.830148209173564,
                2.53461140644773,
                0.083018843764599,
                -0.536986024096703,
                -1.13976905524428,
                0.934476218237078,
                0.649917010078244,
                0.200987740120607
            ],
            "SE": [
                0.321661902653088,
                0.540965892289169,
                0.294957835965997,
                0.377166965219799,
                0.600648467572344,
                0.298330905582726,
                0.312597287397779,
                0.495131514492826,
                0.289190416784832
            ]
        },
        {
            "mean": [
                0.217941849676201,
                -0.0210684865935121,
                0.322562017766796,
                1.82112818361801,
                -0.126629000249166,
                -0.39779837525571,
                0.113464100520317,
                0.20800197172736,
                0.508221065076558
            ],
            "median": [
                0.218573437231913,
                -0.00826154546582765,
                0.321962804445341,
                1.81968500671582,
                -0.300687421367848,
                -0.395659814419919,
                0.116769774394234,
                0.243978349798778,
                0.502637681125287
            ],
            "SE": [
                0.295365463095482,
                0.57295220143134,
                0.294032152229124,
                0.296549646534897,
                0.933036289202648,
                0.301499390981651,
                0.290811764359586,
                0.513693961526555,
                0.295878838345377
            ]
        },
        {
            "mean": [
                -1.96046836294661,
                -0.184739897002668,
                1.16362691488832,
                2.22663129230863,
                -0.497613683878599,
                -1.38302578287492,
                0.449840542184681,
                -3.44726244747899,
                1.31964744041796
            ],
            "median": [
                -1.95587707843765,
                -0.182107317940986,
                1.16966906621392,
                2.22661003369857,
                -0.485604272510718,
                -1.38546701771334,
                0.454423606398568,
                -3.4433765647915,
                1.31812794479904
            ],
            "SE": [
                0.29753306584425,
                0.485555233187528,
                0.298765196365792,
                0.297693714254932,
                0.528141727473217,
                0.294861733220499,
                0.296564769535753,
                0.375246165895765,
                0.282025988944086
            ]
        },
        {
            "mean": [
                1.3600457824609,
                -2.63296329829117,
                2.67103031644614,
                1.36159226620309,
                -2.70709339092465,
                2.25429565028124,
                1.09237049079792,
                -1.23424194338483,
                -1.88720367989006
            ],
            "median": [
                1.35797620327481,
                -2.63807860890183,
                2.66540159089224,
                1.36007684461057,
                -2.71360067645996,
                2.25427567086343,
                1.09811477438275,
                -1.2394260641297,
                -1.89430916887321
            ],
            "SE": [
                0.299080879726432,
                0.497023750472495,
                0.29632655807225,
                0.306396425488405,
                0.508669134125209,
                0.29544875041619,
                0.288479687834233,
                0.376040819476534,
                0.291598698565827
            ]
        },
        {
            "mean": [
                0.376802573180032,
                -4.94134896776138,
                2.01730104559036,
                3.98166089032322,
                -2.76902472958425,
                1.89370953504411,
                -3.22297933731226,
                -0.614197908363373,
                -1.33895227340903
            ],
            "median": [
                0.371046542869069,
                -4.9419828064195,
                2.02068153713408,
                3.9830691859536,
                -2.7768877364653,
                1.88438327100608,
                -3.21580688103303,
                -0.613948146008665,
                -1.33572836646901
            ],
            "SE": [
                0.29503931529732,
                0.462464227202106,
                0.291242054064902,
                0.304216966775483,
                0.512344458488373,
                0.302977803069806,
                0.288250461803178,
                0.375644770785845,
                0.291128599511732
            ]
        },
        {
            "mean": [
                0.808382330711413,
                -0.689759825239811,
                1.91229992511526,
                -2.34932260921131,
                1.20533922958125,
                -0.719211038452285,
                2.12680078945658,
                -2.4652159594002,
                1.32656100280949
            ],
            "median": [
                0.819312751689655,
                -0.694037794561263,
                1.90683197063629,
                -2.34588855454653,
                1.21289564924974,
                -0.722989109639913,
                2.12512928974152,
                -2.46480373715549,
                1.33017287754694
            ],
            "SE": [
                0.309426773739795,
                0.471829353422294,
                0.308599741038282,
                0.297293996044927,
                0.521063397608848,
                0.300041507930745,
                0.291343544419194,
                0.382937870639324,
                0.294047886686475
            ]
        },
        {
            "mean": [
                -2.88398603077998,
                -1.22873175142654,
                0.189687339529461,
                2.57862328170964,
                -0.437889552026391,
                -0.967456119467862,
                1.51027566013812,
                -1.34452170879477,
                -1.71109784424782
            ],
            "median": [
                -2.87965830428034,
                -1.43985017401568,
                0.41780784139726,
                2.57561517380374,
                -0.415647882935232,
                -1.01280243396832,
                1.51219210078017,
                -1.32183085565391,
                -1.73666512843714
            ],