{
    "uid": "bf571616-9554-4b10-a3fe-799ca585bd89",
    "scenario_uid": "b56e398eaedbdad34cec9e8a634c0fba",
    "iteration_uid": "7a65b803785f747e68051b689d9c497e",
    "PD_subj": [
        {
            "mean": [
                1.09808353765722,
                2.70067054480324,
                -0.218101696896026,
                2.51884456851905,
                -2.74475329931049,
                0.811721646948797,
                0.794067435112259,
                -2.37117668605526,
                2.00327235062143
            ],
            "median": [
                1.08396304959495,
                2.69985493218759,
                -0.219947702975048,
                2.51364164920119,
                -2.75582695513666,
                0.793987016896,
                0.794150256216989,
                -2.36610639537317,
                1.99990534842097
            ],
            "SE": [
                0.303045977303548,
                0.294480434558973,
                0.297909125338217,
                0.288533041131973,
                0.296470834172953,
                0.929833546572809,
                0.279116776201716,
                0.30253963510861,
                0.399624974131113
            ]
        },
        {
            "mean": [
                -1.0230894765425,
                0.79044908858284,
                0.473694268512619,
                0.204117589144066,
                -1.11582293969914,
                -0.84786523315713,
                2.37305577396603,
                0.5068576022901,
                0.641196366908039
            ],
            "median": [
                -1.02648616615375,
                1.05030702612412,
                0.212216924665241,
                0.201533150518436,
                -1.27610705989376,
                -0.819681154886033,
                2.36757365561408,
                0.476889587214595,
                0.645732758855063
            ],
            "SE": [
                0.298183137433278,
                0.723515941002647,
                0.721247882203984,
                0.286307597124557,
                0.616440211931331,
                1.07168313046681,
                0.284218336895088,
                0.387647101105014,
                0.457782237026179
            ]
        },
        {
            "mean": [
                0.521182100558457,
                -3.02366803794326,
                2.21433631520429,
                -0.172445409120547,
                -2.14262756296579,
                -0.970995330825348,
                0.246423591520954,
                0.24638300511867,
                0.52485036697708
            ],
            "median": [
                0.512643823341146,
                -3.02213946046451,
                2.2140834808247,
                -0.177027590805687,
                -2.14086567629363,
                -0.969730041248388,
                0.250253181523214,
                0.24387576469085,
                0.517890241304436
            ],
            "SE": [
                0.284274046228495,
                0.297220743313838,
                0.30549183915331,
                0.280348837559376,
                0.287267240811435,
                0.927894009070166,
                0.289099057815422,
                0.294276117487981,
                0.399826343934401
            ]
        },
        {
            "mean": [
                -1.57788032635949,
                -1.55578768705895,
                1.85924040671587,
                1.48635842425165,
                1.50699611946659,
                0.000474574421558299,
                0.665871880925466,
                0.649276032052114,
                -1.33209299992024
            ],
            "median": [
                -1.58482076418986,
                -1.56085156075402,
                1.87848913758184,
                1.47730686564828,
                1.5051742225004,
                -0.0145945780109238,
                0.660106676961123,
                0.65216594660915,
                -1.32976385260336
            ],
            "SE": [
                0.309708407894431,
                0.308631555924152,
                0.300402147059606,
                0.300163301612718,
                0.31511335304676,
                0.912219240762823,
                0.304347281229116,
                0.322817574375053,
                0.401223821588662
            ]
        },
        {
            "mean": [
                -1.75909162689478,
                0.422721500428616,
                0.470465869280733,
                -0.695656582939594,
                -1.51890249600925,
                -1.5415986929603,
                2.17288575548421,
                -1.50164107899853,
                0.381003272524384
            ],
            "median": [
                -1.75427672176668,
                0.423872852867625,
                0.479934656235624,
                -0.696431096619107,
                -1.52206656373227,
                -1.55368898477363,
                2.17805987335522,
                -1.50414340700301,
                0.392609768173032
            ],
            "SE": [
                0.297544287871542,
                0.292301289302334,
                0.297339164076002,
                0.286883301944757,
                0.302426368249888,
                0.912948824437054,
                0.286282228744443,
                0.309844117645359,
                0.402265252648496
            ]
        },
        {
            "mean": [
                -0.513359328055541,
                -1.95645484313382,
                -1.37458399375879,
                1.76463319021286,
                -1.29510392248429,
                -0.882387972634338,
                3.43745409258262,
                -0.136649483313635,
                1.78918606950961
            ],
            "median": [
                -0.521804761514596,
                -1.95497478212029,
                -1.36650841707951,
                1.76886681500549,
                -1.30033694808855,
                -0.876416147769586,
                3.44010571074915,
                -0.133919000363168,
                1.78403213216628
            ],
            "SE": [
                0.303237329866728,
                0.292633825690653,
                0.297911602257489,
                0.284215070025876,
                0.293981941597443,
                0.925146638605224,
                0.284298077446476,
                0.308807503123171,
                0.404540565066573
            ]
        },
        {
            "mean": [
                -1.74724318809239,
                0.470759096407569,
                -1.65400297974247,
                1.78249441865349,
                -1.34659190038454,
                0.935903944322985,
                1.68583254091007,
                -2.31601885285791,
                -0.583366594626463
            ],
            "median": [
                -1.75849341690198,
                0.472529108777145,
                -1.64883406511767,
                1.77968116083177,
                -1.34456107636261,
                0.93520959372109,
                1.689588130263,
                -2.3066777703776,
                -0.581895292226557
            ],