{
    "uid": "6ee57964-424a-469a-b405-156a637f5099",
    "scenario_uid": "b56e398eaedbdad34cec9e8a634c0fba",
    "iteration_uid": "7b003dc31db5a4a1883beb5f2709fd66",
    "PD_subj": [
        {
            "mean": [
                -0.22605744141673,
                1.62421295164551,
                -0.0391064681512348,
                -2.04998696000964,
                -1.8866020692544,
                -1.87510852972745,
                -1.23840102510664,
                -0.192048907831565,
                1.46961497621695
            ],
            "median": [
                -0.234050993095034,
                1.624997638477,
                -0.0318268677099198,
                -2.05643452171859,
                -1.88710994301974,
                -1.87905297283531,
                -1.24985180241173,
                -0.187187628929609,
                1.46822214569662
            ],
            "SE": [
                0.345231488788382,
                0.295360140324477,
                0.295535666650184,
                0.291790142823422,
                0.273926634414476,
                0.309297936678136,
                0.38320454790946,
                0.300053168679598,
                0.293484258675142
            ]
        },
        {
            "mean": [
                -0.834912357462034,
                1.72588154469978,
                1.74153841055608,
                0.176562189631369,
                -1.56275538469219,
                -1.54061562244328,
                1.48847630529334,
                -2.41483335919875,
                -2.39596113777127
            ],
            "median": [
                -0.827939066522787,
                1.72561210705948,
                1.72910492547887,
                0.178932115817207,
                -1.56359342455914,
                -1.5294486440203,
                1.48432771712247,
                -2.41245738368534,
                -2.39569988731629
            ],
            "SE": [
                0.344760275934958,
                0.301562006119567,
                0.323597651665001,
                0.277869371403973,
                0.301631829695029,
                0.320079843430976,
                0.362612661795012,
                0.304282599727219,
                0.300327511470502
            ]
        },
        {
            "mean": [
                -0.423863227362376,
                -2.72000631815047,
                3.48791945214437,
                -0.244830267388608,
                -3.14835334461152,
                -2.73909988609179,
                1.94514240207595,
                0.697663955432932,
                -0.784750874143665
            ],
            "median": [
                -0.425041185821636,
                -2.7243564711314,
                3.48248153947349,
                -0.241583646802368,
                -3.14788962837084,
                -2.72671412618657,
                1.94987365810316,
                0.701881625411371,
                -0.780861913890807
            ],
            "SE": [
                0.34399194441196,
                0.298468279222302,
                0.311277803163091,
                0.27885741614081,
                0.284898469715559,
                0.305361839895442,
                0.357730122825358,
                0.292208695657705,
                0.292269595539752
            ]
        },
        {
            "mean": [
                0.277798846415516,
                -0.383644734658802,
                -0.756105299454479,
                -1.04683971564339,
                -3.14266630648204,
                2.85831169407163,
                -1.09271018889938,
                -0.350163880189492,
                -1.49021263481223
            ],
            "median": [
                0.263078792850956,
                -0.388686895662148,
                -0.748532857930542,
                -1.04243654385701,
                -3.13828134718867,
                2.8540009559991,
                -1.09708426315922,
                -0.345152711629479,
                -1.49670477110306
            ],
            "SE": [
                0.348660496709981,
                0.295388698881391,
                0.314399465793728,
                0.284306216559182,
                0.287243174553188,
                0.297783766252841,
                0.367976043249346,
                0.296188364295749,
                0.288308122375016
            ]
        },
        {
            "mean": [
                -1.02603611705284,
                1.21798203892058,
                2.39388042362078,
                0.176722703097172,
                -1.18900304439939,
                1.48133016157575,
                0.772028169951942,
                0.870915533146325,
                -0.44612308326319
            ],
            "median": [
                -1.02668899255091,
                1.2113339456967,
                2.38898639942884,
                0.180021043951914,
                -1.18877763126939,
                1.48296328659646,
                0.768253987737212,
                0.863766615992841,
                -0.440509524412492
            ],
            "SE": [
                0.342723592867055,
                0.29846408188177,
                0.310400574639019,
                0.277183139129805,
                0.279002966128025,
                0.289828630626272,
                0.365911835068817,
                0.29357206732086,
                0.288509450599275
            ]
        },
        {
            "mean": [
                0.479283610519404,
                0.835305229077172,
                -2.85388652661167,
                1.33759974926343,
                -2.77121992041015,
                -1.19684885625245,
                -0.442192598678144,
                -2.05215667347916,
                -0.337993173139852
            ],
            "median": [
                0.485859437827609,
                0.837483094587197,
                -2.86248971875052,
                1.34029838135341,
                -2.76625194601649,
                -1.19521020995476,
                -0.444966113735068,
                -2.05027420183473,
                -0.326414972785462
            ],
            "SE": [
                0.341187176070576,
                0.298360529939155,
                0.306368507046508,
                0.280556832751183,
                0.290458715556108,
                0.305031998424784,
                0.36738114295867,
                0.302987328223172,
                0.291154976867692
            ]
        },
        {
            "mean": [
                -0.736213275027085,
                -2.50030168095221,
                2.06839656935514,
                0.385666006807601,
                -1.13668721639311,
                0.273633308655285,
                3.53912001444206,
                3.03891016420535,
                -0.680425765341843
            ],
            "median": [
                -0.732668261238714,
                -2.5020003367252,
                2.06769448504657,
                0.391340906640217,
                -1.13658693982165,
                0.270922104064095,
                3.53926433340271,
                3.0398429280252,
                -0.677135842947437
            ],