{
    "uid": "50c32d56-cea6-4057-b2cb-148117e99c3a",
    "scenario_uid": "b56e398eaedbdad34cec9e8a634c0fba",
    "iteration_uid": "7b9162186a6fbe5914e96ca868e35a77",
    "PD_subj": [
        {
            "mean": [
                0.78540157732616,
                0.183431124677078,
                0.250870833479846,
                0.96787070723684,
                1.30245909537108,
                -1.03727972041926,
                2.88673239432308,
                0.878357609331977,
                -1.8230824074469
            ],
            "median": [
                0.790191689353418,
                0.191368651495377,
                0.255089289612527,
                0.967667433182182,
                1.30483616226288,
                -1.0368023692248,
                2.88566692011013,
                0.897685988869497,
                -1.81947192760064
            ],
            "SE": [
                0.28930568700393,
                0.59402540084608,
                0.289067811245385,
                0.306977255750219,
                0.748028512113682,
                0.290904881408365,
                0.30773298740169,
                0.497734962498569,
                0.292848922836118
            ]
        },
        {
            "mean": [
                0.644449772426729,
                -0.220833438059056,
                4.17670189564063,
                -1.48244865931999,
                1.43053256258305,
                1.18093551220624,
                -1.99295499574799,
                -3.44600352129843,
                0.450999035048268
            ],
            "median": [
                0.644259064762024,
                -0.204169274865203,
                4.17620058060129,
                -1.48355068220204,
                1.42671067848688,
                1.18433668272932,
                -1.99515759634723,
                -3.43296701786737,
                0.446631854843136
            ],
            "SE": [
                0.289207683530495,
                0.60307450830859,
                0.295036350445096,
                0.301267789149958,
                0.742701635632973,
                0.289933824130309,
                0.308636190728857,
                0.494610019206638,
                0.295075835918877
            ]
        },
        {
            "mean": [
                -0.437633578478183,
                -1.65607825334341,
                -1.05438524370761,
                -0.367850967728183,
                -3.50285981243499,
                0.239041391730451,
                -2.70357027357224,
                -2.7445152254152,
                -0.534522528716858
            ],
            "median": [
                -0.43055622953734,
                -1.6726070866066,
                -1.06644067083632,
                -0.365001753698033,
                -3.50348541959432,
                0.237911631213656,
                -2.71234465820226,
                -2.7524529589873,
                -0.532037470381341
            ],
            "SE": [
                0.290236328737862,
                0.591241277605205,
                0.29297492507738,
                0.299831459031962,
                0.745804870598126,
                0.300606652018682,
                0.307868680557698,
                0.49587407390679,
                0.299535515555179
            ]
        },
        {
            "mean": [
                -0.969609963950594,
                1.03135693714074,
                -0.24412461024137,
                3.49474486322929,
                0.83586318595747,
                -1.41058998378801,
                1.14389809573027,
                -3.20046684392083,
                1.75024549318269
            ],
            "median": [
                -0.961728024874656,
                1.03090298921318,
                -0.246259331999372,
                3.50020146953362,
                0.837908327686326,
                -1.41180937592914,
                1.14080676732629,
                -3.20842823237551,
                1.75241215076509
            ],
            "SE": [
                0.297556344166624,
                0.594749185883438,
                0.28676615911943,
                0.294144158693328,
                0.750196564839882,
                0.296824393690612,
                0.297668515289145,
                0.513568263886368,
                0.308861237232093
            ]
        },
        {
            "mean": [
                -1.67522088542276,
                -0.235291460261524,
                -0.457943994988836,
                1.74085265286314,
                -2.19110131925728,
                -2.29502830395189,
                1.10769221563061,
                1.92684728914487,
                -0.33100023011446
            ],
            "median": [
                -1.66343546119615,
                -0.23384656274272,
                -0.463728137595509,
                1.74586965927556,
                -2.18030678301476,
                -2.29511247229244,
                1.10046387414185,
                1.92695755721713,
                -0.329206814618954
            ],
            "SE": [
                0.290409036511455,
                0.581599179136036,
                0.288900797046167,
                0.298968666228724,
                0.749827322564247,
                0.287605576804806,
                0.299427343532089,
                0.528022367398347,
                0.295505807136848
            ]
        },
        {
            "mean": [
                0.85764859671666,
                1.78476363846344,
                1.41194159577671,
                2.92885052616725,
                -0.863464809988816,
                -1.19824245176046,
                1.52118938858215,
                3.28672792079273,
                -0.11227632762433
            ],
            "median": [
                0.846436487036721,
                1.79633400297581,
                1.4126374223193,
                2.92348659822507,
                -0.870079183421417,
                -1.19618496967021,
                1.53478252601109,
                3.28487445915066,
                -0.112322617588972
            ],
            "SE": [
                0.292190045164676,
                0.585498166261195,
                0.302020983714378,
                0.299301291140855,
                0.738548953814811,
                0.292035331467558,
                0.307232997290516,
                0.489848005994258,
                0.301218357609682
            ]
        },
        {
            "mean": [
                -0.830207872196015,
                -2.91312300191811,
                -0.849281774196728,
                -0.97131110481154,
                -1.96398431716,
                -0.946486348387232,
                1.36332424649884,
                -4.53648561219318,
                1.26421520365931
            ],
            "median": [
                -0.843923861571898,
                -2.90085759571053,
                -0.856136020839883,
                -0.996870898959751,
                -1.94786823534682,
                -0.936027622329747,
                1.4020567234811,
                -4.53720571042193,
                1.20767836063668
            ],