{
    "uid": "bd35d165-c6d6-42da-b012-7d351ed80b43",
    "scenario_uid": "b56e398eaedbdad34cec9e8a634c0fba",
    "iteration_uid": "7c293fc7509f87e151341b30132cbb4f",
    "PD_subj": [
        {
            "mean": [
                -1.26015163182862,
                -0.0570601212497057,
                0.311762489509325,
                1.90047894415643,
                -1.89357294527849,
                -1.8444606387097,
                0.606651805306879,
                0.131882231392814,
                0.436943797554839
            ],
            "median": [
                -1.26519696777513,
                -0.157190247297074,
                0.402074520042961,
                1.89675935213702,
                -1.88875506211231,
                -1.85296085196559,
                0.610983275885826,
                0.0554210913398032,
                0.511260350074945
            ],
            "SE": [
                0.331866551002013,
                0.498964260893122,
                0.498028803228368,
                0.294708925461422,
                0.299375848222679,
                0.324171824631799,
                0.279970243350875,
                0.454945750846622,
                0.450942269298814
            ]
        },
        {
            "mean": [
                0.289710701459443,
                1.65167351144827,
                -1.39465318587463,
                1.00418795502936,
                -2.71231063125596,
                0.431892411787779,
                1.83122265825135,
                -2.27196485766818,
                0.773098780694905
            ],
            "median": [
                0.291976468411966,
                1.64297899619088,
                -1.4000630745737,
                1.00385975614895,
                -2.71779013829793,
                0.435860252756325,
                1.83356897844406,
                -2.28031009311111,
                0.770182291708832
            ],
            "SE": [
                0.344153762201391,
                0.293236306562144,
                0.291359621489144,
                0.298398501568484,
                0.294870135744573,
                0.297247700257571,
                0.273603657659722,
                0.289026261035609,
                0.275140323250291
            ]
        },
        {
            "mean": [
                0.293570316440041,
                -1.53778169073861,
                0.0865127363894484,
                1.108005491892,
                -2.16605914663358,
                -1.39201478752727,
                1.15384221639074,
                -0.97334000542279,
                -1.15764231463608
            ],
            "median": [
                0.280145549944788,
                -1.5423375548163,
                0.0848113368423682,
                1.11543132651678,
                -2.16319282329822,
                -1.39299947589361,
                1.15153595674029,
                -0.982275258874648,
                -1.15039755624304
            ],
            "SE": [
                0.339398813207885,
                0.287590775492549,
                0.289577117105539,
                0.305521590039904,
                0.292923904983824,
                0.298443690640377,
                0.276473916112171,
                0.292137203704171,
                0.283028749281956
            ]
        },
        {
            "mean": [
                -0.182614104160684,
                -1.5050087358828,
                -0.132148412580383,
                -0.629966812521406,
                -1.93291038095252,
                -0.0198901500463159,
                0.986468255603899,
                -2.19837203511693,
                1.43236768793022
            ],
            "median": [
                -0.179727684506896,
                -1.50448440562363,
                -0.135531236182205,
                -0.776593163940808,
                -1.92764262126011,
                0.121557989944664,
                0.895662318088592,
                -2.19360112222765,
                1.5129390473239
            ],
            "SE": [
                0.345800325834807,
                0.291954884157789,
                0.295801936862349,
                0.578949119767004,
                0.289802748315113,
                0.562652874502559,
                0.446255121091576,
                0.285144338914087,
                0.448832445757877
            ]
        },
        {
            "mean": [
                2.32279869279646,
                -0.10604196280816,
                2.14650599489528,
                -0.422607560447129,
                -2.98525668477025,
                -0.262343914899338,
                1.90168496119618,
                -1.1052361291595,
                1.20127758052936
            ],
            "median": [
                2.33456526620535,
                -0.112307788944085,
                2.14155481355248,
                -0.421197443601111,
                -2.98715030663675,
                -0.261801600470018,
                2.13625911102473,
                -1.10170790597872,
                0.959578877450733
            ],
            "SE": [
                0.397267863780793,
                0.292178219154021,
                0.321940928367776,
                0.345736276642673,
                0.291302608054868,
                0.320865064641336,
                0.665482613289494,
                0.288173016282966,
                0.675610076973821
            ]
        },
        {
            "mean": [
                -1.39160126649925,
                2.17241886280956,
                0.554009196313682,
                0.0584011976857686,
                -3.61131537247221,
                1.43267287045923,
                2.5119415586535,
                -2.18208831937599,
                -0.542249310445141
            ],
            "median": [
                -1.38381000822849,
                2.18145709338864,
                0.551831907817323,
                0.0605997895116704,
                -3.61665519754475,
                1.43117204482396,
                2.51316032078459,
                -2.18495214499988,
                -0.546324791735663
            ],
            "SE": [
                0.345440311112238,
                0.293954437880759,
                0.281695962185171,
                0.298744533130528,
                0.29402003528115,
                0.297788262667786,
                0.280907718660311,
                0.286205592955063,
                0.28012669033146
            ]
        },
        {
            "mean": [
                -2.54065521358883,
                -0.610545727276946,
                -0.617232397287622,
                0.43885423375459,
                -1.43664376372319,
                -1.36327094409564,
                1.91992632252076,
                -0.220690045399998,
                -0.158995991261227
            ],
            "median": [
                -2.52983258148921,
                -0.609119971713852,
                -0.606204232235841,
                0.442889037703931,
                -1.43383363577716,
                -1.39278933976784,
                1.92223427882063,
                -0.228953809364552,
                -0.184806634101223
            ],