{
    "uid": "65e59e12-a517-44ea-95d7-7017b6d84d6c",
    "scenario_uid": "b56e398eaedbdad34cec9e8a634c0fba",
    "iteration_uid": "7d4235e3c5a7768211a5a5280e731d15",
    "PD_subj": [
        {
            "mean": [
                -1.08093859837742,
                0.15764678459464,
                1.29641353397436,
                0.741764583563659,
                0.138743421323161,
                -1.59079790668652,
                0.707123062344069,
                -1.56606149537161,
                -0.821401863401379
            ],
            "median": [
                -1.08566921889148,
                0.150050911637253,
                1.29555183601302,
                0.74308414357672,
                0.137827652241726,
                -1.5959384205214,
                0.710118370496382,
                -1.56949991582763,
                -0.819949598608603
            ],
            "SE": [
                0.293777312421077,
                0.734057721801474,
                0.292244361287899,
                0.30776911284587,
                0.31462581832866,
                0.288131605887208,
                0.288477095294588,
                0.301344704718983,
                0.283395106392244
            ]
        },
        {
            "mean": [
                0.987585927189491,
                0.681634875780757,
                0.983624507853634,
                0.745829256578594,
                -1.45976611843561,
                0.754518219797325,
                0.747684905944964,
                -1.11547106055824,
                0.768091307485858
            ],
            "median": [
                0.98789832295176,
                0.684402975226399,
                0.981371427443677,
                0.750586231027496,
                -1.45535056225069,
                0.7532861476839,
                0.757039692735068,
                -1.1117797638837,
                0.762406206002088
            ],
            "SE": [
                0.30439309923328,
                0.732769493991926,
                0.289936524423296,
                0.331567705804392,
                0.317129754688493,
                0.290956131962666,
                0.301877869331935,
                0.300817158741398,
                0.30495946726449
            ]
        },
        {
            "mean": [
                -1.26200591352521,
                -2.02277361848142,
                3.55874747598247,
                0.351120713647075,
                -2.43743934434824,
                0.844007553428698,
                -0.617444443210687,
                0.657346212527002,
                0.96782800568481
            ],
            "median": [
                -1.26505072984667,
                -2.02822035698561,
                3.56077059836986,
                0.357154991665975,
                -2.43386772310506,
                0.842293693834965,
                -0.625540346044115,
                0.650365089061361,
                0.975706427619122
            ],
            "SE": [
                0.294939262231661,
                0.724733248139576,
                0.297291162177589,
                0.305045965933078,
                0.313758619013504,
                0.279834280992228,
                0.294359965370925,
                0.303161009493928,
                0.288769572873659
            ]
        },
        {
            "mean": [
                -0.0782986360651206,
                0.0774756432941497,
                2.34588850164192,
                3.6375424484454,
                -2.15951806103021,
                -0.827351993230615,
                4.81356160657204,
                -1.72698224646063,
                0.29591483243176
            ],
            "median": [
                -0.0710859680350394,
                0.0696255372493286,
                2.34606954651305,
                3.64289097980759,
                -2.15648869885449,
                -0.827917059431083,
                4.80818049014917,
                -1.7220031039918,
                0.300318612939806
            ],
            "SE": [
                0.288857469851353,
                0.699030995622005,
                0.297987265767132,
                0.297654958603422,
                0.307853866312738,
                0.284149083858106,
                0.290665774224944,
                0.300671212714836,
                0.272600034008442
            ]
        },
        {
            "mean": [
                0.819384248149152,
                -2.1300084866626,
                0.80694086388253,
                0.956605979354176,
                -0.860774469010114,
                0.96395514237782,
                2.5289849989166,
                1.43547900432407,
                2.54208456046211
            ],
            "median": [
                0.815863638238052,
                -2.13532479081372,
                0.809235270550036,
                0.956914131725356,
                -0.869863389405891,
                0.969078121252166,
                2.5301284786418,
                1.43213449931436,
                2.54195756572485
            ],
            "SE": [
                0.299707092694393,
                0.712082602843772,
                0.301194415971719,
                0.317815768261629,
                0.315742674848323,
                0.294227005462768,
                0.313656112434184,
                0.305030687283528,
                0.289759355654061
            ]
        },
        {
            "mean": [
                -1.88973318867007,
                -0.448362293180415,
                0.0610082572181658,
                2.23597636311452,
                -0.914735799678305,
                1.55719929857324,
                0.494978627566091,
                -3.67298454379358,
                -0.0756105638964079
            ],
            "median": [
                -1.89296227229391,
                -0.447380256779572,
                0.0625216582828556,
                2.23618405682039,
                -0.917990515632371,
                1.55242068101324,
                0.504075870019534,
                -3.67686349068271,
                -0.0799541551496432
            ],
            "SE": [
                0.29629276409896,
                0.728321083331124,
                0.293453257676,
                0.296639802727573,
                0.31657698608602,
                0.276671256037941,
                0.295810328025023,
                0.301190154820973,
                0.283991258556414
            ]
        },
        {
            "mean": [
                -0.315320879167556,
                0.196579602590266,
                0.671393817388868,
                -2.45720548504607,
                -2.00854786139599,
                0.59692283494646,
                -0.456495917135214,
                -2.46965570562421,
                -0.315195775746383
            ],
            "median": [
                -0.314017115813695,
                0.188246132434155,
                0.672561025519051,
                -2.45845500157701,
                -2.01341677619613,
                0.597178105874652,
                -0.462406976750789,
                -2.47069585663808,
                -0.3142544803988
            ],