{
    "uid": "cfc7699e-0b68-45ae-a05c-26dca78c59d3",
    "scenario_uid": "b56e398eaedbdad34cec9e8a634c0fba",
    "iteration_uid": "7dbab598512846b1431624a49e3bcab7",
    "PD_subj": [
        {
            "mean": [
                0.425937580283238,
                -1.66645564388357,
                0.462548322873306,
                -0.166661213147326,
                -3.21596525382627,
                -0.215532244338247,
                1.14470742785173,
                -1.45875397199213,
                1.13928611930408
            ],
            "median": [
                0.422073862815513,
                -1.66268773179265,
                0.456979872403485,
                -0.14915658114198,
                -3.22070885953831,
                -0.216110278094585,
                1.15718051267284,
                -1.45827447468014,
                1.14877411059002
            ],
            "SE": [
                0.34881265906178,
                0.307277712611177,
                0.348249402430056,
                0.408906244571837,
                0.310680917400859,
                0.404980114282394,
                0.322348170010753,
                0.301797913370429,
                0.295616279282456
            ]
        },
        {
            "mean": [
                -0.820957112351807,
                1.45105812244566,
                -0.820177355627469,
                0.74709859265377,
                -2.36797029065666,
                0.752971033025992,
                0.46909648675155,
                1.48831725805622,
                0.473088197650874
            ],
            "median": [
                -0.816405346457519,
                1.44742328985264,
                -0.822643729886655,
                0.758889243667566,
                -2.3747945862495,
                0.749648913430019,
                0.472324221609743,
                1.48861633302018,
                0.472711688356939
            ],
            "SE": [
                0.296214987428845,
                0.306079311340164,
                0.290652210096805,
                0.306200866636245,
                0.299749132664982,
                0.321389955665711,
                0.322627090985488,
                0.305805919551273,
                0.304810808417539
            ]
        },
        {
            "mean": [
                -0.677441715413149,
                0.657733910980463,
                0.375146959546955,
                0.307492757373755,
                -2.38568306124225,
                -0.832489640146302,
                2.32002190919728,
                -1.74561883300639,
                1.00802026581612
            ],
            "median": [
                -0.676107137913831,
                0.655393850267453,
                0.376214148608332,
                0.302484575468629,
                -2.3887673268896,
                -0.834381562996278,
                2.32245903322157,
                -1.75172852269655,
                1.00106701132439
            ],
            "SE": [
                0.278128301280501,
                0.305446368702772,
                0.289921723112371,
                0.275219143777682,
                0.306019356608524,
                0.290361782206228,
                0.28869909987355,
                0.301554275090806,
                0.281410307305647
            ]
        },
        {
            "mean": [
                -0.798107201447472,
                0.405237680498165,
                1.86458304569624,
                2.15413277130463,
                -2.28368535873362,
                1.20636821145792,
                0.780073989552796,
                -1.11752207248558,
                -0.356942776981069
            ],
            "median": [
                -0.80629538801769,
                0.406197775954821,
                1.86369706909479,
                2.15286755708429,
                -2.27669853299105,
                1.20018611580994,
                0.782913476746445,
                -1.11475885772122,
                -0.359353678609541
            ],
            "SE": [
                0.271090175602943,
                0.299004318472189,
                0.289216969456427,
                0.266454855215532,
                0.306699489751999,
                0.296588047031166,
                0.285881509185265,
                0.301070785070832,
                0.293544668641783
            ]
        },
        {
            "mean": [
                -1.46521259546954,
                -2.19119957270427,
                -0.0669783414115075,
                0.967885291590592,
                0.211955532258977,
                -4.2572625191963,
                1.84522782577642,
                -0.199551138419094,
                1.74292943006822
            ],
            "median": [
                -1.46678152327032,
                -2.18221140806758,
                -0.0728476370532587,
                0.971793256421526,
                0.218876096409418,
                -4.25525872825468,
                1.8508642675256,
                -0.199670489257769,
                1.74671145582197
            ],
            "SE": [
                0.278095610610165,
                0.305781186252145,
                0.287640334309252,
                0.283701217407943,
                0.301272712651456,
                0.299861683392462,
                0.301098048516363,
                0.300849494388584,
                0.285517843587007
            ]
        },
        {
            "mean": [
                0.864725221442544,
                0.405443224904937,
                1.63526733202464,
                1.56882715836081,
                -1.15519982126814,
                0.649549958781224,
                4.7826003889049,
                -1.72715505271878,
                -0.470824559486892
            ],
            "median": [
                0.868867609703189,
                0.40566581502496,
                1.62889658127839,
                1.57018878934278,
                -1.15069496805144,
                0.64651960286132,
                4.77622486590507,
                -1.72311326213628,
                -0.465761767418638
            ],
            "SE": [
                0.275831606809823,
                0.307706437030142,
                0.294848811885701,
                0.269590110964818,
                0.298979487499553,
                0.291851125168171,
                0.30271366177699,
                0.298371240921119,
                0.290136975027636
            ]
        },
        {
            "mean": [
                -0.781279152360902,
                -1.19169576221146,
                0.63607701460335,
                1.36432761478636,
                -2.21497522846611,
                0.137157472937411,
                1.03025148225982,
                1.09390072639787,
                -0.335512536897857
            ],
            "median": [
                -0.783087673269925,
                -1.19267980207892,
                0.638265217401671,
                1.36590416751941,
                -2.21780067754271,
                0.148190491477099,
                1.02739922386913,
                1.10457357776611,
                -0.333160090922837
            ],