{
    "uid": "76dcf34d-3d23-4020-ae15-5556aeef7245",
    "scenario_uid": "b56e398eaedbdad34cec9e8a634c0fba",
    "iteration_uid": "7de8c1a2af98e97e6688034c3c866717",
    "PD_subj": [
        {
            "mean": [
                -0.229766187607077,
                1.34352165613002,
                1.45483105984571,
                2.44655175203465,
                0.0179082513312717,
                0.643579619557267,
                0.104005444034329,
                -2.26409316625824,
                0.754373870998292
            ],
            "median": [
                -0.233567474965596,
                1.3420112847962,
                1.45301949502051,
                2.45358184011766,
                0.0317496113920167,
                0.638821907500986,
                0.110751881212325,
                -2.25420060177194,
                0.754669014436679
            ],
            "SE": [
                0.283016126531213,
                0.304032995743077,
                0.266137027349094,
                0.315870445666651,
                0.288041790652613,
                0.295488714065747,
                0.304495616606315,
                0.29917273720899,
                0.277532753942081
            ]
        },
        {
            "mean": [
                1.03939660062632,
                -2.47719654641665,
                1.30352595396371,
                4.34084717885674,
                -0.0428079261905135,
                1.91088532275464,
                1.48589657851219,
                -0.544652897388193,
                0.794637704202644
            ],
            "median": [
                1.04074625397499,
                -2.47780627969779,
                1.2977834621778,
                4.34128194753541,
                -0.0386901864542469,
                1.90598580772198,
                1.48555757941764,
                -0.540681873138722,
                0.79180668334935
            ],
            "SE": [
                0.267105085994501,
                0.306156583406424,
                0.266902091040015,
                0.304363142121402,
                0.288015955690014,
                0.294279786815095,
                0.301358449445399,
                0.297686952168316,
                0.275440614706396
            ]
        },
        {
            "mean": [
                0.828197762598032,
                0.421236937268742,
                0.283539343723253,
                -2.01286836913932,
                -1.15438603218158,
                -1.41900416606792,
                1.63745653471001,
                -0.682537694307483,
                1.05908392105635
            ],
            "median": [
                0.871335722557408,
                0.42500815326074,
                0.245607087961405,
                -2.05240263347746,
                -1.15903926144944,
                -1.38099095592114,
                1.68320460094094,
                -0.685665466726044,
                1.00789086125406
            ],
            "SE": [
                0.363858701196474,
                0.295090807707181,
                0.361895837152328,
                0.397395583075968,
                0.293357821927012,
                0.405655953922473,
                0.391064131859325,
                0.306068081219741,
                0.379498528092427
            ]
        },
        {
            "mean": [
                -0.2953828230682,
                -0.306587098315798,
                0.359248763698371,
                -1.53079802558289,
                -1.61059496338636,
                0.266320939180102,
                -1.05677065457996,
                -1.12770685540504,
                -0.0422391677425632
            ],
            "median": [
                -0.300597462572535,
                -0.301112605418626,
                0.362199553000433,
                -1.48785568931874,
                -1.65564859909787,
                0.27538439568119,
                -0.996770627713257,
                -1.21243058879966,
                -0.0379462964204846
            ],
            "SE": [
                0.273915028925811,
                0.301065974039096,
                0.260385324303012,
                0.560440295038194,
                0.559473381813044,
                0.295962045868235,
                0.592675604925076,
                0.598852046331548,
                0.285917503592226
            ]
        },
        {
            "mean": [
                -1.41890942439485,
                -2.55909086444241,
                1.28215341888597,
                0.606566488237283,
                -3.21227082806243,
                1.16154470415755,
                -0.374946562179929,
                -0.861221699198184,
                0.863356230367736
            ],
            "median": [
                -1.42096426329495,
                -2.56362087150841,
                1.28333251493917,
                0.610100214292936,
                -3.21201301779604,
                1.15371214759687,
                -0.375261848973596,
                -0.857912671750744,
                0.866220322188355
            ],
            "SE": [
                0.277972015108708,
                0.296262274372663,
                0.271911826192923,
                0.301397819606562,
                0.302054948583654,
                0.29284927451359,
                0.310119842183023,
                0.284706991964015,
                0.280241545947785
            ]
        },
        {
            "mean": [
                -1.3057462078397,
                -0.977998379378857,
                0.392031322524067,
                -0.651820306244685,
                0.292637303437367,
                1.90128605935251,
                1.86966084204479,
                -2.04580043675519,
                0.156173130637678
            ],
            "median": [
                -1.30276923734664,
                -0.979862538174217,
                0.399316827018389,
                -0.644711478131997,
                0.295088016060703,
                1.89527297435142,
                1.86851897279748,
                -2.05925058887196,
                0.162609096939057
            ],
            "SE": [
                0.274219848910746,
                0.300787779573567,
                0.264843318860334,
                0.324247900544267,
                0.287794233281293,
                0.294651301050797,
                0.297940532474678,
                0.290932573881111,
                0.277021464754573
            ]
        },
        {
            "mean": [
                -0.995240747470846,
                -0.40154376637912,
                1.13195017422326,
                -0.40007076993144,
                -1.64575372008841,
                -0.804510522767045,
                0.795776352276746,
                -2.38764467516586,
                1.74064584730421
            ],
            "median": [
                -1.00031141014949,
                -0.398758485273639,
                1.13568075371612,
                -0.394111130801032,
                -1.64320776149811,
                -0.80928318619338,
                0.800999602639945,
                -2.38670550177663,
                1.74324710983364
            ],