{
    "uid": "b797072d-e709-4366-a018-8d9dd4ea40f8",
    "scenario_uid": "b56e398eaedbdad34cec9e8a634c0fba",
    "iteration_uid": "7e48ab25441f16bcde91afe0d2c378d9",
    "PD_subj": [
        {
            "mean": [
                -1.0319234995323,
                -1.9666778009841,
                1.93224717302723,
                2.80606935848855,
                -1.85950636962361,
                -0.573126797029432,
                1.19987700508693,
                -1.49140809418448,
                -1.87661111540625
            ],
            "median": [
                -1.03573206395726,
                -1.96944491502865,
                1.93039139615836,
                2.80486330919152,
                -1.866173574036,
                -0.573127625624613,
                1.19120915742967,
                -1.50061084903513,
                -1.8767179887708
            ],
            "SE": [
                0.292512251106296,
                0.376471976221756,
                0.296488315490494,
                0.285768123642498,
                0.459333556577071,
                0.289697115000853,
                0.291616614240426,
                0.377988525948834,
                0.29275000185814
            ]
        },
        {
            "mean": [
                -0.240659293567376,
                -2.49751548975106,
                0.516990429283016,
                -0.721981100687631,
                -1.22324866792936,
                -1.01593989120794,
                2.51879650404706,
                -3.13508560802125,
                -1.05297362945832
            ],
            "median": [
                -0.247980106807469,
                -2.49952974753279,
                0.520926131262202,
                -0.724417670063192,
                -1.21380703212166,
                -1.02308715699378,
                2.51438055570583,
                -3.1356511079325,
                -1.04382555648089
            ],
            "SE": [
                0.298965574308668,
                0.37799266810602,
                0.294282589824989,
                0.281674645167315,
                0.466240215633397,
                0.301270458076606,
                0.29179622464527,
                0.379298528381174,
                0.291464052124274
            ]
        },
        {
            "mean": [
                0.985065647045587,
                -1.40227449463648,
                2.50128603028118,
                2.13604348386835,
                0.599485857959646,
                0.922655809357661,
                -0.340162342840728,
                1.00805393979693,
                -4.08106302368629
            ],
            "median": [
                0.98752839826965,
                -1.39415380008005,
                2.49696390710405,
                2.13189987803942,
                0.602768908143061,
                0.926405566207654,
                -0.343446064409317,
                1.00343648206176,
                -4.08011368949737
            ],
            "SE": [
                0.301423957212552,
                0.390322643908447,
                0.296285972728841,
                0.281722873259019,
                0.450045646679795,
                0.300067815348635,
                0.291315651464083,
                0.380279587359125,
                0.29728307605071
            ]
        },
        {
            "mean": [
                -0.650865777720074,
                -1.47209875768485,
                -0.141796339147378,
                1.65234096898835,
                -2.28617185646712,
                -1.44550694633196,
                0.341287655439118,
                -3.26096630965423,
                -2.98328282426011
            ],
            "median": [
                -0.646472471637535,
                -1.49350789686705,
                -0.135200298303732,
                1.65119017503945,
                -2.28861089899182,
                -1.43950918396505,
                0.340274336542942,
                -3.24974640285171,
                -2.98184618483967
            ],
            "SE": [
                0.298879333523833,
                0.470593634092068,
                0.300042007733394,
                0.283306608546584,
                0.486138011800282,
                0.300131517313313,
                0.287943722952613,
                0.378860345888948,
                0.299327199978062
            ]
        },
        {
            "mean": [
                0.144946939397178,
                0.104532909709059,
                -0.22195635254327,
                0.907030145222391,
                -0.855490371964623,
                2.58458536541134,
                2.34451935357809,
                -1.2860058575293,
                -0.520722003852221
            ],
            "median": [
                0.146445925437485,
                0.100393985783695,
                -0.212535250609292,
                0.903727972909217,
                -0.867543979075447,
                2.58773045713124,
                2.34356541703159,
                -1.28817930384953,
                -0.51969532585744
            ],
            "SE": [
                0.300347636606425,
                0.382660224626362,
                0.307919912305259,
                0.284027496304115,
                0.447438121269304,
                0.294560240927681,
                0.291139935440696,
                0.384371366909593,
                0.29137255710159
            ]
        },
        {
            "mean": [
                -1.78923152354603,
                -0.170879298497279,
                0.701260215852648,
                1.43342968348888,
                -2.61635736354971,
                -1.75179945508263,
                0.763753824529667,
                -3.00800490791103,
                1.07951213385497
            ],
            "median": [
                -1.78468373599655,
                -0.173091492144239,
                0.704068999589381,
                1.43034074635106,
                -2.62708425961052,
                -1.76659577548097,
                0.763068769691828,
                -3.00253620155719,
                1.08116308501554
            ],
            "SE": [
                0.294731493744925,
                0.377285792380801,
                0.29980530550199,
                0.283749286723659,
                0.457200206279295,
                0.307161700185177,
                0.277279241776259,
                0.383243683469732,
                0.306095010422941
            ]
        },
        {
            "mean": [
                -1.57406646180264,
                -2.39265447764439,
                0.656206417283562,
                1.23584039806353,
                -1.69012315496502,
                -0.959795701524826,
                0.597651768381009,
                -0.0757639885505206,
                -0.376345799134616
            ],
            "median": [
                -1.56809769456269,
                -2.38645899925092,
                0.653627278847155,
                1.23785863450882,
                -1.67903857628422,
                -0.963223982556243,
                0.601022001001996,
                -0.0829669629467327,
                -0.39234803503016
            ],