{
    "uid": "0ebac8ab-37cd-4023-b520-e5141c7f3092",
    "scenario_uid": "b56e398eaedbdad34cec9e8a634c0fba",
    "iteration_uid": "7f3a96dcbdd16110463e69de012907c2",
    "PD_subj": [
        {
            "mean": [
                -1.13821906720545,
                -0.944918373367578,
                -0.417996222420707,
                1.02807077639531,
                -1.61893819368023,
                -2.67521776051495,
                0.588576661294553,
                0.501879303155827,
                -1.48042418212658
            ],
            "median": [
                -1.13699797874794,
                -0.945077149602198,
                -0.424606878549016,
                1.02435875526923,
                -1.61935360906406,
                -2.67269374052706,
                0.591259736536137,
                0.497230807622509,
                -1.47888185919203
            ],
            "SE": [
                0.255394892138491,
                0.314443101343007,
                0.294671717649633,
                0.304576318375619,
                0.304574716067934,
                0.304117370907059,
                0.309739247872498,
                0.295851268705905,
                0.307959551267806
            ]
        },
        {
            "mean": [
                0.220192052137914,
                -4.56241838554091,
                0.182986698489774,
                -0.248126975842565,
                -0.731393384123186,
                -0.443324051029201,
                -1.01543448577711,
                0.654470111927548,
                -1.34464405423579
            ],
            "median": [
                0.230785400841122,
                -4.56087179732901,
                0.191233517603658,
                -0.197458042923113,
                -0.735260798817276,
                -0.505277616995145,
                -0.840859276823102,
                0.652703753071209,
                -1.50632665697253
            ],
            "SE": [
                0.277738761275559,
                0.308217110848555,
                0.308770734823753,
                0.448649290722386,
                0.305959009823556,
                0.449369673965826,
                0.632699947234132,
                0.288181676122279,
                0.631269903855379
            ]
        },
        {
            "mean": [
                -0.772897275850208,
                -0.59851776789174,
                1.56506336563971,
                -0.660419972361472,
                -1.75532685888448,
                4.27930185315557,
                -0.200195429925256,
                -2.19084276917512,
                -2.60808964366857
            ],
            "median": [
                -0.773848110818346,
                -0.594596422116061,
                1.56408829236989,
                -0.658982223872818,
                -1.74971447941057,
                4.28399682492466,
                -0.20110635984869,
                -2.18465665353024,
                -2.6073427628099
            ],
            "SE": [
                0.249442006722791,
                0.30484776985111,
                0.297680332910989,
                0.305174364065793,
                0.298180169585132,
                0.307263152421908,
                0.309851955192368,
                0.291374136980785,
                0.320925026893947
            ]
        },
        {
            "mean": [
                -0.979619856386859,
                -2.83704244604366,
                -1.0795585758944,
                -1.61569687672206,
                0.499720541506055,
                0.190249244618686,
                0.465325591807493,
                -0.970993877968597,
                0.259338295010439
            ],
            "median": [
                -0.976669409166746,
                -2.83665090148152,
                -1.07925480071337,
                -1.61679536582044,
                0.498801266967265,
                0.194559607034515,
                0.466153795478473,
                -0.970923017871915,
                0.250368236279255
            ],
            "SE": [
                0.253946907321148,
                0.303022516603172,
                0.296261244858843,
                0.30506342928061,
                0.294752192939824,
                0.312029497523807,
                0.306186370755084,
                0.301807629438907,
                0.31447262636648
            ]
        },
        {
            "mean": [
                -0.344037058779016,
                -2.993762318602,
                1.82604690451519,
                1.75902067676194,
                -1.40349841388225,
                -1.05011163682381,
                -2.80907739988798,
                0.415234822616541,
                -0.691234359661881
            ],
            "median": [
                -0.345722354501462,
                -2.99487549637373,
                1.82147459980848,
                1.75794241379713,
                -1.3955498681669,
                -1.04395689883717,
                -2.80975408946649,
                0.419386499249849,
                -0.697050534132999
            ],
            "SE": [
                0.253676182935843,
                0.308192317985373,
                0.294917565607445,
                0.3086012434402,
                0.30469032848813,
                0.308416850181721,
                0.300602182140615,
                0.296366895429015,
                0.309104501902562
            ]
        },
        {
            "mean": [
                -0.671710294044425,
                -0.0175482089860253,
                0.200517232905587,
                3.04165495332877,
                -3.959395407863,
                0.223722608228746,
                -1.97965066677832,
                -0.636340254231915,
                -1.75628724581029
            ],
            "median": [
                -0.674458803592283,
                -0.0295214190514043,
                0.208484166668465,
                3.04582172224716,
                -3.95512973609215,
                0.222969705608345,
                -1.98037510510748,
                -0.640388918611009,
                -1.75811249700414
            ],
            "SE": [
                0.263491539374474,
                0.301677378666972,
                0.294924941129268,
                0.308865832748843,
                0.304402335211527,
                0.306605777508923,
                0.309671206934254,
                0.292829917754323,
                0.312592929222662
            ]
        },
        {
            "mean": [
                -1.09661723256579,
                -0.809257897825023,
                2.35392823928977,
                2.01796741341669,
                -1.2049805443799,
                -0.160666967815637,
                0.943641440210965,
                -2.7738503828994,
                -0.758466918900287
            ],
            "median": [
                -1.0980075676967,
                -0.804487384933235,
                2.35112920432126,
                2.02373692503633,
                -1.20688445806589,
                -0.157107991493242,
                0.940217896745811,
                -2.76769332531182,
                -0.751232436911769
            ],