{
    "uid": "1b6415c3-c30a-4196-bde6-8d55a701fb5e",
    "scenario_uid": "b56e398eaedbdad34cec9e8a634c0fba",
    "iteration_uid": "7f91d5b248e760ab28816761f91b1959",
    "PD_subj": [
        {
            "mean": [
                -0.487754015899545,
                -0.572818154738488,
                -0.541802729017647,
                -1.15452430461317,
                -1.34175317421405,
                -1.23687931289801,
                0.730818935304676,
                -0.599651297724479,
                -0.942602215197122
            ],
            "median": [
                -0.499656627814484,
                -0.539676518797958,
                -0.552840049956314,
                -1.2577454356706,
                -1.3754814621974,
                -1.39681324285583,
                0.759558563152477,
                -0.518941567577019,
                -1.5830228471098
            ],
            "SE": [
                0.333475101522407,
                0.382607198004077,
                0.344388860752164,
                0.599466067878093,
                0.95614132817156,
                0.582879328324645,
                0.415837260090624,
                1.29173827736801,
                1.1921838352471
            ]
        },
        {
            "mean": [
                -0.855866417657889,
                0.534192098825329,
                2.81675994167836,
                1.86707511453163,
                -1.55512866334471,
                0.250197042806057,
                0.0915852212341952,
                -1.83111848444022,
                -0.460801151051831
            ],
            "median": [
                -0.852317563020384,
                0.52870506066072,
                2.8178327263795,
                1.86082807386503,
                -1.5707857606319,
                0.248129092455624,
                0.0921764182532523,
                -1.84571009828994,
                -0.460249297923212
            ],
            "SE": [
                0.308431989365418,
                0.293866511989601,
                0.326403929540513,
                0.288996215626026,
                0.84894212761515,
                0.291343694967564,
                0.303840854087874,
                0.295621043298141,
                0.299927250849991
            ]
        },
        {
            "mean": [
                -0.399843033763203,
                -1.20564170172701,
                -0.902276530896313,
                -0.420410040863969,
                -2.73301912779788,
                0.0966502348593527,
                -0.776448865468916,
                -0.0493480671488345,
                -0.647023521018567
            ],
            "median": [
                -0.263972262023672,
                -1.20615339822194,
                -1.07314709417413,
                -0.556099716247787,
                -2.79542746065775,
                0.236131429697273,
                -0.80118542660261,
                -0.0454906310303497,
                -0.635326328751266
            ],
            "SE": [
                0.559144185590031,
                0.291196896465632,
                0.650726810948145,
                0.544318606711847,
                0.933920598092813,
                0.559236660959058,
                0.365252508533196,
                0.299403200014913,
                0.343727645041814
            ]
        },
        {
            "mean": [
                2.45679992829696,
                -1.34935003746655,
                3.09301047646034,
                0.24057870384768,
                -1.29212249360119,
                -1.72918447548626,
                3.28267059093973,
                -2.10593191459371,
                -0.649458189015556
            ],
            "median": [
                2.45913147052469,
                -1.34608968193874,
                3.09485455480093,
                0.237618003118426,
                -1.27682037437648,
                -1.73252067359841,
                3.28509500938497,
                -2.10089954331871,
                -0.649936294202109
            ],
            "SE": [
                0.306603700905871,
                0.289845106882345,
                0.3163374829369,
                0.288163432758141,
                0.835032435015797,
                0.28819173078564,
                0.308738484510258,
                0.298081600739814,
                0.300526366502765
            ]
        },
        {
            "mean": [
                0.359018224067216,
                -2.90056839397851,
                3.31013941295187,
                1.80124877640512,
                -1.71211836133899,
                3.14110575570389,
                0.749481632697604,
                -2.60062150510139,
                -1.16493060749209
            ],
            "median": [
                0.366006319595978,
                -2.90350273665318,
                3.3146311582231,
                1.80567278489538,
                -1.68861352990605,
                3.14400411642379,
                0.749493458428265,
                -2.6085342689,
                -1.15591405376132
            ],
            "SE": [
                0.306579520117276,
                0.293708561117982,
                0.312347341352742,
                0.300029174700021,
                0.824712976287063,
                0.287883056792972,
                0.30876337863532,
                0.307577081115712,
                0.298253334051236
            ]
        },
        {
            "mean": [
                -2.48475426314696,
                -1.62727068244072,
                -0.69911030184021,
                0.745164170411831,
                -4.06413851267371,
                -0.197080593620306,
                -1.67934356857401,
                -0.929325837979373,
                -1.50048089761429
            ],
            "median": [
                -2.4826550755837,
                -1.62907222213245,
                -0.710499614006378,
                0.746076162486325,
                -4.07063757479997,
                -0.198805538617908,
                -1.68001761557261,
                -0.923942344526357,
                -1.49918280564313
            ],
            "SE": [
                0.300297109802592,
                0.292547322337245,
                0.306782456408499,
                0.295671209459263,
                0.817937251379459,
                0.290481874437877,
                0.314935516630922,
                0.301458913298773,
                0.301472927006212
            ]
        },
        {
            "mean": [
                1.25859855660532,
                -1.34792034413615,
                1.24648120415797,
                -0.217858039371027,
                -0.059572462065214,
                -0.234266616124321,
                3.77380831437131,
                -0.772905756926164,
                3.79712695070164
            ],
            "median": [
                1.25060954377577,
                -1.34378262168369,
                1.24105856866478,
                -0.214202286152958,
                -0.0561149917255687,
                -0.229353956311895,
                3.7688996080611,
                -0.770962111264937,
                3.78985798832422
            ],