{
    "uid": "cb5cd2fb-5580-4b01-bf6f-953f86b70f56",
    "scenario_uid": "b56e398eaedbdad34cec9e8a634c0fba",
    "iteration_uid": "809bd276bcc2476c161bcfc911ac4dfd",
    "PD_subj": [
        {
            "mean": [
                -1.54285833760368,
                -1.54754517461475,
                0.775983453613025,
                1.8903327985413,
                1.86217156185312,
                0.119245668099942,
                -1.50249789752987,
                -1.48719704367108,
                -1.17840670009055
            ],
            "median": [
                -1.5485598243728,
                -1.54926521751054,
                0.779727076033252,
                1.88835100186577,
                1.86240721073083,
                0.126958150900336,
                -1.505022058486,
                -1.48845334278943,
                -1.17238302492578
            ],
            "SE": [
                0.312343907713358,
                0.312570043677651,
                0.422961797106801,
                0.300122639719894,
                0.313748571254357,
                0.529883089088641,
                0.309870260685657,
                0.3028927134715,
                0.405922418862465
            ]
        },
        {
            "mean": [
                -0.54771930700653,
                0.00723876239504037,
                -1.02890731610422,
                1.02039686319623,
                -1.35794864034748,
                -0.44598004579568,
                2.31765532383529,
                0.221782983494957,
                2.24656993324397
            ],
            "median": [
                -0.540060699282755,
                0.00691244390640616,
                -1.02252373533434,
                1.02443527054675,
                -1.35581258743073,
                -0.452737601407958,
                2.31656423659559,
                0.22063794352316,
                2.2485996854938
            ],
            "SE": [
                0.291242393405547,
                0.302925921409479,
                0.43952611996398,
                0.309362879188269,
                0.299168315493596,
                0.551886750916543,
                0.302719484108602,
                0.278840301323415,
                0.417256468093068
            ]
        },
        {
            "mean": [
                0.948872672506355,
                1.91410167533105,
                1.4254243691975,
                1.36184855586646,
                -1.47088185500717,
                -1.60940009850779,
                5.42710250769564,
                -0.0106864374602315,
                -0.549174578372916
            ],
            "median": [
                0.943277434777401,
                2.12598547558955,
                1.31028354870447,
                1.36044062662057,
                -1.45658609509591,
                -1.60959562876728,
                5.42797009495576,
                0.217666836594747,
                -0.695782558695276
            ],
            "SE": [
                0.284226669023749,
                0.640454528948529,
                0.706374772738069,
                0.281796413577371,
                0.340282193944307,
                0.53880594293177,
                0.299474174623876,
                0.651917753816296,
                0.696593979641615
            ]
        },
        {
            "mean": [
                0.546893719789061,
                -2.13380288196756,
                -0.665792014182456,
                0.316073842280044,
                -0.639736427186546,
                2.48049904038925,
                0.960560767462606,
                -0.494715198547111,
                -0.411118240742021
            ],
            "median": [
                0.536337789248042,
                -2.14012911187963,
                -0.646033840315391,
                0.313415795205895,
                -0.637794048074484,
                2.47795091798343,
                0.96773137781428,
                -0.490206812251822,
                -0.417198714616571
            ],
            "SE": [
                0.295012443645742,
                0.286668034157874,
                0.440526897994277,
                0.288693270548731,
                0.298314502778998,
                0.534366344303016,
                0.29486066994776,
                0.285009642229927,
                0.3941885358548
            ]
        },
        {
            "mean": [
                0.129684431320311,
                -1.90230710394653,
                1.64401846562175,
                0.858693241673126,
                -1.28988536799687,
                -1.09744439731401,
                1.04685536246472,
                -0.249596877791782,
                -0.86481542354614
            ],
            "median": [
                0.134296598891081,
                -1.90778372197066,
                1.64911513342987,
                0.864213824533566,
                -1.29370252050889,
                -1.08686536568335,
                1.04791045791083,
                -0.250644974641931,
                -0.863678718022642
            ],
            "SE": [
                0.287916492505596,
                0.291069762123831,
                0.431487733095312,
                0.28916903145316,
                0.294224231113687,
                0.539834896686573,
                0.293800567664629,
                0.277778991159262,
                0.394806606864879
            ]
        },
        {
            "mean": [
                2.17011226447095,
                -3.15598120564033,
                0.0559472108250912,
                1.06857929676792,
                0.0150759507207627,
                -1.58091955370382,
                1.96381005142617,
                -1.48043213512394,
                1.78019894275488
            ],
            "median": [
                2.17117697270264,
                -3.16641258003041,
                0.0563943085465296,
                1.07490305371019,
                0.0189656365340736,
                -1.58291528547681,
                1.97552702899727,
                -1.47485933435567,
                1.77640989461801
            ],
            "SE": [
                0.287055026050611,
                0.291545312628952,
                0.428490006122507,
                0.290816598683016,
                0.293451953350954,
                0.52451458916844,
                0.292223774703479,
                0.291013036064953,
                0.406276496189643
            ]
        },
        {
            "mean": [
                -0.599901637243598,
                1.04720879179425,
                1.37528516147184,
                0.378667740009812,
                -1.13214756359622,
                2.27785967348025,
                2.37094833429962,
                -0.488934425138218,
                -2.20324425723934
            ],
            "median": [
                -0.596966599951776,
                1.05611066719249,
                1.36120320269031,
                0.372954168783198,
                -1.12720417370481,
                2.27511023932146,
                2.36599253251906,
                -0.475686046300192,
                -2.21330200031179
            ],