{
    "uid": "5a91ee72-555c-464d-9bdc-7d43c67d1a72",
    "scenario_uid": "b56e398eaedbdad34cec9e8a634c0fba",
    "iteration_uid": "83b0124c4d127631b84ab6bff11d7575",
    "PD_subj": [
        {
            "mean": [
                0.975061561780227,
                -1.03586399262071,
                -0.44147492368838,
                -1.43214753760127,
                1.13023117873266,
                -1.71356944042708,
                0.81733848073011,
                -2.603056395667,
                0.160512833968773
            ],
            "median": [
                1.00342467205763,
                -1.04351968981591,
                -0.462187717468343,
                -1.42965322651833,
                1.12935202005061,
                -1.71204273470994,
                0.822315702954949,
                -2.60699375305229,
                0.156045892462645
            ],
            "SE": [
                0.364064174426563,
                0.280482969466902,
                0.357113212770047,
                0.309388431579417,
                0.303255502156517,
                0.283048847905011,
                0.316813105282901,
                0.309372451236874,
                0.298049690772796
            ]
        },
        {
            "mean": [
                -1.02705430588135,
                -1.54133756790593,
                1.45555211392492,
                1.48846820848356,
                -2.94334149792857,
                -0.464620041027885,
                1.89463687033288,
                -4.05951946034391,
                0.881779685376624
            ],
            "median": [
                -1.02118591467138,
                -1.54115273832719,
                1.46597362775417,
                1.48766627739327,
                -2.94197717845315,
                -0.469194893293598,
                1.89001780014126,
                -4.05298166676402,
                0.875271254129565
            ],
            "SE": [
                0.297843565173882,
                0.283744556207351,
                0.297930577119525,
                0.302706781424329,
                0.30492879993972,
                0.284158455632967,
                0.298759606978009,
                0.308856765234893,
                0.295536932776889
            ]
        },
        {
            "mean": [
                1.63710075877758,
                0.573399954574977,
                0.591518587277459,
                -0.504267156775531,
                -0.241381873830006,
                -0.263258393955045,
                2.2957701249882,
                -0.0692022137732486,
                0.107066583372451
            ],
            "median": [
                1.64061109518789,
                0.57992220862825,
                0.590850972872615,
                -0.501903775497232,
                -0.244185345337976,
                -0.256800273132168,
                2.29210235699342,
                -0.176304586390082,
                0.184893316510557
            ],
            "SE": [
                0.296932821835386,
                0.303048105830531,
                0.301332193564526,
                0.304972544796761,
                0.31868127880647,
                0.287238336747756,
                0.293356938049304,
                0.569515400084887,
                0.546911695002877
            ]
        },
        {
            "mean": [
                2.03588769946766,
                -0.210431514159732,
                -0.109759478337905,
                -1.67190935090782,
                0.936890659479651,
                0.817873325334662,
                -0.193888170261653,
                -0.267088541445255,
                -2.04683257600904
            ],
            "median": [
                2.03113004754827,
                -0.208902833666039,
                -0.11221122554009,
                -1.67375734853237,
                0.941968809059305,
                0.820470892045047,
                -0.190985026228981,
                -0.262169592919887,
                -2.05081990226717
            ],
            "SE": [
                0.298077297939903,
                0.281343888385967,
                0.305518470454403,
                0.312198548689294,
                0.31167623367879,
                0.27906539386175,
                0.299159281466268,
                0.321060508339021,
                0.290168585088208
            ]
        },
        {
            "mean": [
                -1.85831571937928,
                -0.0310215552083715,
                0.267795000159034,
                1.29079596215165,
                -0.559276143633408,
                -1.24986949310751,
                -0.612922973638757,
                -0.0686658379794566,
                -0.334232131683711
            ],
            "median": [
                -1.85080465085097,
                -0.0660840664808173,
                0.29800048101873,
                1.29296661836682,
                -0.373173599937081,
                -1.45920535576718,
                -0.610878426678924,
                -0.0412770433056163,
                -0.360298204868701
            ],
            "SE": [
                0.294898414946331,
                0.373155622084552,
                0.390253794988868,
                0.307256560976729,
                0.636368514056669,
                0.624870636110954,
                0.297570156282775,
                0.378277809241022,
                0.374323166091938
            ]
        },
        {
            "mean": [
                1.20512022272432,
                1.14907685497963,
                1.2298919079248,
                -0.658828257100524,
                -0.700643107330303,
                -0.658743900798521,
                0.210107643299598,
                0.142731485563698,
                0.244011894651358
            ],
            "median": [
                1.25423863100262,
                1.15455057260287,
                1.2591419222568,
                -0.699178508812202,
                -0.71277156453329,
                -0.67102499675477,
                0.0924789203578445,
                0.0289265021254602,
                0.163117786781942
            ],
            "SE": [
                0.452012490627385,
                0.406905197620022,
                0.399817251324579,
                0.480122618351544,
                0.424963212649122,
                0.444397028823212,
                0.592519772372596,
                0.589344205881599,
                0.571663391269583
            ]
        },
        {
            "mean": [
                -0.0694477425561874,
                1.94201083122802,
                -0.0226722466138855,
                2.89231583307531,
                0.0610947676777511,
                -0.114732296860957,
                1.96758164311408,
                2.14058698862055,
                -0.326523753952073
            ],
            "median": [
                -0.068519453652682,
                1.93742556110591,
                -0.0250777985562136,
                2.89843551527107,
                0.0701817880209687,
                -0.112689301552106,
                1.96053421158143,
                2.14131046362692,
                -0.328675754428795
            ],