{
    "uid": "51007835-da1d-4e7a-84c8-c1150816396e",
    "scenario_uid": "b56e398eaedbdad34cec9e8a634c0fba",
    "iteration_uid": "841e8ee21c4e318bd9ab1fae4299a771",
    "PD_subj": [
        {
            "mean": [
                -1.69200125440457,
                -0.326743487234521,
                1.32479817093183,
                0.248045370552749,
                -1.49193477812281,
                -0.357910171365365,
                2.28938067394315,
                -1.03597950064568,
                0.717680405277162
            ],
            "median": [
                -1.69258228288067,
                -0.327805769484372,
                1.31358648089746,
                0.242712782070604,
                -1.48521069089908,
                -0.352569256633197,
                2.28738522836854,
                -1.03325809889012,
                0.711147446998995
            ],
            "SE": [
                0.283478484186526,
                0.2739370745417,
                0.298015396498593,
                0.291167074869353,
                0.286933252316042,
                0.293017419732795,
                0.29208726435674,
                0.290887372208887,
                0.269172664633286
            ]
        },
        {
            "mean": [
                0.225981100184098,
                -1.31349149422732,
                0.348362427609187,
                1.93934050141403,
                -1.89094379974706,
                1.91935685272339,
                0.402377224738136,
                -1.8756534337122,
                0.478402579087551
            ],
            "median": [
                0.156798118623102,
                -1.31775325441431,
                0.392381966478747,
                1.93120243819904,
                -1.88923908516309,
                1.92427630864046,
                0.364061498847939,
                -1.87262607700034,
                0.514324675057384
            ],
            "SE": [
                0.543085874584203,
                0.280885105902688,
                0.526743252407573,
                0.304042880462616,
                0.297580828346607,
                0.316067656260987,
                0.461245859188614,
                0.293245004811678,
                0.451422924336545
            ]
        },
        {
            "mean": [
                -1.34238253596666,
                0.0237326086912045,
                -0.358872842067166,
                2.95840720700321,
                0.0510894570862676,
                -0.257077711518529,
                -1.38084733333177,
                0.0701823579970819,
                0.0476152868167602
            ],
            "median": [
                -1.34384565938974,
                0.151800122479738,
                -0.482404177942415,
                2.95749622001191,
                0.120826936359788,
                -0.324435875603218,
                -1.38846238635417,
                0.069183442282628,
                0.0473208269203672
            ],
            "SE": [
                0.288679259434959,
                0.55967494537477,
                0.526114738444823,
                0.294098318109141,
                0.467809645912642,
                0.454137982024749,
                0.290804086836227,
                0.297358184926316,
                0.276473578893315
            ]
        },
        {
            "mean": [
                -1.20872920019393,
                -1.99495850927573,
                -1.95027104401163,
                -0.296258155372543,
                -0.704604621895202,
                3.26572578961789,
                1.65227113976943,
                -0.939771297076542,
                0.00154460844189155
            ],
            "median": [
                -1.20514480108202,
                -1.98612028488117,
                -1.94185084931161,
                -0.297975236895633,
                -0.70337826035437,
                3.26663830714373,
                1.64790930401552,
                -0.936294994842781,
                0.0018587984141894
            ],
            "SE": [
                0.288572453503794,
                0.279271595950741,
                0.293458401054618,
                0.29016881517028,
                0.284623506896007,
                0.291737559202123,
                0.297696940189257,
                0.28414894735883,
                0.275441361831139
            ]
        },
        {
            "mean": [
                -2.76457534996177,
                -1.28868021171754,
                1.03249306332704,
                1.83809814402544,
                0.108001777304322,
                -0.0834904986817876,
                -0.336363157094416,
                -1.85340133794742,
                0.538836499547624
            ],
            "median": [
                -2.76633442607157,
                -1.29352929280821,
                1.03168777279374,
                1.84266130559082,
                0.112063614620044,
                -0.0886859386935233,
                -0.340662682134607,
                -1.84934002005654,
                0.540322230436318
            ],
            "SE": [
                0.291693557412136,
                0.285301219672699,
                0.298733632380552,
                0.289776557882594,
                0.27849520438814,
                0.30025786168631,
                0.291141883511826,
                0.299427039836781,
                0.270541113251606
            ]
        },
        {
            "mean": [
                -2.68174501367529,
                -3.03834996716973,
                0.845822762567741,
                2.47284372249814,
                -3.19278473363861,
                -0.466319284907625,
                -1.27693949902963,
                -1.90026821855583,
                -0.742753306190263
            ],
            "median": [
                -2.6873405479699,
                -3.0403360578569,
                0.838812446304444,
                2.46482442799383,
                -3.1949173527306,
                -0.46542370339964,
                -1.27064053238869,
                -1.89702685219922,
                -0.755200414756078
            ],
            "SE": [
                0.290701510110113,
                0.274815065152091,
                0.295094287950129,
                0.291762258632957,
                0.282811303073332,
                0.295660884981276,
                0.301077247736768,
                0.292481372174884,
                0.269270672067321
            ]
        },
        {
            "mean": [
                -0.259899935654573,
                -0.42749713959926,
                1.04930830998446,
                2.97683257363034,
                -3.9241784262237,
                -0.256391024376307,
                2.28787930502325,
                -3.99595303836088,
                -0.845693520624408
            ],
            "median": [
                -0.263203276394582,
                -0.426277096341877,
                1.04807039299723,
                2.97725647802048,
                -3.92863186827691,
                -0.262143953728439,
                2.28969887189524,
                -3.99093298382712,
                -0.843687178432104
            ],