{
    "uid": "e26d971c-3627-4d70-a06a-56b8b733925d",
    "scenario_uid": "b56e398eaedbdad34cec9e8a634c0fba",
    "iteration_uid": "8717518de814788870dced17e784ad89",
    "PD_subj": [
        {
            "mean": [
                2.76012226758522,
                -1.23018471010593,
                -0.050065352270594,
                1.26437579828894,
                -0.0615517340900213,
                0.911784249784498,
                2.21923955102386,
                -1.19908847406003,
                0.760635925374272
            ],
            "median": [
                2.76827770413895,
                -1.22390778850284,
                -0.0480630538096551,
                1.26775132104538,
                -0.0609290711909943,
                0.906063184583908,
                2.22324919955902,
                -1.19796431763825,
                0.761970051275394
            ],
            "SE": [
                0.355357227682508,
                0.292123592649993,
                0.302064258375876,
                0.360255937226635,
                0.295782002126368,
                0.294287531676887,
                0.577241927220281,
                0.311115028821655,
                0.286551587845168
            ]
        },
        {
            "mean": [
                -2.05051506109053,
                -0.572394853064181,
                0.154503306617917,
                -0.417612747923458,
                -1.07283545129304,
                0.737438139445946,
                2.21749775264291,
                0.491928891472617,
                -0.310644548018472
            ],
            "median": [
                -2.0582201683302,
                -0.568834455548145,
                0.164066088123438,
                -0.414194832656232,
                -1.06844860191486,
                0.740575645157883,
                2.19952409932146,
                0.491997744464286,
                -0.309680354006258
            ],
            "SE": [
                0.356949927603757,
                0.29288617328531,
                0.291863357497779,
                0.353895096351078,
                0.301693251911936,
                0.296315756489283,
                0.592896911230855,
                0.307027664971854,
                0.282197486590866
            ]
        },
        {
            "mean": [
                -1.45276460042032,
                0.428440569728261,
                -0.0873485267993811,
                0.345094183500634,
                -0.870047258667209,
                -0.137571110339337,
                0.558918838146135,
                -0.251155785537346,
                -0.744964945953431
            ],
            "median": [
                -1.45477203646306,
                0.465433616987095,
                -0.123819784682071,
                0.331672160502976,
                -0.928196198227327,
                -0.0757605706469255,
                0.546769070981817,
                -0.225924147187233,
                -0.77014572318813
            ],
            "SE": [
                0.346697172960173,
                0.359826277203209,
                0.358658153092224,
                0.34764616694851,
                0.429723896519467,
                0.416958852367427,
                0.572152615938612,
                0.377854777260591,
                0.345940717759851
            ]
        },
        {
            "mean": [
                -0.21879333768495,
                -1.17770818258672,
                -1.73865354228852,
                0.74006911067611,
                -3.53052391838192,
                0.450061893632057,
                2.99423432573439,
                -0.0339282023183557,
                -0.394814917807664
            ],
            "median": [
                -0.207593082042817,
                -1.17417431909772,
                -1.73194665963345,
                0.73775877333377,
                -3.53100913993022,
                0.445678458865752,
                2.9856272785749,
                -0.0323976079150164,
                -0.39399827684756
            ],
            "SE": [
                0.348634198089911,
                0.286118315237186,
                0.293109962571491,
                0.340666180656923,
                0.29674319721232,
                0.297798747881657,
                0.58740911916423,
                0.311384711684582,
                0.276069146670486
            ]
        },
        {
            "mean": [
                -1.19975157026005,
                2.00706906415736,
                -2.4053249525711,
                0.968407750777328,
                -0.722430890452768,
                0.928664402821747,
                1.98506702595765,
                -2.33896113894182,
                -0.510467136393243
            ],
            "median": [
                -1.20700706263888,
                2.00224245444794,
                -2.39632734480479,
                0.961540024599446,
                -0.722420504415251,
                0.926454412738223,
                1.98680526414853,
                -2.32786107275478,
                -0.509049863170488
            ],
            "SE": [
                0.348544397137108,
                0.297111015621289,
                0.290632397496205,
                0.354381380540966,
                0.295650173108603,
                0.294859036384435,
                0.580844175359495,
                0.309374594080221,
                0.28885549052157
            ]
        },
        {
            "mean": [
                0.200830271945123,
                0.314808636516426,
                2.32870736632191,
                -1.63815492094071,
                -1.43465377564968,
                -1.19788623303189,
                0.817017618124212,
                0.582593808905601,
                -0.02398315484383
            ],
            "median": [
                0.190824247426151,
                0.334195463950746,
                2.32315033907229,
                -1.68249521802117,
                -1.37686893556713,
                -1.20727693815466,
                0.821182027271731,
                0.522005130614376,
                -0.0299616830315987
            ],
            "SE": [
                0.409085573028962,
                0.370362157577415,
                0.296038666964919,
                0.523128483761665,
                0.473433409046105,
                0.291398916544757,
                0.69512039706757,
                0.495168305157679,
                0.281862159214371
            ]
        },
        {
            "mean": [
                -1.97034704570566,
                -1.94192147360535,
                0.0223021558096352,
                1.97546375677795,
                -2.3176484149851,
                0.261430014615152,
                0.808547633880465,
                -3.43489122680475,
                2.42005985477205
            ],
            "median": [
                -1.97082892997725,
                -1.93550907596625,
                0.0180826323400019,
                1.97350852477362,
                -2.31965162257762,
                0.257768619497218,
                0.822464380925085,
                -3.42511469192687,
                2.42208038798218
            ],