{
    "uid": "1fc009c1-5e9f-49e7-9f98-3a94487ba6ab",
    "scenario_uid": "b56e398eaedbdad34cec9e8a634c0fba",
    "iteration_uid": "89ceac2a2f127bb2f8c40bd5f970e5d3",
    "PD_subj": [
        {
            "mean": [
                1.51162970200121,
                -0.802059926248437,
                1.52084562164721,
                1.1613181366579,
                -0.927651537200984,
                1.17014453442805,
                2.08801623484949,
                0.794373159737871,
                2.06997500413217
            ],
            "median": [
                1.52583843875768,
                -0.80209035835383,
                1.51382189398924,
                1.15968799760855,
                -0.921328924004417,
                1.17533239417842,
                2.08571953432861,
                0.788666099151314,
                2.07742120342962
            ],
            "SE": [
                0.311683244412612,
                0.470456581203532,
                0.299240575948572,
                0.302724665008615,
                0.312756774079679,
                0.309978872971283,
                0.275265523269746,
                0.337641036149257,
                0.308327571985671
            ]
        },
        {
            "mean": [
                0.65566131800403,
                -0.606952630146456,
                0.804532913374334,
                1.7788035837467,
                -1.60720511122475,
                -0.55590462723299,
                1.12735740779894,
                1.16907300458985,
                -1.18584191647737
            ],
            "median": [
                0.65597686323625,
                -0.600748419510913,
                0.802915260732248,
                1.76686064373973,
                -1.60480669642707,
                -0.556831714872094,
                1.12324091876548,
                1.17066409206977,
                -1.19024111084477
            ],
            "SE": [
                0.296686043599091,
                0.461426596135342,
                0.279955823229042,
                0.295236399473691,
                0.310366458800782,
                0.298056395474487,
                0.282013304727677,
                0.334956495842047,
                0.302930216315647
            ]
        },
        {
            "mean": [
                -2.69055037159907,
                -1.42376497348397,
                2.31090864228757,
                -0.706720686612912,
                -0.790705301863109,
                -0.0594848945288145,
                2.99505318748404,
                -2.94894665275805,
                0.535432856808546
            ],
            "median": [
                -2.69245650991241,
                -1.42151175378873,
                2.30876094320153,
                -0.698440268794756,
                -0.787556905241069,
                -0.0658993777063148,
                2.9859018098036,
                -2.95603698426469,
                0.530527906870002
            ],
            "SE": [
                0.29846884059694,
                0.479926085409994,
                0.273257968395777,
                0.288836631899093,
                0.314730472100157,
                0.285922784701805,
                0.27878922563501,
                0.329244513494556,
                0.294873491089345
            ]
        },
        {
            "mean": [
                -0.322307570360612,
                2.69613248199863,
                2.34029577469417,
                -0.0117360690178842,
                0.468594925595164,
                1.71802243976981,
                -0.362134627745483,
                0.801031898134404,
                -0.669288861193238
            ],
            "median": [
                -0.315180802983839,
                2.69321634595498,
                2.33729417381581,
                -0.0118303903105741,
                0.473556836247108,
                1.70910126903806,
                -0.360642683139064,
                0.803209756522626,
                -0.668188160605917
            ],
            "SE": [
                0.29131870317276,
                0.472157135460235,
                0.273707735852498,
                0.2898593242034,
                0.307745288220168,
                0.285240029916887,
                0.273426975056755,
                0.32488999916175,
                0.291166270262515
            ]
        },
        {
            "mean": [
                -2.06965706627431,
                -1.16770466366693,
                0.774705308361913,
                3.3972522230035,
                -1.2295850835881,
                -2.06455943667606,
                0.323985371920322,
                -3.42369643070211,
                -1.94789715232175
            ],
            "median": [
                -2.0703597599316,
                -1.17105115031468,
                0.773708972458904,
                3.39411127391849,
                -1.22624461364821,
                -2.06754652060406,
                0.323229830143295,
                -3.42620198206265,
                -1.94823817859891
            ],
            "SE": [
                0.298843404359229,
                0.475074207839055,
                0.27670196214449,
                0.287810294216825,
                0.307449505936704,
                0.282095052475225,
                0.27936376294283,
                0.331332247040694,
                0.292915965515877
            ]
        },
        {
            "mean": [
                0.470682278114538,
                -2.18399824661608,
                1.73263058744316,
                -1.65531752435502,
                -1.25894064629022,
                1.33160453254814,
                1.56316885165951,
                0.286819120500381,
                0.933881872852898
            ],
            "median": [
                0.470164514976487,
                -2.17238422055831,
                1.73199916669902,
                -1.65811485373762,
                -1.25989125007144,
                1.33323276712882,
                1.5627299861814,
                0.2850706952274,
                0.926098093881449
            ],
            "SE": [
                0.287966053279938,
                0.466436767847808,
                0.283447106275073,
                0.286968519899669,
                0.305123093813274,
                0.282533513250222,
                0.279224499751772,
                0.340423477582614,
                0.301714114254549
            ]
        },
        {
            "mean": [
                -0.0300508113059293,
                0.721835331914197,
                -0.629100045855041,
                0.984145074456724,
                -0.927482565868785,
                0.0426901735041886,
                2.18766958152288,
                1.1268878311159,
                -1.56557255149941
            ],
            "median": [
                -0.0384150964573153,
                0.729396869956202,
                -0.627437096747509,
                0.993766220631133,
                -0.92936029925984,
                0.0435706476923712,
                2.18884517966717,
                1.12406588376425,
                -1.57225149401133
            ],