{
    "uid": "2e0363e3-abf0-40f7-87ad-ec0c4c47ae12",
    "scenario_uid": "b56e398eaedbdad34cec9e8a634c0fba",
    "iteration_uid": "8b0ca69941f2ea9f86e21b18ddbdc4dc",
    "PD_subj": [
        {
            "mean": [
                -1.06971680026101,
                -1.0940693477166,
                2.37622044053332,
                -0.931197850216724,
                -0.930630019668642,
                -0.979545416608232,
                0.0908153066068022,
                0.079946935817105,
                -2.06672183876338
            ],
            "median": [
                -1.0857344652099,
                -1.08581449737997,
                2.38159269038687,
                -0.927888059349064,
                -0.927499985658346,
                -0.973798880552889,
                0.095134809295819,
                0.0871284758531301,
                -2.06835919082268
            ],
            "SE": [
                0.30520652888795,
                0.293721483174103,
                0.318152618524904,
                0.304473079205061,
                0.31092952024153,
                0.514717429759663,
                0.326488342585579,
                0.309449356091519,
                0.481349958866649
            ]
        },
        {
            "mean": [
                1.79861918780854,
                -0.418084669922032,
                1.71609996527585,
                -0.437136660532717,
                -0.541796872007955,
                -4.07187163475276,
                1.34327355138094,
                0.936321831005876,
                -3.60484677383994
            ],
            "median": [
                1.80393977987374,
                -0.426408475668845,
                1.71896863994227,
                -0.441552762584818,
                -0.548600511868579,
                -4.07467437305176,
                1.33497364700713,
                0.940913633131328,
                -3.60372099760614
            ],
            "SE": [
                0.271367903534879,
                0.277443180673302,
                0.311610465926331,
                0.300484297879775,
                0.283907844099674,
                0.521834644630975,
                0.292532886344282,
                0.291471258013094,
                0.479642847769268
            ]
        },
        {
            "mean": [
                -0.999031783768481,
                -0.710548881823978,
                0.667279549877551,
                1.24932628981299,
                -2.97680991822591,
                -1.56577819194054,
                0.227539075568337,
                -1.53758054162592,
                0.0639960378541606
            ],
            "median": [
                -0.991241879975102,
                -0.703108381885329,
                0.675238453589712,
                1.24417311780375,
                -2.97924644896028,
                -1.55797071747972,
                0.226500940480591,
                -1.5363704350028,
                0.0771768673837794
            ],
            "SE": [
                0.287104647001935,
                0.2819432376132,
                0.315547465603339,
                0.302929018844557,
                0.291396789226437,
                0.513112975339688,
                0.304480113521826,
                0.303876185997752,
                0.487485204856284
            ]
        },
        {
            "mean": [
                0.394175880013878,
                0.375963923857161,
                1.40770117647344,
                0.187829798014815,
                -2.44734929613346,
                1.12057330244232,
                3.29766427097574,
                -1.20900212682874,
                1.41790874396719
            ],
            "median": [
                0.393429716543595,
                0.373979397011798,
                1.41310835027744,
                0.183412273079482,
                -2.43731505073966,
                1.13022695616811,
                3.29013052834068,
                -1.20345576398447,
                1.42088326843036
            ],
            "SE": [
                0.281776185660128,
                0.281533199251531,
                0.308683163831969,
                0.296577953519399,
                0.297385969474808,
                0.524774309633022,
                0.305153972821477,
                0.291455834019951,
                0.481297233199801
            ]
        },
        {
            "mean": [
                -0.496027325103319,
                1.02541754769795,
                1.7060039580925,
                2.48550316204531,
                -0.16724350685135,
                -0.914739131797496,
                2.52661401732214,
                0.26004676695679,
                -0.721980277724676
            ],
            "median": [
                -0.489332899886148,
                1.0228025914506,
                1.71623732417281,
                2.48705767190248,
                -0.15788909371424,
                -0.927295642274738,
                2.53258525705005,
                0.267246224864102,
                -0.731373276919774
            ],
            "SE": [
                0.288754387624809,
                0.285507980981591,
                0.319829809564755,
                0.303708825425564,
                0.297400130059669,
                0.538205405003015,
                0.30264563009717,
                0.301284888357759,
                0.470260904536378
            ]
        },
        {
            "mean": [
                -0.651667137107426,
                -2.04456673789809,
                0.359102301527246,
                1.77118931774375,
                -0.404196292865023,
                2.71199799711351,
                1.22159734837828,
                1.27321857017328,
                -2.76114274771166
            ],
            "median": [
                -0.653699332873557,
                -2.0523471612482,
                0.363797447578974,
                1.77548119749394,
                -0.407166733241608,
                2.71492439234313,
                1.22161698677739,
                1.27304323297047,
                -2.76846561190441
            ],
            "SE": [
                0.282681962762103,
                0.282533589681327,
                0.309083120849341,
                0.296739487589776,
                0.300031932415267,
                0.504128698382129,
                0.308224442513728,
                0.302352971410482,
                0.47549073189942
            ]
        },
        {
            "mean": [
                -0.123621230008709,
                -0.59479523624689,
                1.13029526871135,
                -1.08131709402561,
                0.333529457533772,
                -1.43634656917729,
                1.14968449456096,
                -0.533120552327137,
                -1.1148390685117
            ],
            "median": [
                -0.131284760591504,
                -0.596944856017938,
                1.12572765572411,
                -1.08350944429686,
                0.339091179221209,
                -1.43996992988162,
                1.14807157536833,
                -0.529685959686747,
                -1.1204904683274
            ],