{
    "uid": "9a049b66-32ec-4b7b-95df-8ffd4d9cb5e5",
    "scenario_uid": "b56e398eaedbdad34cec9e8a634c0fba",
    "iteration_uid": "8be63516c2cbdc81bf1b777bf130aa0c",
    "PD_subj": [
        {
            "mean": [
                1.68079605551931,
                -0.0940520824502205,
                0.296726032215199,
                2.10317840000611,
                3.10571799817212,
                -0.0701127464899454,
                2.09443501172463,
                -0.933946010726498,
                -1.43122328631241
            ],
            "median": [
                1.67526483560664,
                -0.0985555507952181,
                0.29226428848812,
                2.10175317763488,
                3.10541513487582,
                -0.0744616100927307,
                2.09146272199387,
                -0.931207303629164,
                -1.43004561624399
            ],
            "SE": [
                0.309701973316671,
                0.276901662008196,
                0.283177908808445,
                0.457179002903208,
                0.307480893584859,
                0.29731125713988,
                0.346961565526401,
                0.299238121376733,
                0.317435948609201
            ]
        },
        {
            "mean": [
                0.303728043328322,
                -1.25435804046555,
                1.12372082906197,
                -1.41032117382138,
                -0.683141787585554,
                1.51882950970439,
                1.04053101415211,
                -1.45649190934981,
                -1.94408085431222
            ],
            "median": [
                0.308412716668333,
                -1.25246662630531,
                1.13244723487256,
                -1.41515402961912,
                -0.693040920504558,
                1.51510203983014,
                1.03589403903037,
                -1.45489711636806,
                -1.94618475530103
            ],
            "SE": [
                0.320008171108991,
                0.278891474066942,
                0.287726511595321,
                0.443725199086109,
                0.313405809597702,
                0.295771982003272,
                0.345148339298048,
                0.303390824172946,
                0.299561606097786
            ]
        },
        {
            "mean": [
                -0.684143867769395,
                -1.05205457176872,
                1.10144380685125,
                1.90765491930139,
                -1.50738819330193,
                -1.65730952246016,
                1.34567509234964,
                0.218991240654239,
                -1.72828484951917
            ],
            "median": [
                -0.687747044957085,
                -1.05632229717116,
                1.1054801129896,
                1.90209887685639,
                -1.50629419371984,
                -1.65834301376845,
                1.3489879249015,
                0.218571800464319,
                -1.72974712981457
            ],
            "SE": [
                0.32174623245631,
                0.281624323901067,
                0.281362955493484,
                0.449302562623798,
                0.31103839126154,
                0.303014632347991,
                0.345094349591163,
                0.287669886889967,
                0.308514787416105
            ]
        },
        {
            "mean": [
                -2.11881388589726,
                -0.527571635723344,
                -0.508097002421023,
                2.17941421869417,
                0.849143826071385,
                -0.630661759821895,
                -0.141536888879887,
                -2.79254137562202,
                2.98163459726376
            ],
            "median": [
                -2.1177623493451,
                -0.533225633704347,
                -0.514621404640173,
                2.18203915886759,
                0.839009467868535,
                -0.616053255368234,
                -0.147875497773665,
                -2.79835126706266,
                2.98392319937608
            ],
            "SE": [
                0.324583294037711,
                0.287916904081868,
                0.280705968289117,
                0.45681596547115,
                0.302882138764796,
                0.3004766082016,
                0.353719101310965,
                0.293150102817737,
                0.311198914727937
            ]
        },
        {
            "mean": [
                -3.56518938227966,
                -0.815995978970521,
                -0.969658486880274,
                0.3490894607344,
                -0.97656182006925,
                -0.202491992103065,
                4.39353987927503,
                1.2381070717806,
                1.9813468179959
            ],
            "median": [
                -3.56857363333726,
                -0.816962531049162,
                -1.10137384308373,
                0.351775214926741,
                -0.989365788429216,
                -0.17648870097103,
                4.39387192360815,
                1.20944665217649,
                2.28730038964204
            ],
            "SE": [
                0.322497599467132,
                0.281369250577455,
                0.596878620601129,
                0.448181806846163,
                0.340813870358562,
                0.368501110328973,
                0.33751109865926,
                0.369454558925766,
                1.02540665701459
            ]
        },
        {
            "mean": [
                0.963109971372254,
                -1.15004038627714,
                0.52988201859572,
                1.413248294722,
                -0.16445501071644,
                -1.22653855893063,
                0.210938476650863,
                -1.81852467510771,
                -3.02812810084893
            ],
            "median": [
                0.971918714243953,
                -1.15155965145774,
                0.537399537775184,
                1.41995834140094,
                -0.168745653124247,
                -1.23253477090634,
                0.225465366408368,
                -1.81173986326095,
                -3.03329353227526
            ],
            "SE": [
                0.316493396244094,
                0.286169815427074,
                0.277714377551685,
                0.449089859717604,
                0.303895019467143,
                0.299823267753618,
                0.339796444308568,
                0.297723410709427,
                0.301360681726496
            ]
        },
        {
            "mean": [
                -0.963023628142507,
                -1.53169658978168,
                0.985637544509009,
                -0.36799017806583,
                -2.45472999631826,
                -0.69088109547147,
                2.66425254112318,
                0.693576420120833,
                -1.4085525474245
            ],
            "median": [
                -0.963091387832378,
                -1.52557817379806,
                0.979130203998022,
                -0.386355243997781,
                -2.45436710099505,
                -0.694708490339258,
                2.66089318439073,
                0.692455844297718,
                -1.41044148907711
            ],