{
    "uid": "27a8bc37-a56e-45a4-bdbd-4cf20385e671",
    "scenario_uid": "b56e398eaedbdad34cec9e8a634c0fba",
    "iteration_uid": "8c5e01edf84d65fc0f0ac5f69ee3b680",
    "PD_subj": [
        {
            "mean": [
                1.67716713615596,
                0.872627343290562,
                2.45353641659164,
                1.5036051087409,
                -0.84563970348448,
                3.50170117650322,
                -1.33713328028742,
                -0.863104576353526,
                -2.58281218147573
            ],
            "median": [
                1.67532038885222,
                0.877132677263956,
                2.45506773246193,
                1.49679145632948,
                -0.843608581140141,
                3.504742985357,
                -1.34477442107137,
                -0.861651952850442,
                -2.58941172838598
            ],
            "SE": [
                0.297882203664445,
                0.284392082122856,
                0.305877575185058,
                0.290944608215738,
                0.300762834578808,
                0.384907230192646,
                0.301375539234261,
                0.296931886641686,
                0.333426117466131
            ]
        },
        {
            "mean": [
                -0.973004303342015,
                -1.46072427525292,
                -1.97209024493326,
                -1.50958063898973,
                0.356648383989003,
                -3.11159320608897,
                2.4745283830981,
                -1.98365304015496,
                0.27900123490254
            ],
            "median": [
                -0.971389666865855,
                -1.45991401144096,
                -1.96549546007144,
                -1.51012897240344,
                0.359115670691904,
                -3.10389410748841,
                2.47657442091747,
                -1.98775855303814,
                0.273614905085335
            ],
            "SE": [
                0.301074317845636,
                0.283476800086452,
                0.303145810221209,
                0.289008609743865,
                0.282927703910879,
                0.384500094697834,
                0.297304460628858,
                0.300770143813721,
                0.325862014920809
            ]
        },
        {
            "mean": [
                0.367116408363801,
                -0.160141569793885,
                1.19870565914965,
                0.567336382276015,
                0.220317313517673,
                -3.44525227277463,
                1.65354604315998,
                0.985955764403728,
                -1.15031958609146
            ],
            "median": [
                0.43963257363292,
                -0.244193053736626,
                1.20922625049341,
                0.572830931839892,
                0.455567660424834,
                -3.45364589890617,
                1.67805144808676,
                1.37467527750568,
                -1.15034150502984
            ],
            "SE": [
                0.532015213047092,
                0.723602634178206,
                0.308786829527638,
                0.286256413662503,
                0.723662375063847,
                0.392676288209285,
                0.354412454259796,
                1.05126069453477,
                0.325004425471557
            ]
        },
        {
            "mean": [
                -0.742704631899145,
                -1.41361668969276,
                0.511392809029875,
                1.94935903100787,
                0.0557246671684123,
                1.42913465945105,
                1.54718357998436,
                -1.0796608503329,
                0.0383395188207462
            ],
            "median": [
                -0.744065981912875,
                -1.41346035302792,
                0.509349495043154,
                1.94974062822966,
                0.0629414856307317,
                1.4372019115958,
                1.54771172770904,
                -1.07903959359347,
                0.0467203288502173
            ],
            "SE": [
                0.304191441266128,
                0.291210735127824,
                0.322175562065465,
                0.285831395848081,
                0.29799069373372,
                0.389142892359456,
                0.29549010125446,
                0.28687959395185,
                0.318105091597337
            ]
        },
        {
            "mean": [
                -1.27749240456453,
                -0.0159240355333279,
                0.477222531664091,
                2.05297416249261,
                -2.06768508085484,
                -2.28606338965017,
                -1.41439970827315,
                -1.42985198647676,
                -0.991162648039348
            ],
            "median": [
                -1.28938681511595,
                -0.0742327302272358,
                0.546035044050126,
                2.05415807661014,
                -2.05878302005545,
                -2.310248977705,
                -1.42008341108516,
                -1.48250071527623,
                -0.961640394987994
            ],
            "SE": [
                0.303297032500299,
                0.403648005546419,
                0.4514408840098,
                0.291927504369558,
                0.324361166405694,
                0.49897822128117,
                0.307320528736933,
                0.392109569615245,
                0.435989353532281
            ]
        },
        {
            "mean": [
                -0.602737536550681,
                -1.95213448150123,
                -0.866544824681999,
                -0.984089049137084,
                -0.879729575275242,
                -2.63822876689717,
                -0.470971616669941,
                1.24938919596615,
                -0.261062004047078
            ],
            "median": [
                -0.608129089043553,
                -1.95301629951511,
                -0.867899533977499,
                -0.991867378714371,
                -0.88524482036281,
                -2.69826658975474,
                -0.473139066157425,
                1.25062443054759,
                -0.263795104131089
            ],
            "SE": [
                0.306154764091065,
                0.284730443755268,
                0.310711717636947,
                0.292881105507058,
                0.291162607625454,
                0.543969272626156,
                0.302051514757039,
                0.292782146641043,
                0.347465046481789
            ]
        },
        {
            "mean": [
                0.0965112465281041,
                -0.835274800275614,
                0.373224403583426,
                0.0965472479961748,
                -0.282733545941921,
                -0.211169014269366,
                0.295315394914191,
                -2.41915049190423,
                0.506165794684476
            ],
            "median": [
                0.0137637828672772,
                -0.840372274816477,
                0.442729620825635,
                0.200447634182984,
                -0.293051811806966,
                -0.280778316212705,
                0.274201999044127,
                -2.42004869880639,
                0.529546969708491
            ],