{
    "uid": "f21a38b3-592e-416b-aa38-bbd2e7ca2e56",
    "scenario_uid": "b56e398eaedbdad34cec9e8a634c0fba",
    "iteration_uid": "8ea34f006e91c816ed33524efbf79235",
    "PD_subj": [
        {
            "mean": [
                -3.01318368983856,
                -0.415940909967909,
                1.90035219800436,
                1.19398194300593,
                -0.0693095171907273,
                1.21661092198045,
                -1.29810615892184,
                0.653956780214798,
                -0.541250044235864
            ],
            "median": [
                -3.01996222254943,
                -0.420172302697973,
                1.90442226546784,
                1.19365621380349,
                -0.0698428839138607,
                1.22083932469396,
                -1.29108373138985,
                0.656857934191042,
                -0.555916569068335
            ],
            "SE": [
                0.289799332664517,
                0.299789583263016,
                0.297387840977679,
                0.301104251212791,
                0.27924665586182,
                0.328293998192822,
                0.298753024522599,
                0.302692596426624,
                0.312459979070676
            ]
        },
        {
            "mean": [
                0.080417137843704,
                -0.638375700287157,
                0.656384706858858,
                -1.51077415090643,
                -1.64995318391606,
                -0.992490106941535,
                -2.33774391364743,
                -0.596036672339379,
                2.37135500573311
            ],
            "median": [
                0.0832572845579702,
                -0.635769237178545,
                0.65546356617948,
                -1.51342597474268,
                -1.65037294317871,
                -0.978954356618347,
                -2.3382443302262,
                -0.600377075554195,
                2.36423122053989
            ],
            "SE": [
                0.292028692154335,
                0.292219821884913,
                0.290331905777422,
                0.302881152860971,
                0.283640771144869,
                0.324193972933268,
                0.31231734666339,
                0.304673786541053,
                0.312573223906687
            ]
        },
        {
            "mean": [
                -0.948327463081255,
                -1.61276465411226,
                2.28266875329338,
                0.339743528491609,
                -0.864070823352538,
                -1.73872238118906,
                -1.03738863988909,
                0.751512867973191,
                -1.80527705959253
            ],
            "median": [
                -0.949598167447972,
                -1.61658325954284,
                2.27718755027001,
                0.342899745507378,
                -0.868650383296496,
                -1.73202931291929,
                -1.04119161093937,
                0.74325110550062,
                -1.8078789839451
            ],
            "SE": [
                0.295908422447155,
                0.282501571829467,
                0.286793612218526,
                0.309978805687572,
                0.287544910876142,
                0.327586319963503,
                0.30597563607848,
                0.299935743375805,
                0.312478227512098
            ]
        },
        {
            "mean": [
                0.771559794384195,
                0.952751354417349,
                1.49123949873094,
                3.14599500688735,
                -0.558151505921693,
                0.989633495148947,
                0.990636667351713,
                -0.565236942279787,
                -1.53079503010252
            ],
            "median": [
                0.764615644174985,
                0.944326321446981,
                1.49303562424592,
                3.14483102245002,
                -0.57372322905031,
                0.99107451271764,
                0.990310904801177,
                -0.561303451752734,
                -1.53510212748818
            ],
            "SE": [
                0.291004983126682,
                0.304296230257139,
                0.293781519383019,
                0.301835888982234,
                0.333650331443579,
                0.371530242069759,
                0.298983448563968,
                0.318913224906051,
                0.33040472273132
            ]
        },
        {
            "mean": [
                0.994612098862183,
                0.423026687126969,
                1.78071123806948,
                2.91944795661126,
                -0.72787195909449,
                3.13840809001136,
                2.62654980639643,
                -2.45997181703883,
                0.0888572586385428
            ],
            "median": [
                0.996730441222807,
                0.431202344264769,
                1.78098192182392,
                2.91984030450951,
                -0.731825001082754,
                3.13351312376483,
                2.63265212537336,
                -2.45217537193606,
                0.0910995344994968
            ],
            "SE": [
                0.29554675413648,
                0.290933100216515,
                0.288240209192182,
                0.301790320120958,
                0.288229335964107,
                0.326545518258463,
                0.299208218256514,
                0.29579543929175,
                0.305448139851126
            ]
        },
        {
            "mean": [
                -1.03656234489125,
                -1.90241293601818,
                0.604684022999497,
                0.557272550516521,
                -1.86661432226873,
                1.95000892605773,
                0.060240691998505,
                -0.712919695133678,
                -1.67765250944188
            ],
            "median": [
                -1.03650425500333,
                -1.90495548053846,
                0.611728025361566,
                0.550188403234657,
                -1.8589656197074,
                1.94394468434187,
                0.0554299191621517,
                -0.722577207735561,
                -1.6865875826383
            ],
            "SE": [
                0.299995590606809,
                0.294221851434489,
                0.295758853711157,
                0.291418557452214,
                0.278850533732824,
                0.330173588432102,
                0.293540977283529,
                0.305757300986993,
                0.311663310562549
            ]
        },
        {
            "mean": [
                -0.359546372020328,
                -0.0144433721614503,
                0.537156806587335,
                -0.146932847318475,
                -2.59615264303136,
                -0.134255724184593,
                0.0184595243532255,
                -1.36990420047559,
                1.56537607578838
            ],
            "median": [
                -0.356258643921207,
                -0.0127795337165563,
                0.544334931602859,
                -0.147541263284983,
                -2.59023300838159,
                -0.128162464000819,
                0.0161598204953635,
                -1.37165039893536,
                1.55984812153474
            ],