{
    "uid": "818c8cb2-40b1-4de4-ad26-2145fcdc4503",
    "scenario_uid": "b56e398eaedbdad34cec9e8a634c0fba",
    "iteration_uid": "90844b451e3b9238655c91b1b7470664",
    "PD_subj": [
        {
            "mean": [
                1.31140994365978,
                1.73082383868811,
                1.73994293908991,
                0.955194076893193,
                -1.70949450231161,
                -1.70296598240372,
                -0.480584064117442,
                -3.35803297086188,
                -3.3724551260701
            ],
            "median": [
                1.30419423007787,
                1.72805784393159,
                1.73212477358759,
                0.957450321454664,
                -1.71435778940224,
                -1.70819602541365,
                -0.488001607891386,
                -3.36351484480582,
                -3.37259962102431
            ],
            "SE": [
                0.403047560390445,
                0.319079281309326,
                0.325128294980058,
                0.391176420297644,
                0.309922451681489,
                0.310572605127846,
                0.33122245553841,
                0.324517818868294,
                0.314778052926485
            ]
        },
        {
            "mean": [
                -2.4767302533043,
                0.356735082481793,
                3.3056476814621,
                0.19007737627082,
                -1.57955372477807,
                -0.0623340849665931,
                2.16911322687084,
                -1.80453165804127,
                -0.0785816009919488
            ],
            "median": [
                -2.49343415194323,
                0.355196465506135,
                3.30558831583979,
                0.190074881278976,
                -1.56947883310958,
                -0.0575350212596075,
                2.16446744294526,
                -1.81081602574147,
                -0.0772743851676121
            ],
            "SE": [
                0.409119844821196,
                0.315399851426265,
                0.298267687517295,
                0.401878993131234,
                0.303356757994049,
                0.27311096132196,
                0.32515313304996,
                0.297290987330601,
                0.29891931403135
            ]
        },
        {
            "mean": [
                1.14644780793538,
                0.967818964728673,
                0.302133920041895,
                2.15834504595595,
                -1.75464990463158,
                -0.766598139024672,
                1.66334051846871,
                -5.2415563671392,
                -1.22766163708721
            ],
            "median": [
                1.1492844874373,
                0.969529131623473,
                0.302198117481023,
                2.15885598121564,
                -1.7525437587491,
                -0.76425425851518,
                1.66155408563452,
                -5.24214542535185,
                -1.22291910881787
            ],
            "SE": [
                0.421747691715241,
                0.301217645968872,
                0.297707344166179,
                0.398424825060099,
                0.297308443455677,
                0.282325710918786,
                0.336215303118002,
                0.300875677810502,
                0.289164652922065
            ]
        },
        {
            "mean": [
                -1.80555602357555,
                -3.63400750137,
                0.506499543018593,
                1.38593125156536,
                0.0279496981856106,
                -1.32908908881759,
                0.679596564763082,
                -2.08595623902182,
                1.43329213798582
            ],
            "median": [
                -1.80033924967362,
                -3.64407529533446,
                0.512367814148814,
                1.38293850594331,
                0.0322463631567521,
                -1.32538661432399,
                0.681271743080619,
                -2.07466743328596,
                1.43125616912139
            ],
            "SE": [
                0.403880853087124,
                0.299205468705297,
                0.2955800836054,
                0.397124922901048,
                0.288828222464799,
                0.281909312593451,
                0.312778325223871,
                0.299331031568455,
                0.303394535002863
            ]
        },
        {
            "mean": [
                0.771883784036824,
                -1.19173523309483,
                -0.281830888529975,
                -0.152532052386282,
                -3.74456674667336,
                -0.485133067782357,
                2.00578075318952,
                -2.04768583153178,
                -0.277988010719952
            ],
            "median": [
                0.768418503723523,
                -1.19501180373206,
                -0.284024758285863,
                -0.160154161839759,
                -3.73680493847697,
                -0.488501933784525,
                2.00863947254952,
                -2.04495607705024,
                -0.283171576419944
            ],
            "SE": [
                0.411560564084526,
                0.300701893900012,
                0.297619330108629,
                0.394494069475283,
                0.305917610323906,
                0.287586481737131,
                0.327797430068755,
                0.310422128000399,
                0.299536302672563
            ]
        },
        {
            "mean": [
                -1.07363772510325,
                0.53551925294564,
                0.186950782435704,
                4.74417546864535,
                -1.46069022448349,
                0.625948159474764,
                1.77808938088585,
                -1.77399576399151,
                0.78619640058692
            ],
            "median": [
                -1.06692427370714,
                0.533988785767175,
                0.189918789633785,
                4.73260129542839,
                -1.46255968557014,
                0.624928082131431,
                1.77966825118479,
                -1.76839110028086,
                0.792268884645384
            ],
            "SE": [
                0.418238928994114,
                0.310282469057853,
                0.293002799706543,
                0.39458282500922,
                0.292133642529156,
                0.284521068404721,
                0.321017320961338,
                0.294025548250738,
                0.29825711136126
            ]
        },
        {
            "mean": [
                -1.9359091316752,
                -2.39535032770289,
                2.88157753981899,
                0.580360390841829,
                -1.72347329231456,
                0.295233815252804,
                1.14227857304469,
                -3.2600109631531,
                2.20959370113654
            ],
            "median": [
                -1.93776057260212,
                -2.39590356076944,
                2.8704704743716,
                0.583362697026198,
                -1.71602903017996,
                0.297720498685839,
                1.14783870271443,
                -3.25535878238187,
                2.21198846494382
            ],