{
    "uid": "6426534c-fddd-4ce6-9e5b-19a0211c5324",
    "scenario_uid": "b56e398eaedbdad34cec9e8a634c0fba",
    "iteration_uid": "9274e291a6e99d65fddf3ba12392e149",
    "PD_subj": [
        {
            "mean": [
                -0.365694460094619,
                -1.8206844982876,
                -2.0473143116961,
                1.77894813833854,
                -0.346826943908447,
                -1.1156279371609,
                1.21256119021883,
                -2.40838689790459,
                0.865148322206583
            ],
            "median": [
                -0.36448165401551,
                -1.82104469170397,
                -2.05645988076758,
                1.77397115596647,
                -0.33972668301892,
                -1.11685525405877,
                1.21522564403925,
                -2.40184683144251,
                0.869381192795867
            ],
            "SE": [
                0.306102172028304,
                0.300781711803417,
                0.294700790749297,
                0.310335909457365,
                0.298921069835194,
                0.317020894274895,
                0.266859869949492,
                0.292984564091017,
                0.285425754187968
            ]
        },
        {
            "mean": [
                -1.84379669249188,
                -1.94088599726041,
                0.0953023955102872,
                -0.00662125550848471,
                -1.78887475376723,
                -1.13530432208325,
                0.66859411603488,
                -0.941790705624493,
                -1.26334733468868
            ],
            "median": [
                -1.85004029103283,
                -1.93372082603899,
                0.0860139794339463,
                -0.00376491627116007,
                -1.78781166616909,
                -1.1348826668901,
                0.669110432816805,
                -0.932672550426997,
                -1.25889780202154
            ],
            "SE": [
                0.311772441100609,
                0.288927683580422,
                0.304792135348229,
                0.315046566869964,
                0.298340544232847,
                0.315673745709455,
                0.267065429960216,
                0.306039753367524,
                0.295869721432432
            ]
        },
        {
            "mean": [
                -1.71359534064131,
                -1.65086361886145,
                0.326602063778417,
                2.55565175023215,
                -1.81581930139993,
                -0.452903008425249,
                1.79315776806483,
                -2.15759054641442,
                0.0363729497804577
            ],
            "median": [
                -1.71937693222443,
                -1.65708623264327,
                0.340430086747228,
                2.55829612221051,
                -1.81805004210142,
                -0.441093950294036,
                1.7942024908624,
                -2.16036304177396,
                0.0532816614433129
            ],
            "SE": [
                0.308606026648575,
                0.302854797318223,
                0.595898406919955,
                0.3126610956748,
                0.290191531858179,
                0.589502467720358,
                0.268535689218952,
                0.297004881538552,
                0.484018030294236
            ]
        },
        {
            "mean": [
                1.4412024415531,
                -2.56272618276427,
                1.35845271512255,
                1.17683708346594,
                -1.7411038729561,
                1.02034768980735,
                0.769112495646733,
                -1.50212436991516,
                0.670735635894608
            ],
            "median": [
                1.50461642649946,
                -2.56448676920937,
                1.44523878165533,
                1.12921643260757,
                -1.74154521269814,
                1.04302470976496,
                0.767098406697044,
                -1.50991193275199,
                0.723291142531224
            ],
            "SE": [
                0.524248897409543,
                0.303939179381159,
                0.520952703303387,
                0.508814095013743,
                0.298478253831687,
                0.779305230257307,
                0.276503753686284,
                0.298505663252548,
                0.399460006941168
            ]
        },
        {
            "mean": [
                -1.95118205701461,
                -1.22460336960125,
                -1.84385496864829,
                -0.556197066685417,
                0.173146712599257,
                -0.642747377313126,
                0.254863854533241,
                -1.25588782710851,
                0.139078064644471
            ],
            "median": [
                -1.97872568853475,
                -1.21790989769336,
                -1.81521294631828,
                -0.514030338242984,
                0.190473837171984,
                -0.69465421220254,
                0.402262554654455,
                -1.25859992354303,
                0.0273303407284654
            ],
            "SE": [
                0.518132374574887,
                0.305407557951135,
                0.49710176296986,
                0.561875203313287,
                0.30989167341536,
                0.554194812128921,
                0.61789254533973,
                0.301477723262563,
                0.593691951083254
            ]
        },
        {
            "mean": [
                -1.25319136299164,
                1.04012028430441,
                2.7743141387979,
                1.29827501623873,
                -2.80749818906272,
                -0.381970534842941,
                1.11720651900485,
                -0.165176018054879,
                1.01801273096887
            ],
            "median": [
                -1.25248990696892,
                1.04864755585263,
                2.76949511473068,
                1.29440078724097,
                -2.80285163133783,
                -0.388465382544166,
                1.12082425881324,
                -0.16287336975648,
                1.01612744615682
            ],
            "SE": [
                0.314689255173895,
                0.30315635367341,
                0.301639254526599,
                0.313212758206644,
                0.295657828444696,
                0.312848216618563,
                0.270018449886106,
                0.2964537681517,
                0.289260102998386
            ]
        },
        {
            "mean": [
                -0.697186554794766,
                0.705138677567082,
                0.994975537421751,
                2.93345182981627,
                0.510332163745238,
                1.96719097744935,
                0.303070733624552,
                -0.606874146828353,
                0.985142330013702
            ],
            "median": [
                -0.688618513678858,
                0.706145035525183,
                1.00201497562756,
                2.93544645667441,
                0.504981240494295,
                1.96744963957187,
                0.298854127246017,
                -0.608482895318839,
                0.988131553145313
            ],