{
    "uid": "c63e80f0-0d82-4c62-8aaf-f7ce04424cfa",
    "scenario_uid": "b56e398eaedbdad34cec9e8a634c0fba",
    "iteration_uid": "92ae34b4a017116fff91fcd04d5e8a1a",
    "PD_subj": [
        {
            "mean": [
                -1.34830862192778,
                0.138903093020276,
                0.846951790264603,
                1.59513140878391,
                0.477950332013696,
                1.54504490760632,
                0.941412463418935,
                -2.36140051161981,
                0.450385003533852
            ],
            "median": [
                -1.35153631122498,
                0.139318326358696,
                0.848364001561225,
                1.59776993022335,
                0.471813215160079,
                1.54308439150689,
                0.94112591996872,
                -2.35929401699456,
                0.449256361012578
            ],
            "SE": [
                0.30159525560547,
                0.367438642353895,
                0.299451304880117,
                0.292919662479889,
                0.308011228557801,
                0.288554424404347,
                0.277122249287898,
                0.291649610044637,
                0.290365475048055
            ]
        },
        {
            "mean": [
                1.21949349172534,
                -1.5993467212271,
                1.76280287258894,
                1.50115334763064,
                -1.57159660194238,
                -0.715280698661034,
                -0.0793524523067345,
                0.171616786103795,
                -1.01800821284205
            ],
            "median": [
                1.22407225262265,
                -1.60486324840072,
                1.76601292937876,
                1.49504206986723,
                -1.56904502393653,
                -0.716171126924164,
                -0.0797126084011302,
                0.168534779343287,
                -1.01110511426194
            ],
            "SE": [
                0.305901551945675,
                0.377995561088395,
                0.289494918792544,
                0.290323497834639,
                0.301238350594247,
                0.293835670092059,
                0.275387748279838,
                0.300521853560396,
                0.289019575073193
            ]
        },
        {
            "mean": [
                -2.93583607879169,
                -1.94395453353404,
                3.90241678856354,
                0.09446374756361,
                2.95706480333218,
                -0.874091665864583,
                0.0394960221284264,
                -1.28025929576173,
                1.1188473365588
            ],
            "median": [
                -2.94386321261115,
                -1.93546705515721,
                3.91306053159206,
                0.094893674477409,
                2.95283453389658,
                -0.868130671046516,
                0.0348451524134867,
                -1.28310067683383,
                1.12823739057149
            ],
            "SE": [
                0.313642606984194,
                0.367625175057787,
                0.293868923895337,
                0.280016269230102,
                0.307393996399041,
                0.299730456817076,
                0.27870759308305,
                0.297660629555546,
                0.284830373345006
            ]
        },
        {
            "mean": [
                -0.375798865707939,
                -0.214056566262401,
                -0.36525811254403,
                0.456605378119262,
                -1.51790603619931,
                0.448361810546105,
                -0.888385391335412,
                -3.51245996117838,
                -0.890147850179935
            ],
            "median": [
                -0.385077142025879,
                -0.212191356018663,
                -0.358704618002661,
                0.447614781667417,
                -1.51280502863116,
                0.44092579955092,
                -0.887642516987253,
                -3.50333210678092,
                -0.895538137385931
            ],
            "SE": [
                0.330077861097089,
                0.361983199844083,
                0.324201365942135,
                0.297643381346316,
                0.299939992589737,
                0.298975441510321,
                0.29998751088624,
                0.297438619539184,
                0.298193983804316
            ]
        },
        {
            "mean": [
                0.997514872127512,
                -1.86616001641514,
                1.77519885014404,
                -0.435761463801054,
                -2.36763204932491,
                -3.12385986391058,
                0.622881115478906,
                -4.20019501495534,
                0.00652507443652292
            ],
            "median": [
                0.994556003966523,
                -1.86541025164537,
                1.77492127385569,
                -0.438869348768354,
                -2.37111159571044,
                -3.13648761850521,
                0.624587631774393,
                -4.20490955855662,
                0.00296186127411971
            ],
            "SE": [
                0.317580553282932,
                0.369987391419156,
                0.294819465496985,
                0.293540960254137,
                0.297185875702435,
                0.29469376655334,
                0.285279034877857,
                0.306188176227458,
                0.278329421462305
            ]
        },
        {
            "mean": [
                1.27889051791906,
                -0.744454965609583,
                -0.763994247565622,
                2.0123590669826,
                -3.60654950952011,
                0.242096950039383,
                2.2798066142061,
                -1.92167919086641,
                0.762431731794778
            ],
            "median": [
                1.27931005764933,
                -0.737978921229087,
                -0.76112058840962,
                2.01626765589988,
                -3.6040507224905,
                0.247722305439071,
                2.28016208348759,
                -1.92110146769179,
                0.760189063704972
            ],
            "SE": [
                0.308858775170957,
                0.367374568605107,
                0.302449759617388,
                0.281800925011614,
                0.301107047200786,
                0.300904088339535,
                0.281431774267867,
                0.299773600232156,
                0.29188100270138
            ]
        },
        {
            "mean": [
                0.509033090275403,
                0.13600519454111,
                1.88126291964987,
                0.308810596838573,
                0.20154758674922,
                2.0511407120144,
                -0.0225173282668567,
                -0.190958262933672,
                0.557760150170804
            ],
            "median": [
                0.60204846693091,
                0.172640824839072,
                1.87552362945853,
                0.308815817185267,
                0.264177677228533,
                2.05161897547289,
                -0.0225765312157966,
                -0.0339731487071985,
                0.555725948077747
            ],