{
    "uid": "70cf3f66-8260-433f-b494-7967fd81df64",
    "scenario_uid": "b56e398eaedbdad34cec9e8a634c0fba",
    "iteration_uid": "96ba8b6ab01f8b52012f108000c5c26e",
    "PD_subj": [
        {
            "mean": [
                -2.14420193582595,
                2.74096665565848,
                -0.0466511397714738,
                2.29351304634506,
                -3.65065866290916,
                -2.70980601607009,
                0.695181239491615,
                -0.237906091235308,
                -0.803369293363235
            ],
            "median": [
                -2.15027496455953,
                2.74374584906068,
                -0.0406779672550268,
                2.29266978198229,
                -3.65825102184869,
                -2.71484115992052,
                0.697687419907386,
                -0.239371352568156,
                -0.807279537653308
            ],
            "SE": [
                0.286083091776375,
                0.312273553116561,
                0.294696030326344,
                0.29621766850654,
                0.299432420121848,
                0.297058175504239,
                0.295973328738452,
                0.296406572820172,
                0.299668908751481
            ]
        },
        {
            "mean": [
                -1.07190658295792,
                0.424657111376341,
                1.84460511133902,
                1.10441671037302,
                -3.57187179010785,
                -1.01950399200206,
                1.14361168581258,
                -1.18319142399489,
                -2.10465398103976
            ],
            "median": [
                -1.06765692689763,
                0.425422054822349,
                1.8428847610441,
                1.11302451924148,
                -3.5746406067287,
                -1.01335271197778,
                1.15230023196132,
                -1.17567598431751,
                -2.09408846245882
            ],
            "SE": [
                0.288019471547763,
                0.307876645944102,
                0.27926077320194,
                0.286760557975759,
                0.30393840214614,
                0.29195750223564,
                0.300721408177238,
                0.291374527433509,
                0.301857378154182
            ]
        },
        {
            "mean": [
                -1.38024795725865,
                -2.53177043543104,
                0.357629022303457,
                -0.523275423364052,
                -0.55586883552428,
                -1.93310657817454,
                1.00886482648859,
                -1.83450700974261,
                1.41003406500343
            ],
            "median": [
                -1.37493790675782,
                -2.53305970586968,
                0.360288136870939,
                -0.524798832420687,
                -0.552508643530903,
                -1.92552160856024,
                0.992557660280608,
                -1.82519091494951,
                1.40895393202293
            ],
            "SE": [
                0.29221073638503,
                0.309560056228016,
                0.292848415482563,
                0.296250672680947,
                0.299401552711984,
                0.300049924949882,
                0.290635447023648,
                0.298619665661087,
                0.304289981060706
            ]
        },
        {
            "mean": [
                -0.0505964854609713,
                -0.503618617666525,
                -0.418051263118778,
                1.79204848932693,
                -1.19102762151085,
                -1.0315326374064,
                0.840793537325157,
                -1.77374809596299,
                -1.81059100879949
            ],
            "median": [
                -0.0412797013894246,
                -0.507105948256786,
                -0.41799676056223,
                1.77817156900852,
                -1.3914124856858,
                -0.869878086023722,
                0.834131180448618,
                -1.76271370050864,
                -1.80798345276482
            ],
            "SE": [
                0.286191221820288,
                0.399251382577352,
                0.392057857169152,
                0.298893335916972,
                0.683117961332948,
                0.677767180084353,
                0.299077865113888,
                0.342350335627628,
                0.344906619732165
            ]
        },
        {
            "mean": [
                0.161300714265839,
                -0.581329634310149,
                2.20938937446834,
                2.22536965897748,
                -0.712612929722589,
                0.405999045003125,
                3.67558094287587,
                -1.74497950326137,
                -2.49916860113321
            ],
            "median": [
                0.151482372762057,
                -0.5782281155668,
                2.21493078935258,
                2.22660464182869,
                -0.709124607214122,
                0.408619602570791,
                3.68160417342323,
                -1.74327855379824,
                -2.50297197347617
            ],
            "SE": [
                0.302892664676302,
                0.298874738722444,
                0.293591272356159,
                0.295604129840905,
                0.299426274717149,
                0.304798867790047,
                0.298691003625372,
                0.292921918916377,
                0.30088102102809
            ]
        },
        {
            "mean": [
                -1.8595163734219,
                0.534260275124286,
                1.01169882516611,
                0.0657297909546635,
                -1.38568556474251,
                1.61563617921015,
                0.165532567936868,
                -1.53116713193214,
                0.43154782969662
            ],
            "median": [
                -1.86057292515216,
                0.532035150741148,
                1.0060560055453,
                0.0575370985235102,
                -1.38847009503884,
                1.6171937339444,
                0.172510841515812,
                -1.53354471656543,
                0.430909506398443
            ],
            "SE": [
                0.28646201803778,
                0.303397377053517,
                0.294748617356255,
                0.300639083472093,
                0.309463266916873,
                0.306836529546099,
                0.3035232430483,
                0.293799792739959,
                0.305142000712478
            ]
        },
        {
            "mean": [
                -1.01362378881044,
                -0.992565369856764,
                1.77885669722282,
                -0.347071472254191,
                -3.82001012609988,
                0.246113872546701,
                1.43558419928064,
                -3.03915600930391,
                1.1025080946737
            ],
            "median": [
                -1.01098874997203,
                -0.999732375494983,
                1.77282743432109,
                -0.346649344799707,
                -3.81391111892261,
                0.2488730360609,
                1.4347870598072,
                -3.04064448354182,
                1.10335172580621
            ],