{
    "uid": "c3dae9bd-6f55-4a7e-9303-8d91ce2f5b61",
    "scenario_uid": "b56e398eaedbdad34cec9e8a634c0fba",
    "iteration_uid": "98dd92dabddb8bf2462add5476ea4ee1",
    "PD_subj": [
        {
            "mean": [
                -0.413668680041211,
                1.86518605643553,
                -0.311702125469012,
                0.783920287319016,
                -2.1746802790565,
                0.689266353362887,
                1.71545879911488,
                -2.82182069575954,
                1.59770104076694
            ],
            "median": [
                -0.418767404425366,
                1.86420199022103,
                -0.368156770591473,
                0.788788847542662,
                -2.17505952454908,
                0.724967146579806,
                1.7257040654717,
                -2.81447879354458,
                1.68680783804255
            ],
            "SE": [
                0.332462163622291,
                0.290937495650479,
                0.438084631943216,
                0.357771959074123,
                0.302321333425245,
                0.444834440991129,
                0.304493796910067,
                0.286457861563635,
                0.515068373227912
            ]
        },
        {
            "mean": [
                1.89544445044526,
                -0.540938040143119,
                1.21244986272154,
                0.959388982006243,
                -3.17320828829598,
                -2.40703595664891,
                -0.0413302722422364,
                -2.34959673156208,
                -1.0458282210776
            ],
            "median": [
                1.89595428793247,
                -0.545623964131781,
                1.21162625783624,
                0.954896823119736,
                -3.17530643987031,
                -2.41125281144195,
                -0.044480008133127,
                -2.34234318203054,
                -1.04754973387096
            ],
            "SE": [
                0.290918796135903,
                0.288086905731925,
                0.284812939646573,
                0.302154900158152,
                0.29696507012381,
                0.300614325050638,
                0.302025073596431,
                0.292179875218387,
                0.281807712380577
            ]
        },
        {
            "mean": [
                -1.61192554735708,
                0.514183969180071,
                0.511600841917339,
                0.850914600876877,
                -0.574581893286103,
                -0.578348527354026,
                3.34896019022964,
                -1.51208244005162,
                -1.49799910265168
            ],
            "median": [
                -1.60494548062741,
                0.51547024020485,
                0.501751938657766,
                0.853059645895395,
                -0.564942173174784,
                -0.570405190604427,
                3.34974635204441,
                -1.52363841412246,
                -1.498466344863
            ],
            "SE": [
                0.291728725690208,
                0.314152773622206,
                0.310158909680544,
                0.290977567645761,
                0.319424730567106,
                0.31458494841997,
                0.290005624751968,
                0.301926348555052,
                0.296956629762
            ]
        },
        {
            "mean": [
                2.12646480174602,
                1.28024640729624,
                2.54511335989949,
                -1.99022634089035,
                -1.5628754985642,
                1.58327668363839,
                0.60784178047552,
                -2.40374539807668,
                0.177055847942976
            ],
            "median": [
                2.12495829394353,
                1.2793900584084,
                2.54685522482226,
                -2.00033552285621,
                -1.55973644024616,
                1.58130346631857,
                0.610983814797544,
                -2.41767486351458,
                0.173927605993914
            ],
            "SE": [
                0.291998639614728,
                0.297043795147697,
                0.290187278217857,
                0.28810549136714,
                0.297813099903607,
                0.291092802639966,
                0.291626168424329,
                0.28775303186792,
                0.281843754068693
            ]
        },
        {
            "mean": [
                -0.900975479115604,
                -0.857564447004459,
                1.19138083233202,
                0.420786907263063,
                -0.303719204430915,
                -1.08580448499029,
                2.90811794138894,
                0.706980811091749,
                0.886060457063425
            ],
            "median": [
                -0.900175232262937,
                -0.853215845849144,
                1.18804758791153,
                0.425119975738647,
                -0.307912301252506,
                -1.09175873333767,
                2.90605956879341,
                0.707678359784034,
                0.889179247643291
            ],
            "SE": [
                0.295690192489118,
                0.290384473312564,
                0.279688549671376,
                0.303040393790672,
                0.303186591892207,
                0.29813716689142,
                0.290584329810022,
                0.28046612009649,
                0.276920820741775
            ]
        },
        {
            "mean": [
                -1.63055293773875,
                -1.17736773684523,
                0.65270134640426,
                -1.39955823737735,
                -0.289049164823959,
                -1.43941179007173,
                1.6348548812229,
                -1.83033783869735,
                0.130768446340195
            ],
            "median": [
                -1.63399333481909,
                -1.18843367350758,
                0.648778702839218,
                -1.3958790358704,
                -0.287420433500389,
                -1.44664890155022,
                1.63466186134257,
                -1.82192624439347,
                0.126634520659435
            ],
            "SE": [
                0.298597290398524,
                0.289234683589175,
                0.285941567611824,
                0.299687209207556,
                0.300719510749185,
                0.289815737419889,
                0.29623103077266,
                0.288832510724995,
                0.288456493286492
            ]
        },
        {
            "mean": [
                0.717397508626767,
                0.214306003104175,
                2.35752258971832,
                0.549636814421462,
                -1.18382344627938,
                2.17608374511916,
                1.30677470749766,
                -1.57815906670576,
                -0.0665929034850858
            ],
            "median": [
                0.712446099830481,
                0.212249612154181,
                2.35651032016349,
                0.54939050565466,
                -1.18498960005092,
                2.16777534976105,
                1.30270461963885,
                -1.57391839112137,
                -0.069202360746479
            ],