{
    "uid": "b32f50ae-4eec-4032-85df-da9de8b4745d",
    "scenario_uid": "b56e398eaedbdad34cec9e8a634c0fba",
    "iteration_uid": "99dda81af07659e3042d98c04b38094a",
    "PD_subj": [
        {
            "mean": [
                0.598965699509103,
                0.433350822279854,
                0.602854292822272,
                1.59736029136517,
                -2.66202613898618,
                1.59953640520972,
                0.730594572391889,
                -1.41969822985263,
                0.744222631312511
            ],
            "median": [
                0.603410674799464,
                0.435492602377552,
                0.600082883284858,
                1.59866507994586,
                -2.67329228932243,
                1.60211568814771,
                0.73532699220733,
                -1.41863355468012,
                0.733410183634701
            ],
            "SE": [
                0.31070928458328,
                0.72331604185302,
                0.280432361220312,
                0.300827426448632,
                0.795653298074156,
                0.304951443385752,
                0.295520245284251,
                0.528415379117911,
                0.317467374874526
            ]
        },
        {
            "mean": [
                0.0811755580808878,
                -3.22581208852442,
                0.4834788360343,
                2.84206405643318,
                -1.8109259899397,
                -0.475620806821485,
                0.166172476544951,
                -0.576783642648187,
                0.567092209226997
            ],
            "median": [
                0.0724137895034375,
                -3.22573906375908,
                0.484247755749623,
                2.84251733540187,
                -1.8173532849544,
                -0.481546106847832,
                0.16047786255483,
                -0.586939853008513,
                0.567116206841276
            ],
            "SE": [
                0.297472139174149,
                0.730500001286206,
                0.272194666254241,
                0.284687759858404,
                0.788032414303159,
                0.289676276985464,
                0.294418457332508,
                0.549384975479493,
                0.305893207000874
            ]
        },
        {
            "mean": [
                1.46741578399491,
                1.064748412582,
                1.83621594974709,
                1.43763564929699,
                -0.218474431700567,
                -0.158926496154377,
                0.0560305205878526,
                -0.55847168113659,
                3.73191926728537
            ],
            "median": [
                1.47308925063271,
                1.06548678079866,
                1.83260712087291,
                1.4442483322698,
                -0.230246966656,
                -0.16746172767152,
                0.0591430532476741,
                -0.563373013034614,
                3.73161983166925
            ],
            "SE": [
                0.294260858507378,
                0.719547400290986,
                0.279276330272494,
                0.290051210541167,
                0.80433013558082,
                0.294062208319028,
                0.290548623200956,
                0.544353096880175,
                0.302961271782274
            ]
        },
        {
            "mean": [
                -1.23871850679227,
                -2.47352960366723,
                0.994898404210573,
                0.288915768802999,
                0.715745079399705,
                -0.582684014189924,
                3.19034827845335,
                -2.6964202097916,
                -0.542011289591711
            ],
            "median": [
                -1.24154285664928,
                -2.5003109193979,
                0.996300551761503,
                0.285846071728304,
                0.725008558688416,
                -0.584229348251382,
                3.18908947167352,
                -2.69082574373287,
                -0.545384406188272
            ],
            "SE": [
                0.294000947325256,
                0.711895636142366,
                0.284543869256316,
                0.295014081547683,
                0.798192910278402,
                0.286697288909316,
                0.294316362278491,
                0.551040081210236,
                0.298585342117047
            ]
        },
        {
            "mean": [
                1.07957426591675,
                0.38141939340664,
                0.0542023592708137,
                0.246456751986475,
                1.48082008234262,
                -0.216955736449425,
                1.78431167886168,
                2.03123544796934,
                -1.30387897220216
            ],
            "median": [
                1.07871142880863,
                0.381666236686539,
                0.0532881052125438,
                0.253827806107935,
                1.48938716962754,
                -0.221191046083779,
                1.78211216271363,
                2.02912764511211,
                -1.30898361059125
            ],
            "SE": [
                0.293599505578096,
                0.739106495185506,
                0.264948438428213,
                0.291570448417639,
                0.827618746826971,
                0.292745986679106,
                0.292622608318302,
                0.544489301963618,
                0.309134383025335
            ]
        },
        {
            "mean": [
                -2.3907277310089,
                -2.91956251629054,
                -0.541150574593874,
                3.75586879135693,
                -3.99012386262753,
                0.394853543404779,
                0.457321636780763,
                -2.05618841889537,
                0.313460237120209
            ],
            "median": [
                -2.39671772377573,
                -2.93329217031108,
                -0.541634898153465,
                3.75845571344358,
                -3.9798478033183,
                0.388456997295607,
                0.452835173074026,
                -2.0523952512305,
                0.310823730910368
            ],
            "SE": [
                0.294055569463266,
                0.72444231215724,
                0.271866129960799,
                0.29430992340171,
                0.804548404752722,
                0.289669195072818,
                0.294276892775806,
                0.535544703543101,
                0.297501186826896
            ]
        },
        {
            "mean": [
                1.73224503068341,
                -3.08090330864027,
                0.358041917232347,
                3.69806564847826,
                -2.29397828923744,
                0.230118878865385,
                -0.889056732633061,
                -3.58828800746271,
                0.238519767817767
            ],
            "median": [
                1.73221641658461,
                -3.10065701748558,
                0.366075574710897,
                3.70087155088299,
                -2.3037311115388,
                0.238719657009658,
                -0.884951084927958,
                -3.59120182759614,
                0.250663308227311
            ],