{
    "uid": "fbf2e09a-2acb-4889-9250-66b789a68c20",
    "scenario_uid": "b56e398eaedbdad34cec9e8a634c0fba",
    "iteration_uid": "9a50e352e457ddb8e71309bd252ffc0d",
    "PD_subj": [
        {
            "mean": [
                -1.49800529844138,
                -2.1403088517386,
                1.95304762791204,
                1.66213404267424,
                -1.33026509101791,
                0.946627388594511,
                0.754960422161737,
                -1.08154321861827,
                2.15665147387561
            ],
            "median": [
                -1.50363892384096,
                -2.14228243759861,
                1.94835260694207,
                1.66382146305384,
                -1.3322705485681,
                0.949969504396327,
                0.760125716732575,
                -1.08048692798162,
                2.15992709728796
            ],
            "SE": [
                0.303668689646535,
                0.266644313795548,
                0.315453757832607,
                0.2827531768321,
                0.272894171752279,
                0.309631511477758,
                0.298317310170719,
                0.292071501385387,
                0.33924478962089
            ]
        },
        {
            "mean": [
                -0.927615846138716,
                -0.516434809102367,
                0.716704566846162,
                1.6539267153833,
                -0.668103358191856,
                -2.0698853041482,
                0.187889026721471,
                -4.40830777620822,
                0.143886445975004
            ],
            "median": [
                -0.927788478633297,
                -0.513047452456859,
                0.717964413805245,
                1.65651830616575,
                -0.658620554884072,
                -2.06905019196436,
                0.19068984248446,
                -4.40917660909124,
                0.145740501462323
            ],
            "SE": [
                0.303726747656682,
                0.255898347516923,
                0.320844808859763,
                0.277126890455389,
                0.277861199836024,
                0.308861826720676,
                0.301169095414016,
                0.309717991448317,
                0.335162256514825
            ]
        },
        {
            "mean": [
                -0.667925952506622,
                -1.09731036415104,
                1.02148744944769,
                0.0922756203655496,
                -1.0978331306268,
                0.0475281342438345,
                1.13094382416614,
                0.485387204778284,
                -0.0652312130159913
            ],
            "median": [
                -0.666254226952608,
                -1.10305570010978,
                1.02242848429964,
                0.101480587931163,
                -1.09906391884258,
                0.0363276720627543,
                1.12090788858323,
                0.496921327217331,
                -0.0649226745811362
            ],
            "SE": [
                0.294549999168212,
                0.272025717820256,
                0.314787078192077,
                0.283149071820471,
                0.284754062383079,
                0.322548966974315,
                0.303042667909838,
                0.29696097445886,
                0.337066520246145
            ]
        },
        {
            "mean": [
                -0.867582683609838,
                -1.37018013383106,
                1.44685050185458,
                2.23500423750616,
                -0.928311729921805,
                -0.956541974768121,
                0.645251693724986,
                -1.17697304955219,
                -0.340054913208548
            ],
            "median": [
                -0.862076215505311,
                -1.37497639468197,
                1.43838035588473,
                2.23578393109134,
                -0.92913629439362,
                -0.949884484605107,
                0.637366335651032,
                -1.17356467087417,
                -0.33723972007256
            ],
            "SE": [
                0.300754283694128,
                0.271085640070452,
                0.324574428670626,
                0.284084816701241,
                0.276853719177592,
                0.315152778793778,
                0.301381440783562,
                0.305219046516598,
                0.329028264784288
            ]
        },
        {
            "mean": [
                0.264076852475514,
                -0.32542265077614,
                0.88569510064108,
                -0.411948722831077,
                -0.804217995867382,
                -2.64631195040872,
                0.972328919292154,
                -3.79764423068466,
                0.574194961393112
            ],
            "median": [
                0.263365982289744,
                -0.323392351935669,
                0.898266367525828,
                -0.411868111046519,
                -0.806403099020731,
                -2.64649863598921,
                0.972526816019214,
                -3.80072942980921,
                0.567751969411108
            ],
            "SE": [
                0.297215865169883,
                0.269254750712961,
                0.312498010681572,
                0.283276083249182,
                0.273331500096987,
                0.323918912788936,
                0.297083403515611,
                0.296590205273213,
                0.334623490667342
            ]
        },
        {
            "mean": [
                -0.15038964236413,
                -1.73787078737643,
                -2.00967923255034,
                0.979676231359852,
                -0.232149219049445,
                -0.647938392224155,
                -2.83838680425279,
                0.0701446495068781,
                -1.66817092972341
            ],
            "median": [
                -0.140578639874719,
                -1.74437163963551,
                -2.01010931537058,
                0.981500707733654,
                -0.229037526689154,
                -0.643303163069958,
                -2.84111626848868,
                0.0652930286333043,
                -1.68385547519609
            ],
            "SE": [
                0.304378916385667,
                0.273122064125865,
                0.313164984727164,
                0.276237954301443,
                0.277469017328028,
                0.318993295718021,
                0.304807328017544,
                0.299257097895666,
                0.348087986406981
            ]
        },
        {
            "mean": [
                -0.274153053394533,
                -0.184485185917817,
                1.3418728365984,
                -0.555143395177437,
                -1.19180844717254,
                -1.87676034741693,
                2.40783228697482,
                -0.284743844458797,
                -2.92124933249106
            ],
            "median": [
                -0.273742881215064,
                -0.184187074798316,
                1.33598661516124,
                -0.551313745068089,
                -1.19367386760143,
                -1.86617901667495,
                2.40546989061338,
                -0.282216505944456,
                -2.92828128385467
            ],