{
    "uid": "94e68bce-7953-4a4b-a828-61bdcd00a1e9",
    "scenario_uid": "b56e398eaedbdad34cec9e8a634c0fba",
    "iteration_uid": "9a68ee469d20e8fc3252ebaaf1ce5fde",
    "PD_subj": [
        {
            "mean": [
                0.937326382306503,
                -0.68251582714618,
                0.138428313625435,
                3.55413199560185,
                -0.48503357327683,
                -0.515541362737264,
                -0.134194116639983,
                -1.36697777117989,
                1.10853462135556
            ],
            "median": [
                0.942798354027968,
                -0.680049875204178,
                0.140062881927508,
                3.55922853207413,
                -0.486144722849043,
                -0.51491668413658,
                -0.134831405352639,
                -1.36772020097464,
                1.10782634710742
            ],
            "SE": [
                0.304751863894588,
                0.377597038609523,
                0.289687205783296,
                0.299011797162958,
                0.351112093081985,
                0.302268177571326,
                0.27498339175417,
                0.325369739009408,
                0.293370960778483
            ]
        },
        {
            "mean": [
                -1.87924711407326,
                0.519235007771461,
                1.73757911247148,
                0.41014154347852,
                0.53093915283737,
                2.07992550617512,
                0.0424345061091223,
                1.00469496242709,
                -0.100595375286947
            ],
            "median": [
                -1.87479620679043,
                0.515248094537512,
                1.73998446354698,
                0.40771619491164,
                0.525854339103784,
                2.08079944559035,
                0.0409785418804643,
                1.00110347444739,
                -0.0964557236980444
            ],
            "SE": [
                0.306653824330013,
                0.368747767424382,
                0.280753296297231,
                0.307216063347214,
                0.341035113834406,
                0.306815936554902,
                0.272862730092781,
                0.321788524055303,
                0.29136599378774
            ]
        },
        {
            "mean": [
                -1.29998350302344,
                -0.176381458637982,
                1.70920333584127,
                -0.104078947390134,
                -2.54195284395463,
                0.130649911329686,
                0.754672468202788,
                -2.66021436295572,
                -0.457962925490852
            ],
            "median": [
                -1.2910311624106,
                -0.183058997562127,
                1.70862134520395,
                -0.110941025396091,
                -2.54699520157948,
                0.123631281962285,
                0.757449162123207,
                -2.66298553957407,
                -0.4449243634953
            ],
            "SE": [
                0.305773844434806,
                0.370166914678291,
                0.28403158447572,
                0.304104014176151,
                0.340985991144392,
                0.305929864160134,
                0.268503207099944,
                0.315550265947864,
                0.292826554106444
            ]
        },
        {
            "mean": [
                -0.747145410989059,
                -0.768443325472642,
                0.963898823613415,
                0.877004091174034,
                0.671303247613821,
                -1.41631966618621,
                0.429219856083835,
                -2.16048419802462,
                0.544883116507125
            ],
            "median": [
                -0.75043428361216,
                -0.767681355605957,
                0.963230550602636,
                0.870472739960472,
                0.667608285152011,
                -1.41823790693922,
                0.430046243755308,
                -2.1669448073148,
                0.548338713300182
            ],
            "SE": [
                0.296774893509791,
                0.372850147376854,
                0.279169236594292,
                0.302083585011108,
                0.341685083875488,
                0.305535478176548,
                0.263010792032625,
                0.319972162653743,
                0.280453828334791
            ]
        },
        {
            "mean": [
                1.05008187982685,
                0.955660743454519,
                1.28942681255422,
                1.35635366771573,
                -0.391115493997222,
                -1.60580725883245,
                2.43022827984982,
                -1.12805300561713,
                0.204506524123772
            ],
            "median": [
                1.06023352388049,
                0.95517322104031,
                1.28704233659416,
                1.34805066387845,
                -0.391147397388941,
                -1.60160405252397,
                2.422219744917,
                -1.12831150114697,
                0.199674166374077
            ],
            "SE": [
                0.299556629527178,
                0.383052983674223,
                0.27802688170861,
                0.304768329388242,
                0.346649634244199,
                0.300593553300544,
                0.268887691547201,
                0.326943528434822,
                0.291565162605364
            ]
        },
        {
            "mean": [
                -2.58370676229252,
                2.19984638445547,
                2.34479772991074,
                1.16290467262506,
                -0.802110209425503,
                1.79865116177973,
                0.620482318176397,
                0.586761971533654,
                0.698704213408939
            ],
            "median": [
                -2.58230328747269,
                2.19031433842333,
                2.35773322212776,
                1.16623389632973,
                -0.80600906011909,
                1.79680904997669,
                0.623299504833214,
                0.591724366146183,
                0.701959294451136
            ],
            "SE": [
                0.296940390132417,
                0.363779980569513,
                0.287090710047599,
                0.301888387354944,
                0.342627107314539,
                0.303049251750154,
                0.277114614849458,
                0.32202122307634,
                0.288359907758449
            ]
        },
        {
            "mean": [
                0.696018656550214,
                1.47283934816892,
                1.02127164922334,
                0.891988477443029,
                -2.28062429836912,
                -3.01793866152928,
                1.2976761421585,
                -1.56261799362519,
                2.544278234424
            ],
            "median": [
                0.700862575424447,
                1.47341036083525,
                1.02315248999579,
                0.884488128575135,
                -2.28587290925944,
                -3.01733204737785,
                1.30056811961651,
                -1.56621304573962,
                2.54698546708537
            ],