{
    "uid": "19b4e964-fb64-4d61-8f99-a97c1136a2cd",
    "scenario_uid": "b56e398eaedbdad34cec9e8a634c0fba",
    "iteration_uid": "9b16f69d27ed42c26d087c563b1c0536",
    "PD_subj": [
        {
            "mean": [
                0.539233168277833,
                -2.56030410558401,
                1.12167905318368,
                1.78112576338706,
                -3.42296638865723,
                -0.318260193805239,
                2.15798303709557,
                -1.63738230904998,
                1.98688479861533
            ],
            "median": [
                0.540136538992658,
                -2.55826543971817,
                1.1211046241074,
                1.76893062660682,
                -3.42379125570685,
                -0.32048468453209,
                2.15738812477165,
                -1.6344967914527,
                1.99300196625631
            ],
            "SE": [
                0.289531381085955,
                0.320390246042297,
                0.297069484164363,
                0.296005299776395,
                0.47391667614894,
                0.317927913891103,
                0.331330834944847,
                0.472912262793445,
                0.318144494855806
            ]
        },
        {
            "mean": [
                1.76062770719068,
                -1.93178309190357,
                1.77064413867095,
                0.673091156795908,
                -0.731294407671706,
                0.651932105370599,
                1.73729941825614,
                -2.28874180625535,
                1.76172001395441
            ],
            "median": [
                1.75691430746755,
                -1.94112687009522,
                1.78062449480916,
                0.677062873152709,
                -0.732865669948005,
                0.655100233190476,
                1.73878584974324,
                -2.29245973033422,
                1.76369224228262
            ],
            "SE": [
                0.314898466870576,
                0.32084232292722,
                0.325218883810794,
                0.320441757475148,
                0.467677046649801,
                0.319691985788303,
                0.348193082560247,
                0.461761448404195,
                0.323506337200415
            ]
        },
        {
            "mean": [
                -0.216542110229525,
                -4.58235838948915,
                -0.139173699181647,
                -0.245531790163836,
                -4.48557786431111,
                1.28784486968501,
                -0.711227974577669,
                -0.169385464694794,
                -2.5561335449564
            ],
            "median": [
                -0.218473959886142,
                -4.58730122024025,
                -0.140094581849193,
                -0.242606646362046,
                -4.48510602637703,
                1.28396465010395,
                -0.716454003505142,
                -0.172530443049916,
                -2.55495650180157
            ],
            "SE": [
                0.286229928290914,
                0.316749425258008,
                0.307831879185828,
                0.304121629472522,
                0.467598747463357,
                0.312420652881058,
                0.329443581511324,
                0.476528082192797,
                0.309673440650678
            ]
        },
        {
            "mean": [
                0.328772784915783,
                -2.39065754914664,
                0.370067360701542,
                -1.19431910004418,
                0.168589484200191,
                -1.23241146221448,
                0.0545934384347613,
                -0.451220771074438,
                -0.00865844588660285
            ],
            "median": [
                0.32938077165344,
                -2.3919479048958,
                0.364642080917032,
                -1.15007337594437,
                0.159031629650817,
                -1.27214615224018,
                0.0509569730585975,
                -0.44953978964478,
                -0.0220218733746206
            ],
            "SE": [
                0.302117227057502,
                0.319204965002358,
                0.334021489143327,
                0.4978196371477,
                0.471151102031283,
                0.57863815695312,
                0.424986069828564,
                0.471898422385559,
                0.434685555203215
            ]
        },
        {
            "mean": [
                1.76700001579768,
                -2.07817189184034,
                2.50013649127266,
                0.555602453112703,
                -1.57524536809354,
                -0.400643064356877,
                0.012200401546362,
                -0.929751406237805,
                -0.368580035837491
            ],
            "median": [
                1.75039860373489,
                -2.07725675492919,
                2.51028562172874,
                0.593373858847204,
                -1.57796170858231,
                -0.438201816554425,
                0.021380179775128,
                -0.926508761414833,
                -0.377141798644263
            ],
            "SE": [
                0.360651932899245,
                0.56430427599966,
                0.365790065646797,
                0.389601257566107,
                0.721853572127752,
                0.398722500234282,
                0.431619151158071,
                0.675482507958534,
                0.33556181697555
            ]
        },
        {
            "mean": [
                0.450987534598363,
                -2.05621710641665,
                -0.742026001069314,
                0.827134727090244,
                -1.54302748821508,
                2.92826891124508,
                -2.77111893940643,
                -0.968409419298944,
                -2.59216066671651
            ],
            "median": [
                0.446880822682041,
                -2.07249833937346,
                -0.749847461250656,
                0.828134753372743,
                -1.56812609127377,
                2.93588523146177,
                -2.77559970658107,
                -0.960331686161303,
                -2.59473721114835
            ],
            "SE": [
                0.292075564806882,
                0.613287704484913,
                0.302773323478436,
                0.301038019270202,
                0.792619707530259,
                0.294351004265426,
                0.315430114765593,
                0.694881084894776,
                0.305316073919172
            ]
        },
        {
            "mean": [
                0.177942518458402,
                -0.131104168994887,
                1.44124990587771,
                1.18136093373227,
                -2.40911462078014,
                0.639050111777862,
                1.66790324194769,
                -3.06396012652342,
                -3.39701645027488
            ],
            "median": [
                0.180460574422406,
                -0.119405747049979,
                1.44158315348637,
                1.17379721638938,
                -2.40758872200386,
                0.628958504655473,
                1.6764455299502,
                -3.05710906217919,
                -3.40252553870703
            ],