{
    "uid": "5d261227-db49-4c8d-a198-5494ec9990d7",
    "scenario_uid": "b56e398eaedbdad34cec9e8a634c0fba",
    "iteration_uid": "9bc7be39eafee422fb446ea5ac3c5297",
    "PD_subj": [
        {
            "mean": [
                -1.48663334280156,
                -0.1745268635308,
                2.8763007684067,
                -0.150473748079152,
                -0.411306032498054,
                -1.23637154860851,
                0.0249465943237793,
                -2.13623711796117,
                0.035298806618762
            ],
            "median": [
                -1.47895738112638,
                -0.176677804977211,
                2.87793464224289,
                -0.152656968521088,
                -0.411165724627119,
                -1.2271795974705,
                0.0338023598330557,
                -2.13967692496061,
                0.0343362498489523
            ],
            "SE": [
                0.299994066554034,
                0.296654789245544,
                0.305158845795534,
                0.307259816159623,
                0.307219922396346,
                0.305788841530215,
                0.292089518545131,
                0.307538415590135,
                0.268909505167164
            ]
        },
        {
            "mean": [
                -0.827124454963287,
                -1.95527959457006,
                0.413783577137423,
                -0.123604285685294,
                -2.05579131864896,
                -1.44795647689387,
                3.17922193554476,
                0.176618367871074,
                -1.45491145085196
            ],
            "median": [
                -0.839190732922167,
                -1.94953915755267,
                0.4163715861246,
                -0.12729893675449,
                -2.05116602962918,
                -1.44927028928007,
                3.19544986688306,
                0.172344642068628,
                -1.45663680128741
            ],
            "SE": [
                0.304539630544386,
                0.295131377120033,
                0.295469403827262,
                0.313422784544564,
                0.310026059795444,
                0.301343434570171,
                0.286157174552301,
                0.32275906984332,
                0.272951153397135
            ]
        },
        {
            "mean": [
                -1.60025194967273,
                -0.286461211690148,
                1.27845634502578,
                0.807126009540018,
                -1.85876121377254,
                1.04508961070068,
                -1.00636594256092,
                0.718828814856807,
                -0.460010449499665
            ],
            "median": [
                -1.60517411085631,
                -0.283354535702087,
                1.26907775023638,
                0.809464325293448,
                -1.86188575324281,
                1.04886447215876,
                -1.00791660063824,
                0.709034411536654,
                -0.454456395286206
            ],
            "SE": [
                0.305653674711,
                0.290876222376944,
                0.303820036123725,
                0.308085975611521,
                0.308758161557245,
                0.316047173801978,
                0.300650145419174,
                0.317832446930074,
                0.268427069643497
            ]
        },
        {
            "mean": [
                -0.152533382366691,
                -0.496410748103985,
                1.17511214256663,
                -0.347467719897324,
                -1.68438997620392,
                0.236737172902877,
                2.34221069972504,
                -5.36105908484903,
                0.190815003636505
            ],
            "median": [
                -0.155687235495861,
                -0.488352066943782,
                1.16873681608469,
                -0.343309315282573,
                -1.67960582090485,
                0.244563842044553,
                2.34078337550908,
                -5.36470364207127,
                0.183714018458307
            ],
            "SE": [
                0.298995224306712,
                0.290840106455735,
                0.297228944138819,
                0.305622916690166,
                0.303208545346504,
                0.320944996825349,
                0.290604675713947,
                0.311889058657168,
                0.265458177151663
            ]
        },
        {
            "mean": [
                1.297743889749,
                -1.3454350749637,
                -2.00351684736205,
                2.81402304605385,
                -2.41651069986895,
                1.40785788700302,
                1.59219848106994,
                -1.42711474765148,
                -0.953771301599342
            ],
            "median": [
                1.2992092651649,
                -1.35221091277024,
                -1.99181601493967,
                2.81033040208124,
                -2.4138700883476,
                1.40665996959482,
                1.59464117301679,
                -1.42795873258997,
                -0.956659106124439
            ],
            "SE": [
                0.298528996836497,
                0.297695947117188,
                0.310313755611436,
                0.309808857448235,
                0.30620098394549,
                0.304680421623343,
                0.292408036976129,
                0.31684626400212,
                0.268370175628366
            ]
        },
        {
            "mean": [
                -0.62284046748489,
                0.23178211222168,
                1.9521101973251,
                2.29835037316606,
                -1.50976898885458,
                -3.0099398687777,
                -0.0635853830586416,
                2.01818146805222,
                0.459330407234998
            ],
            "median": [
                -0.620380246679984,
                0.227412627250908,
                1.951719556155,
                2.30100465311077,
                -1.51623345575889,
                -3.01392790796051,
                -0.0615530539874176,
                2.01162362296064,
                0.451751351936075
            ],
            "SE": [
                0.306431653338888,
                0.285398923657367,
                0.296881356010516,
                0.312936703368001,
                0.297441487807861,
                0.314773102642582,
                0.297831012403402,
                0.310037104706464,
                0.257215315109578
            ]
        },
        {
            "mean": [
                -2.30142773884817,
                -1.60127141341462,
                1.18317106995863,
                3.16266383481629,
                -0.398392684011398,
                0.288303521641415,
                1.43914719722329,
                -3.10296141924316,
                -0.685174023061053
            ],
            "median": [
                -2.30401081472284,
                -1.59427687620961,
                1.18496813643996,
                3.15679930231467,
                -0.394116603163388,
                0.290554772684414,
                1.44097693142749,
                -3.10498282762881,
                -0.685640685791327
            ],