{
    "uid": "f1bb1032-069c-43bd-8d96-0402b9c60e4c",
    "scenario_uid": "b56e398eaedbdad34cec9e8a634c0fba",
    "iteration_uid": "9c4da4b0a56183d080e30662ae1ff432",
    "PD_subj": [
        {
            "mean": [
                -0.837632246881036,
                -0.734619830685739,
                1.60375415293901,
                0.713519927421312,
                -1.35645121101747,
                0.611280814689459,
                0.320776415321255,
                -0.659679598028594,
                -0.584719518299674
            ],
            "median": [
                -0.837605845489032,
                -0.727125554753246,
                1.60142608451046,
                0.716478036524027,
                -1.34741895791227,
                0.612295860104283,
                0.317280983546478,
                -0.664034220646439,
                -0.590846865096406
            ],
            "SE": [
                0.37430265738833,
                0.329012152161182,
                0.27441564235357,
                0.306893685104899,
                0.313709169420794,
                0.295487309529573,
                0.273884985504471,
                0.303519569502142,
                0.288543336540473
            ]
        },
        {
            "mean": [
                -1.63940633983251,
                -3.16981049124683,
                2.02319817104794,
                0.231117751782056,
                0.138400919731615,
                0.609581112257377,
                0.794826282633477,
                -1.16197313300652,
                0.739289135531617
            ],
            "median": [
                -1.64891685102555,
                -3.17059681944982,
                2.0238081965491,
                0.227109997806196,
                0.139439649746777,
                0.604111605201835,
                0.794603004181379,
                -1.16557396683368,
                0.7465295139378
            ],
            "SE": [
                0.391682962186144,
                0.329655601203046,
                0.270197555878449,
                0.297757221119004,
                0.311930318032172,
                0.292908451788545,
                0.277222364960385,
                0.29187147285674,
                0.283232863740679
            ]
        },
        {
            "mean": [
                0.425661014592595,
                0.429217307572212,
                0.397405351673499,
                1.66970950895689,
                0.534972091438042,
                0.292218639359933,
                0.899348357687443,
                -0.205004403956938,
                -0.545543845113346
            ],
            "median": [
                0.446157336134693,
                0.440240383059417,
                0.40470850511433,
                1.81808569778421,
                0.442872916535209,
                0.298613644848697,
                1.10515917644462,
                -0.459328921234228,
                -0.55531694014083
            ],
            "SE": [
                0.415675776999074,
                0.340329141010078,
                0.291801435810147,
                0.592365028127913,
                0.85882827489526,
                0.576411179154185,
                0.689070025947925,
                0.745575756428314,
                0.290200733787908
            ]
        },
        {
            "mean": [
                -0.269459136083325,
                0.0627137636212522,
                0.916607650394143,
                0.222468591483435,
                -1.35117178981126,
                -1.74111781817017,
                -0.129245596564176,
                -1.17334504487159,
                1.227275516068
            ],
            "median": [
                -0.458173813175809,
                0.00972877722196583,
                0.927221212118718,
                0.609083244204245,
                -1.37351814225712,
                -1.73581938282614,
                0.11342314453083,
                -1.17155721109085,
                1.23262850845517
            ],
            "SE": [
                1.00237574877655,
                0.446876190498551,
                0.272576774185653,
                1.07884539198017,
                0.346028351967768,
                0.30883480028733,
                0.840498083310252,
                0.301324059540667,
                0.294977550696678
            ]
        },
        {
            "mean": [
                -1.45142411556192,
                1.37164176929242,
                1.31577393172433,
                1.42596870875072,
                -1.35049623360693,
                -0.172049779268217,
                2.00603409766155,
                -1.6147355075895,
                1.63448427267075
            ],
            "median": [
                -1.52643467873775,
                1.40974387930436,
                1.3107559726523,
                1.45740420436978,
                -1.35188233186387,
                -0.0258635044059011,
                1.99423647517785,
                -1.6279134948393,
                2.20455247916368
            ],
            "SE": [
                0.482575371899356,
                0.486693003324089,
                0.287016874878187,
                0.335163841255231,
                0.331854633466888,
                0.594777042341953,
                0.274357486673729,
                0.329891298285066,
                1.46443264577189
            ]
        },
        {
            "mean": [
                -3.57191399237891,
                -1.2283481319761,
                2.11522923252135,
                -0.306316133705956,
                -1.44264104835789,
                2.44456470365997,
                0.213492656850626,
                1.64123980408536,
                0.377967280647306
            ],
            "median": [
                -3.57018070754032,
                -1.2366107149169,
                2.11275013780833,
                -0.313889498269678,
                -1.43861022796251,
                2.45210254444791,
                0.21185068122324,
                1.64562991876341,
                0.379829423051113
            ],
            "SE": [
                0.375504989636637,
                0.335683784328476,
                0.279929590743879,
                0.298956140931015,
                0.31939952996435,
                0.310156908660658,
                0.274342932574901,
                0.291838084196562,
                0.28818927914685
            ]
        },
        {
            "mean": [
                1.5507943537158,
                -1.19427149368973,
                0.700701786018315,
                2.02141836137971,
                -1.73389498231729,
                -1.47484239341504,
                0.522290172742858,
                -2.82194330814891,
                -0.901443476012458
            ],
            "median": [
                1.5679718549845,
                -1.19406380475698,
                0.695726370854201,
                2.02682399341805,
                -1.73330267359474,
                -1.47572398438549,
                0.527706420032093,
                -2.83130206171772,
                -0.898432492383138
            ],