{
    "uid": "337e2859-965b-47f6-bc04-8b886b3dc24b",
    "scenario_uid": "b56e398eaedbdad34cec9e8a634c0fba",
    "iteration_uid": "9c5f762a45210c8fd75caedda7acd8d5",
    "PD_subj": [
        {
            "mean": [
                1.3766996916544,
                1.07887822769304,
                0.893242705999896,
                2.96977114754533,
                -2.25230000758946,
                0.443213553464975,
                3.33579683378186,
                1.34915710319643,
                0.0861297524024577
            ],
            "median": [
                1.38630466424135,
                1.08435021500244,
                0.897275692102032,
                2.97125716925016,
                -2.2598664366309,
                0.450560987317956,
                3.34289145117497,
                1.3427642042846,
                0.0800933635010669
            ],
            "SE": [
                0.42410019938965,
                0.283101092108486,
                0.277883963126603,
                0.544500883340882,
                0.299266180406852,
                0.291717038888515,
                0.465461378588329,
                0.305668995755,
                0.286403998699662
            ]
        },
        {
            "mean": [
                -1.76715509854532,
                0.948483697338207,
                -0.595802356372504,
                1.36674882055108,
                -0.680392966717281,
                -1.98694755843573,
                0.434548061925365,
                -2.70706828664243,
                -1.55794616992905
            ],
            "median": [
                -1.76597536774372,
                0.944620018261501,
                -0.591459595153781,
                1.38139389956283,
                -0.688843665728314,
                -1.99143233581579,
                0.439881485018819,
                -2.70485845022523,
                -1.55387171778197
            ],
            "SE": [
                0.40890771620841,
                0.294394349028331,
                0.283869086350667,
                0.55098525096471,
                0.298640419796663,
                0.296402555061187,
                0.486096338514309,
                0.297496149969798,
                0.291224568577706
            ]
        },
        {
            "mean": [
                -2.48996172871436,
                -1.1899631569127,
                0.386026046042096,
                1.32744640311208,
                0.489282737776434,
                1.13910027457858,
                -1.87185988703748,
                0.839410975411225,
                -0.0648374355126682
            ],
            "median": [
                -2.49196459244293,
                -1.18469885632603,
                0.385751440658538,
                1.32194327453705,
                0.483742462223578,
                1.13249772279773,
                -1.87261828577531,
                0.833246888626459,
                -0.0805345065823631
            ],
            "SE": [
                0.421306382453464,
                0.2785112858069,
                0.282868283082659,
                0.548397103680302,
                0.292888920988135,
                0.303964570451484,
                0.467153723398989,
                0.306002887261744,
                0.287161330735639
            ]
        },
        {
            "mean": [
                1.39123689214792,
                -0.387186605699699,
                -0.032409484230794,
                2.63619675123038,
                2.96950368116769,
                1.23614940427318,
                -1.70829501106081,
                -3.66953074820488,
                -2.84580586412905
            ],
            "median": [
                1.38987429911313,
                -0.38664156728741,
                -0.038683505458332,
                2.63071654503544,
                2.96404306810739,
                1.24399763171565,
                -1.72449073393071,
                -3.67119318364107,
                -2.83476710159822
            ],
            "SE": [
                0.423290991216382,
                0.286651006988758,
                0.290279824105422,
                0.546887503106812,
                0.305421590604523,
                0.302551893555988,
                0.481916576881973,
                0.292728831832952,
                0.286852197326351
            ]
        },
        {
            "mean": [
                1.28196723981856,
                -1.33709428467764,
                1.48374776727779,
                1.6423565655637,
                -2.208645879386,
                -0.261523025447089,
                3.62684596555474,
                -0.36226938956598,
                -0.0809359601814866
            ],
            "median": [
                1.2859935316589,
                -1.33254942567442,
                1.48193993754176,
                1.64172388219269,
                -2.21365721055192,
                -0.258998204990363,
                3.61996698399835,
                -0.353821942257516,
                -0.0799283602820974
            ],
            "SE": [
                0.410649855507044,
                0.281604225243026,
                0.283649058942292,
                0.566204624270931,
                0.299378466067667,
                0.299512356014785,
                0.469964635536763,
                0.307581870811383,
                0.287674081374691
            ]
        },
        {
            "mean": [
                -1.48096327497876,
                -0.196535725475557,
                0.809421650882854,
                0.205465045547131,
                0.537928819527736,
                -3.46099428117114,
                0.799512581743718,
                -3.0071904748108,
                0.45709618379395
            ],
            "median": [
                -1.49665683920732,
                -0.195759916200736,
                0.810981548232568,
                0.221428438839652,
                0.536363931580946,
                -3.46119694061188,
                0.806431685817507,
                -3.00637990526741,
                0.458186837642113
            ],
            "SE": [
                0.415048268376048,
                0.285660257043421,
                0.285138971142643,
                0.561901547131098,
                0.294619082111035,
                0.292031507007148,
                0.48472719629429,
                0.29866979111451,
                0.283769178655062
            ]
        },
        {
            "mean": [
                -0.309482337706213,
                0.766305725931723,
                0.782292379290383,
                2.5127726832583,
                -2.74292715784724,
                -2.72361167164432,
                0.834503855076836,
                -0.946366335278172,
                -0.904437902709713
            ],
            "median": [
                -0.309096442016479,
                0.762008107742866,
                0.77876403931773,
                2.5222480841111,
                -2.75074822810359,
                -2.72490530033312,
                0.843198999895486,
                -0.931839914390112,
                -0.897447506581338
            ],