{
    "uid": "bd5b5cd5-9920-4346-b804-b4bb19851494",
    "scenario_uid": "b56e398eaedbdad34cec9e8a634c0fba",
    "iteration_uid": "9c6027e198281c49ea2ade97524e339e",
    "PD_subj": [
        {
            "mean": [
                -0.869446223367327,
                -1.23238757647723,
                -1.49477182288752,
                1.55807158901988,
                -2.98169638613731,
                -1.05281810786663,
                -2.51046462368812,
                -2.23806984522128,
                -0.574038452954362
            ],
            "median": [
                -0.876464776007999,
                -1.23673096460419,
                -1.49226120602259,
                1.56590390646959,
                -2.98301239575846,
                -1.05189368631868,
                -2.50279438656241,
                -2.23556055881903,
                -0.57135295794939
            ],
            "SE": [
                0.315106043521779,
                0.282054937294249,
                0.294614814778011,
                0.537910919449311,
                0.296134846788976,
                0.29698463972877,
                0.381768076247973,
                0.31662302763477,
                0.268795721079727
            ]
        },
        {
            "mean": [
                0.236449830511333,
                0.119435271521166,
                -0.305228737198303,
                -2.92232589174803,
                -0.590730185062495,
                -0.826015903502071,
                0.894783870296747,
                -0.763042201621411,
                -0.834862506733684
            ],
            "median": [
                0.236782830827827,
                0.306080992129493,
                -0.499236507792656,
                -2.93701283762805,
                -0.544683773363737,
                -0.884146645560586,
                0.885965093122403,
                -0.755587056278577,
                -0.840917982465297
            ],
            "SE": [
                0.318366359927938,
                0.624150143160053,
                0.616954018355788,
                0.556620079928558,
                0.435349153062976,
                0.434448517230549,
                0.380265919897511,
                0.336129706561686,
                0.296190312875472
            ]
        },
        {
            "mean": [
                0.0852437004426794,
                0.942758340561248,
                -0.347829458789226,
                0.405415150539954,
                -0.550073339488666,
                2.50995041195604,
                2.66836605293775,
                -4.48177992539001,
                -0.860824250161416
            ],
            "median": [
                0.089847836043179,
                0.955065513111991,
                -0.343206351685156,
                0.399485843521293,
                -0.545872911733645,
                2.51649516585604,
                2.67587390958229,
                -4.48409739113681,
                -0.863059257568674
            ],
            "SE": [
                0.319851751405534,
                0.282355302378034,
                0.293525398878537,
                0.550765268285974,
                0.312485767374857,
                0.29791734150518,
                0.386222114469111,
                0.31031251137566,
                0.281951322981606
            ]
        },
        {
            "mean": [
                -1.9185405888679,
                0.258370752877955,
                -1.13919950173156,
                0.160976303077042,
                -2.67325023757477,
                -0.661200298060009,
                -0.407139529520335,
                -1.98819463236741,
                0.906864161348941
            ],
            "median": [
                -1.90844241550881,
                0.261797441883322,
                -1.1305235387155,
                0.178387050157009,
                -2.6716944065423,
                -0.664885309148634,
                -0.412137108410807,
                -1.99709676653188,
                0.904203238348606
            ],
            "SE": [
                0.329922126739891,
                0.287815641079246,
                0.281201869700691,
                0.562382532153264,
                0.304338238838193,
                0.29410208308204,
                0.389782610651133,
                0.304382161787779,
                0.287193965218592
            ]
        },
        {
            "mean": [
                -0.487833804687054,
                0.469210469464388,
                2.4286742711341,
                0.767728590760316,
                2.79537074392472,
                -1.17289232696888,
                4.29458519076617,
                -6.1230281935529,
                -0.160991062344546
            ],
            "median": [
                -0.493785384112229,
                0.464760665523315,
                2.42833804685401,
                0.77894511340837,
                2.79261038233406,
                -1.17778417428787,
                4.29032067061188,
                -6.12452650831887,
                -0.162025053492028
            ],
            "SE": [
                0.318405072073402,
                0.290147999919246,
                0.286212087084494,
                0.552090811374648,
                0.298488576619285,
                0.298576558490259,
                0.382710809098779,
                0.312023972399881,
                0.273538099602129
            ]
        },
        {
            "mean": [
                0.0166723474180261,
                -0.413798344863973,
                -0.426155989396654,
                -0.196484395711889,
                -2.59622339501582,
                -2.60651102073486,
                3.19474829291628,
                -0.642832253595088,
                -0.618772446254349
            ],
            "median": [
                0.0130650047449994,
                -0.419452393760628,
                -0.431007805323477,
                -0.171263006959152,
                -2.63022795989579,
                -2.60821552870212,
                3.19576170063771,
                -0.628262376207222,
                -0.619180453424219
            ],
            "SE": [
                0.318056627210768,
                0.310465177736711,
                0.298563664655299,
                0.548873683504921,
                0.409412449702591,
                0.313045489671331,
                0.400801581810485,
                0.367496836749799,
                0.298385220189738
            ]
        },
        {
            "mean": [
                -0.562233335651748,
                -1.117034695876,
                0.614255802336979,
                1.51014568974386,
                -2.02073722954695,
                0.281991424633704,
                -2.17088712745489,
                -1.30604251638904,
                -0.676457204276802
            ],
            "median": [
                -0.56570465862604,
                -1.11172209113725,
                0.623510948993458,
                1.52580142688125,
                -2.0148301864868,
                0.280691806281525,
                -2.16354738521604,
                -1.29892736498446,
                -0.675355238637901
            ],