{
    "uid": "43db4167-8d54-4ed4-aa99-5ab4b397eb08",
    "scenario_uid": "b56e398eaedbdad34cec9e8a634c0fba",
    "iteration_uid": "9d0575f107aac28d7bc63c9e65ff64a8",
    "PD_subj": [
        {
            "mean": [
                -2.23844931713488,
                -0.368831141992694,
                -0.393137084139331,
                0.889734493284978,
                -2.48666205993662,
                1.13893915203349,
                1.27381416387951,
                -2.12238874717656,
                -0.929081303559531
            ],
            "median": [
                -2.22895357479978,
                -0.372670218269202,
                -0.394451547493599,
                0.885408153157776,
                -2.48744497128735,
                1.14648305231018,
                1.28170809515246,
                -2.12670543264738,
                -0.93351493815227
            ],
            "SE": [
                0.305103112856183,
                0.281556149409452,
                0.308809662369467,
                0.292225018479842,
                0.314644634235575,
                0.291958244260241,
                0.295786363417313,
                0.298665624834475,
                0.294988548964713
            ]
        },
        {
            "mean": [
                -3.47088506763877,
                0.28663250303535,
                1.98483675385526,
                2.64167533388333,
                -0.398769069104057,
                -0.858327219536952,
                -1.03450584742265,
                -1.85668969348782,
                2.32461377663752
            ],
            "median": [
                -3.47487023659137,
                0.281293932724474,
                1.98959518975009,
                2.64347700043637,
                -0.404767338094235,
                -0.846330643384324,
                -1.03118350964587,
                -1.86702576261412,
                2.31619487719411
            ],
            "SE": [
                0.305188779993016,
                0.282737569741386,
                0.298958587315133,
                0.283326768168428,
                0.297796267876878,
                0.301545963122372,
                0.295398422318098,
                0.300337557910491,
                0.298670412446377
            ]
        },
        {
            "mean": [
                -1.50956975166841,
                -0.722290470966324,
                -2.10361891054606,
                0.762855031891077,
                -2.19060803068088,
                -1.39944531899676,
                1.65750484154555,
                1.4025277050231,
                -0.196584771683394
            ],
            "median": [
                -1.50232145539526,
                -0.727148433726527,
                -2.10120925145692,
                0.762201382385612,
                -2.2001833888192,
                -1.39821991917604,
                1.65946193776607,
                1.39774173908886,
                -0.204049770329957
            ],
            "SE": [
                0.300585572218874,
                0.283069338361779,
                0.303089632382554,
                0.289434206805978,
                0.318619345912505,
                0.305230787391223,
                0.297756653791898,
                0.303451404441161,
                0.295518588270377
            ]
        },
        {
            "mean": [
                -1.45026021410286,
                -2.73757688202641,
                1.69517022734328,
                3.32170420528853,
                -2.5326302502995,
                0.845957828810276,
                3.9454980160859,
                -4.47248137431286,
                1.53089877674137
            ],
            "median": [
                -1.44747849909445,
                -2.73830319423807,
                1.70037026337269,
                3.32192929244431,
                -2.54257925789691,
                0.846929115771437,
                3.94766685551607,
                -4.47711357778836,
                1.53373898074507
            ],
            "SE": [
                0.300309579111573,
                0.289374769727957,
                0.315192742314987,
                0.301923132509857,
                0.304154191271985,
                0.299286781534281,
                0.297652137459256,
                0.306189107469671,
                0.304081886340373
            ]
        },
        {
            "mean": [
                -0.689066338139913,
                1.11968561032726,
                0.970806467367761,
                0.220511074098401,
                -2.49576436517326,
                -1.1983446417676,
                2.0836196848674,
                -1.52830364345602,
                1.30761494911347
            ],
            "median": [
                -0.691762358149647,
                1.11759360824512,
                0.975308867019624,
                0.2276250603984,
                -2.49583894538325,
                -1.19435871887192,
                2.08273116358535,
                -1.52881399407881,
                1.30944375313024
            ],
            "SE": [
                0.308729870174419,
                0.292252108798816,
                0.308784748985347,
                0.293770210028314,
                0.30673999702504,
                0.305397258747342,
                0.298264086946168,
                0.298450702357488,
                0.305969502782952
            ]
        },
        {
            "mean": [
                2.39848328475658,
                -1.32762781694716,
                4.50736890399751,
                0.651101179248563,
                -4.53986378463844,
                2.22930003775671,
                2.86466087531807,
                -0.880719316314121,
                0.00137396198108327
            ],
            "median": [
                2.40431609608539,
                -1.30776727354406,
                4.51417803982403,
                0.649844678855073,
                -4.54330090715744,
                2.21890612401895,
                2.85739964099454,
                -0.880357957330774,
                0.00581099592562905
            ],
            "SE": [
                0.308702879494521,
                0.28542318435546,
                0.308265918619439,
                0.293157103973482,
                0.314569588011196,
                0.291385354231159,
                0.300642255164838,
                0.292491797108467,
                0.296285710948051
            ]
        },
        {
            "mean": [
                0.128231229962687,
                -0.851275617089427,
                0.512275453500229,
                0.549131757975063,
                -2.33141619424587,
                -0.254293330577492,
                -0.554521345674119,
                -0.0116305285728587,
                -1.78471627221581
            ],
            "median": [
                0.128962798538967,
                -0.846215835805076,
                0.503984405266062,
                0.554137033966726,
                -2.33209278783862,
                -0.256220789803478,
                -0.561011142138393,
                -0.0162407314800127,
                -1.78388481771797
            ],