{
    "uid": "b9eefaed-c6b9-482e-b1c5-5413ab797fba",
    "scenario_uid": "b56e398eaedbdad34cec9e8a634c0fba",
    "iteration_uid": "9d5155c92cad941ec75467e9dc0b86d7",
    "PD_subj": [
        {
            "mean": [
                -1.06342100560786,
                1.85866379610346,
                1.09009727100402,
                0.824726706316296,
                1.60335038108796,
                -0.894420558082565,
                2.25139189111674,
                -1.26428386093624,
                -3.00612491692038
            ],
            "median": [
                -1.05744199591023,
                1.85922147724655,
                1.08333049637119,
                0.816617743979264,
                1.5948546064735,
                -0.90155415115333,
                2.25364851590954,
                -1.26701339496992,
                -3.01023533494628
            ],
            "SE": [
                0.281701470001067,
                0.352733143959926,
                0.273096857125682,
                0.278514477273095,
                0.560514094902184,
                0.301926301268431,
                0.288612620404701,
                0.305198101169584,
                0.299859734856778
            ]
        },
        {
            "mean": [
                -1.82979577466511,
                1.35875544026897,
                1.39770575362057,
                1.37558994150655,
                -0.0734558697025644,
                -0.0808056616285832,
                3.39392091135225,
                -0.229576092117619,
                -0.19996325569745
            ],
            "median": [
                -1.83186680921087,
                1.37344998747987,
                1.41180833046943,
                1.37845438294699,
                -0.0884512494389627,
                -0.0758191598201122,
                3.39360632096239,
                -0.218600658490125,
                -0.20506846044955
            ],
            "SE": [
                0.284876364301434,
                0.522109572882877,
                0.374592374264604,
                0.274382052924972,
                0.690613239846793,
                0.467768464577785,
                0.294349568901824,
                0.481448925886931,
                0.410100595991138
            ]
        },
        {
            "mean": [
                -0.335142105285572,
                -2.00946214960053,
                1.50207658551674,
                -0.222152539686681,
                -1.71435754517368,
                -1.61107068690986,
                -0.714983266465614,
                -1.07612452086302,
                0.849289716606089
            ],
            "median": [
                -0.331879498717687,
                -2.00955613087594,
                1.49465438112351,
                -0.218607231373696,
                -1.70521321687202,
                -1.60993258822734,
                -0.71415370355843,
                -1.07649607412487,
                0.847505486387927
            ],
            "SE": [
                0.291401646272684,
                0.35574736956332,
                0.276418520797413,
                0.279383020506611,
                0.543320213274322,
                0.301249491069751,
                0.284947340803294,
                0.301154235661689,
                0.289821797678398
            ]
        },
        {
            "mean": [
                0.615148591052537,
                0.482096943932356,
                0.957981300551285,
                1.56273622853344,
                -1.66561820472118,
                -0.955985831993684,
                1.64206917211975,
                -0.653516956575252,
                -0.0464670846134623
            ],
            "median": [
                0.607143309634911,
                0.470760854599783,
                0.967293848841169,
                1.55710238576427,
                -1.69697199080009,
                -0.928857051230428,
                1.63615144905003,
                -0.68105923357695,
                -0.0193514421423364
            ],
            "SE": [
                0.28738123892753,
                0.409731361941141,
                0.300462510196481,
                0.267598543871486,
                0.627217452137274,
                0.365481829326956,
                0.290343885718345,
                0.392817459136024,
                0.345553243962342
            ]
        },
        {
            "mean": [
                -0.367233793695001,
                -1.00710253394546,
                0.612094090657292,
                -0.0989155326710839,
                0.59476413652405,
                0.0497142756074708,
                2.29371553361732,
                -3.01486097943106,
                0.423223606143208
            ],
            "median": [
                -0.373064277186407,
                -1.00782812786568,
                0.608527626906781,
                -0.0979702474870603,
                0.592805326145851,
                0.0542673590354097,
                2.29862103222928,
                -3.01209987223367,
                0.424241972118427
            ],
            "SE": [
                0.289301792030866,
                0.359061253050482,
                0.274884962900659,
                0.273280968086901,
                0.551634123222948,
                0.28833339197253,
                0.292338048252399,
                0.309938143082097,
                0.295905356970894
            ]
        },
        {
            "mean": [
                0.281449821860105,
                -1.55145326175212,
                0.385404065337689,
                1.68955179021392,
                -1.81341582203921,
                -0.460132953544564,
                -0.798694254467745,
                0.503257733917825,
                -0.990156234609548
            ],
            "median": [
                0.287053785879453,
                -1.55493831931606,
                0.385558931023292,
                1.68246569796713,
                -1.82000434555097,
                -0.464133382968825,
                -0.801466058745074,
                0.505872178808668,
                -0.991307039597815
            ],
            "SE": [
                0.279788564764952,
                0.34999871097293,
                0.275102021990543,
                0.270963392482346,
                0.568681852479543,
                0.293389634166761,
                0.294151659913639,
                0.317834598986795,
                0.292267677910873
            ]
        },
        {
            "mean": [
                -1.89687197024216,
                -0.470848075818242,
                0.298468537159958,
                1.35433351063942,
                -4.53811478763416,
                2.43264017352631,
                -1.20183682065511,
                -1.14840715138663,
                -2.10012784101253
            ],
            "median": [
                -1.88682898664027,
                -0.463023560312366,
                0.304078745731239,
                1.3495880272507,
                -4.5275483235157,
                2.42291883786222,
                -1.20238833897811,
                -1.15178244284248,
                -2.08847618999303
            ],