{
    "uid": "04f27d83-2f19-4b83-9c2f-c0105aff79e7",
    "scenario_uid": "b56e398eaedbdad34cec9e8a634c0fba",
    "iteration_uid": "9db9e2c998be6acbc2a5f8d24277ee78",
    "PD_subj": [
        {
            "mean": [
                0.604025009098161,
                -2.38517897811225,
                2.75476243229566,
                0.449415156458481,
                -1.39374558844057,
                0.74959409376132,
                2.82649046357315,
                -1.98616010776487,
                1.66171315010375
            ],
            "median": [
                0.606307201575273,
                -2.37812233747503,
                2.76481459510945,
                0.439735133140485,
                -1.39532440319306,
                0.741785316399891,
                2.82234777182753,
                -1.9855017977989,
                1.6611815880147
            ],
            "SE": [
                0.303476548849053,
                0.287466039627593,
                0.314744017300283,
                0.298759566744661,
                0.301439902789937,
                0.304537440461352,
                0.302147181494017,
                0.303237618344803,
                0.282008783523233
            ]
        },
        {
            "mean": [
                1.16134468235646,
                -1.21254764121283,
                3.62709284580449,
                2.01973548383309,
                -0.724616236911189,
                1.32223890872847,
                2.34678197072556,
                -1.10091795748807,
                -0.660527691115448
            ],
            "median": [
                1.15896149549153,
                -1.21382702926403,
                3.61872904203139,
                2.0207007261635,
                -0.727259855928763,
                1.31270472785917,
                2.34121067939547,
                -1.104481760773,
                -0.659336614103029
            ],
            "SE": [
                0.304371732130029,
                0.28963690538217,
                0.309756120303077,
                0.292029050623729,
                0.302013410969346,
                0.305468845624806,
                0.314271053583233,
                0.291488483283292,
                0.281511434489699
            ]
        },
        {
            "mean": [
                2.06635046643551,
                1.92871894179289,
                -0.266673121419664,
                1.85626181347131,
                -3.283382903612,
                0.0730633817261758,
                1.93646487831473,
                -1.42362963848595,
                1.40996388208441
            ],
            "median": [
                2.06757441627633,
                1.9376861889164,
                -0.271758636895679,
                1.86372613343297,
                -3.27125156013494,
                0.0711865256448642,
                1.93452696232076,
                -1.42056157596539,
                1.40784015315032
            ],
            "SE": [
                0.308373294218627,
                0.293360139324421,
                0.312980381782896,
                0.290546042068806,
                0.299108274246689,
                0.299111631513396,
                0.297424614071169,
                0.301864535614294,
                0.286183527875778
            ]
        },
        {
            "mean": [
                -0.83290026683991,
                -0.592944543966518,
                1.39673266187035,
                0.963295484649432,
                0.00720470260744623,
                3.31075893546991,
                -0.345679228304776,
                -3.51938861861875,
                0.959315937187619
            ],
            "median": [
                -0.826150554152255,
                -0.587031648308179,
                1.3975751951926,
                0.958863150762953,
                0.00747575398370015,
                3.31192036399727,
                -0.340498376730375,
                -3.51855102556278,
                0.966201107353936
            ],
            "SE": [
                0.299900071977403,
                0.286691977408503,
                0.303920404730673,
                0.300107859477759,
                0.301388049221858,
                0.29717072730732,
                0.300255879431998,
                0.295786595027254,
                0.270924624620802
            ]
        },
        {
            "mean": [
                -0.965324778854834,
                -0.586295149384842,
                -1.47486223036546,
                1.26312314489088,
                1.22187887484025,
                1.86761887590539,
                3.44667606218453,
                -1.65625999678171,
                0.672865399575538
            ],
            "median": [
                -0.961207291260084,
                -0.588880382123548,
                -1.47559831578734,
                1.26414847924456,
                1.22093896904127,
                1.86674453231694,
                3.44942533096264,
                -1.65088808778096,
                0.673039697658255
            ],
            "SE": [
                0.298281962021482,
                0.295538593519674,
                0.311126886584616,
                0.289952677397748,
                0.301931815650661,
                0.306616452435563,
                0.303947237694225,
                0.298336564869017,
                0.27953245463613
            ]
        },
        {
            "mean": [
                -1.56277893963107,
                -1.20149783061414,
                1.22763030725766,
                1.70670657573778,
                0.61912072422581,
                -0.577847355455376,
                3.45912825543018,
                0.583944252709545,
                0.290348969627235
            ],
            "median": [
                -1.56200234075122,
                -1.20826124816149,
                1.22929657874297,
                1.70354322311322,
                0.62268075440341,
                -0.575099119189141,
                3.46385100537882,
                0.578979129069088,
                0.292937191659204
            ],
            "SE": [
                0.299701383556361,
                0.288863401226319,
                0.309508509943045,
                0.291149608675037,
                0.29934938224105,
                0.306499651324203,
                0.322657917652912,
                0.307524194927937,
                0.278494219842843
            ]
        },
        {
            "mean": [
                -2.0565330660434,
                -0.766765594593532,
                2.89646269221,
                3.85170337310803,
                -0.0195439584517747,
                -0.186377152485183,
                3.57516861092149,
                -1.19867652003858,
                0.848647223435026
            ],
            "median": [
                -2.05094468040381,
                -0.767978923342447,
                2.88855414300838,
                3.84295424654442,
                -0.0160744587901082,
                -0.186290988264432,
                3.57963932475831,
                -1.20142730972055,
                0.849276226340203
            ],