{
    "uid": "d40a0d2a-e7b7-4134-aa01-a393fab893c9",
    "scenario_uid": "b56e398eaedbdad34cec9e8a634c0fba",
    "iteration_uid": "9f4bb440946dcf36345d51ab2e4897c2",
    "PD_subj": [
        {
            "mean": [
                -0.819050583571627,
                0.569677654980862,
                3.0621306773663,
                0.995945793884395,
                -1.75958696642053,
                -2.0365799733689,
                0.826348884771543,
                -2.65753239299995,
                -2.06951774211504
            ],
            "median": [
                -0.8177796336939,
                0.574233070945794,
                3.06857053623449,
                0.993069081120311,
                -1.76220112292108,
                -2.03622024886015,
                0.826530270386128,
                -2.65026644735835,
                -2.0597102515188
            ],
            "SE": [
                0.296564972725685,
                0.300517956608674,
                0.296351342135677,
                0.31387505916006,
                0.313219042815485,
                0.29612612095715,
                0.278686335075375,
                0.292305094123047,
                0.300167566275405
            ]
        },
        {
            "mean": [
                0.404659522888964,
                -0.793838400965246,
                2.92321736557477,
                -0.0503311229621914,
                0.650846178538928,
                -0.152340607744397,
                -0.283310765181892,
                -2.73095952048328,
                -0.466725436702362
            ],
            "median": [
                0.396030007606176,
                -0.787451821212484,
                2.92486397762999,
                -0.0506229863935077,
                0.649169568517544,
                -0.152256081763065,
                -0.281010824832638,
                -2.72669398127831,
                -0.462320932084426
            ],
            "SE": [
                0.291082088722718,
                0.299008995667106,
                0.294095723296257,
                0.314731836530014,
                0.301800468972563,
                0.296333460287965,
                0.283427633586703,
                0.290106172369362,
                0.296037083395097
            ]
        },
        {
            "mean": [
                -0.372078548873802,
                -0.0185543904233532,
                -0.323035824981216,
                0.235253605578666,
                -1.75409240520657,
                0.0835567894142473,
                -0.263455350054869,
                -2.8879633179509,
                -0.304748117243136
            ],
            "median": [
                -0.374421713204688,
                -0.018924821645738,
                -0.365246987969934,
                0.2665711604127,
                -1.75216942875952,
                0.0705063878807524,
                -0.267389428524345,
                -2.88265477356028,
                -0.298893136532511
            ],
            "SE": [
                0.305200396316407,
                0.305404068924551,
                0.434980684631926,
                0.484104437342844,
                0.292465247106906,
                0.497107268766646,
                0.289393569565304,
                0.293022319640416,
                0.321366282113595
            ]
        },
        {
            "mean": [
                0.364100545141799,
                -0.155092642120715,
                0.408563374762899,
                -0.00259151268391426,
                -2.33410800690984,
                -0.125051647087126,
                1.0788751465346,
                -0.779231371807443,
                1.01136961770301
            ],
            "median": [
                0.365474415863698,
                -0.157725946719689,
                0.381701848547644,
                0.103536963075849,
                -2.33118885171247,
                -0.245489102331714,
                1.08728595396344,
                -0.789287629151341,
                1.05997466433596
            ],
            "SE": [
                0.305659002687297,
                0.306682323130691,
                0.367903455285549,
                0.708668120392177,
                0.29677408446343,
                0.692523896657304,
                0.295664274041817,
                0.288647616142005,
                0.422784133411908
            ]
        },
        {
            "mean": [
                -0.50082539459823,
                -1.21848153499086,
                3.30711821916012,
                1.54084810293138,
                0.059904884329044,
                -0.115785021351829,
                -0.878640567143972,
                -0.666194799586369,
                -0.310169959045161
            ],
            "median": [
                -0.505697885584337,
                -1.22021034528484,
                3.30250479574292,
                1.55121692148754,
                0.0599769445556463,
                -0.11352895517592,
                -0.877329179480419,
                -0.665861311576664,
                -0.305164438813103
            ],
            "SE": [
                0.30042156119519,
                0.301517205198526,
                0.300145976189566,
                0.312634983191338,
                0.304952586657627,
                0.291347030516666,
                0.282894984446059,
                0.294419761357775,
                0.293866312078203
            ]
        },
        {
            "mean": [
                -2.62908460956473,
                0.991239263593032,
                1.4303733068422,
                -0.636649863264606,
                -0.911554658409061,
                -0.109400714752267,
                1.82537670557612,
                -2.39458344198899,
                0.571971862543677
            ],
            "median": [
                -2.63498797366113,
                1.00095625007279,
                1.43072780533984,
                -0.651770524386214,
                -0.905881681521657,
                -0.111827371310223,
                1.82733742045799,
                -2.39066452597397,
                0.572597836859509
            ],
            "SE": [
                0.29007404841035,
                0.289922598074629,
                0.301740613331634,
                0.320531047497748,
                0.305968857733999,
                0.30547848777906,
                0.274104679606386,
                0.300679386311131,
                0.288079051062541
            ]
        },
        {
            "mean": [
                -1.23330738423918,
                0.560031390484642,
                1.93028801042125,
                3.9515923083705,
                -1.58558995340266,
                -0.235195767649705,
                1.40596660845086,
                -2.22193794447512,
                -1.3968551952556
            ],
            "median": [
                -1.22160845566943,
                0.557491996192555,
                1.92635540993549,
                3.96034164022049,
                -1.58123714895608,
                -0.23577728887981,
                1.40519573149372,
                -2.22412283743359,
                -1.39582678196754
            ],