{
    "uid": "8077d6e5-9742-47ac-aa21-254bc477952f",
    "scenario_uid": "b56e398eaedbdad34cec9e8a634c0fba",
    "iteration_uid": "a0a02772fe1626e6d48665207a44e66e",
    "PD_subj": [
        {
            "mean": [
                2.5254156315081,
                0.427398660472135,
                0.222942621078793,
                1.1006835481168,
                -1.11059754483797,
                1.12947435649225,
                2.7679429812664,
                -1.89853162114304,
                1.8391480413011
            ],
            "median": [
                2.52739301120886,
                0.422540544636063,
                0.221801186738722,
                1.10215159564559,
                -1.10574633307254,
                1.12596210527444,
                2.76733521810667,
                -1.90355280155593,
                1.8371886740145
            ],
            "SE": [
                0.295500168120341,
                0.503636973809587,
                0.26629683442836,
                0.29380275448395,
                0.396960082694095,
                0.28588522883432,
                0.283709446779946,
                0.378084876801147,
                0.282881495953541
            ]
        },
        {
            "mean": [
                0.243076729774364,
                -3.56959187146182,
                0.988436517789853,
                1.16202762882103,
                -1.41424995416495,
                2.14774155873004,
                1.34342296191781,
                -1.38444572888174,
                0.353396962301214
            ],
            "median": [
                0.244616486204214,
                -3.55641351271699,
                0.982940901366274,
                1.16518191704155,
                -1.41520721350716,
                2.15071938355954,
                1.34377766408766,
                -1.37893097134932,
                0.353543265931276
            ],
            "SE": [
                0.298215942709186,
                0.488499516782396,
                0.263576424879337,
                0.282498175863426,
                0.396386472358144,
                0.294921398025969,
                0.279227361483171,
                0.380146982990796,
                0.281265224521696
            ]
        },
        {
            "mean": [
                -1.32151205559939,
                1.30932554994513,
                0.968478393349184,
                -1.386349277311,
                -0.375433490049394,
                0.328113540243201,
                0.954291959144416,
                -0.208514918094337,
                -0.555674998043891
            ],
            "median": [
                -1.32249814022203,
                1.3375233165074,
                0.940561769578132,
                -1.3840778661587,
                -0.456912048315176,
                0.424014205643226,
                0.952946711477953,
                -0.179767347470059,
                -0.579515342628522
            ],
            "SE": [
                0.29422869354672,
                0.577901173618802,
                0.333965364888958,
                0.278295764525211,
                0.585973668815261,
                0.481805372124969,
                0.276584958450769,
                0.463049105189902,
                0.34455500625273
            ]
        },
        {
            "mean": [
                1.63560941901125,
                -1.19029992392822,
                1.68361796729796,
                -0.190424780691867,
                -0.655252147120651,
                -0.182358822876035,
                2.0762318932092,
                -0.681740582806405,
                2.05784441077554
            ],
            "median": [
                1.64355798237051,
                -1.19691257181916,
                1.68562339363199,
                -0.19326614774159,
                -0.657048250704373,
                -0.179940837937331,
                2.08185118551873,
                -0.681506007876183,
                2.05952409338654
            ],
            "SE": [
                0.312731093603303,
                0.489665183363317,
                0.276994076663521,
                0.303389126899015,
                0.406279438199934,
                0.301531999829665,
                0.303179837960376,
                0.372289998621462,
                0.299177701304085
            ]
        },
        {
            "mean": [
                -4.13266173893765,
                1.81949170107307,
                0.233614154146033,
                -2.79157008625888,
                -2.6916899977019,
                -1.45099520267568,
                0.0874392397199557,
                -0.705675521852471,
                0.518378537879517
            ],
            "median": [
                -4.13532794095645,
                1.81519921598184,
                0.242943493690864,
                -2.79288685383052,
                -2.69448226456353,
                -1.45300775813052,
                0.0904635903387077,
                -0.712480318160001,
                0.514112601752476
            ],
            "SE": [
                0.289253597254821,
                0.495689591419246,
                0.272533787945432,
                0.29017175210153,
                0.402148387808093,
                0.285985927395891,
                0.278798800522979,
                0.38291786704687,
                0.29714924307729
            ]
        },
        {
            "mean": [
                1.4574330418811,
                -1.01259216546799,
                0.86847558675458,
                1.09310729803066,
                1.75427320107587,
                -0.891368638333872,
                0.682420266205657,
                -3.3490132385938,
                -0.85482841849527
            ],
            "median": [
                1.45763983483955,
                -1.01596788173901,
                0.865515137196629,
                1.09034350361896,
                1.74351488212379,
                -0.890772570269749,
                0.691850497888568,
                -3.33795920121368,
                -0.859896057537577
            ],
            "SE": [
                0.30175240266716,
                0.510767409966684,
                0.262908485627446,
                0.292085283510084,
                0.410504705536624,
                0.303608192265123,
                0.274123268262558,
                0.383942022434172,
                0.290044966600466
            ]
        },
        {
            "mean": [
                -2.6675019821767,
                -1.3101446360475,
                2.2313043366317,
                -0.0150150849332275,
                -1.19112958664276,
                -0.820049306993994,
                2.25041582799807,
                -4.2187777154977,
                -0.669232264422709
            ],
            "median": [
                -2.65617345988416,
                -1.29339715458254,
                2.22711929818987,
                -0.0115861039879271,
                -1.18968496357933,
                -0.818155243111945,
                2.25631757725613,
                -4.22085735836329,
                -0.66974104519269
            ],