{
    "uid": "663d904a-ebe8-4844-a0b9-c194d66a617d",
    "scenario_uid": "b56e398eaedbdad34cec9e8a634c0fba",
    "iteration_uid": "a0dc4b65eb3e6c55470456aa5e608da7",
    "PD_subj": [
        {
            "mean": [
                -1.39644565545975,
                1.50347028769003,
                -1.15469665861457,
                1.41577774460558,
                -1.68915060530453,
                -0.373876366481363,
                0.779823325315403,
                -3.72119765729888,
                -1.95499939876808
            ],
            "median": [
                -1.39627124992,
                1.50301447591882,
                -1.15975190109146,
                1.42111128051517,
                -1.69217692783128,
                -0.368655677845216,
                0.781600354997348,
                -3.71624557577005,
                -1.96659679451006
            ],
            "SE": [
                0.286617747079426,
                0.295758851238764,
                0.31577354552668,
                0.292075051395248,
                0.298428714012994,
                0.295489333722677,
                0.293745703996506,
                0.300368775379727,
                0.300424859868393
            ]
        },
        {
            "mean": [
                -1.13944921527072,
                -0.600625025526858,
                2.10773348507184,
                0.35602652875424,
                -1.92331221454675,
                0.141133260053265,
                -0.914460360154605,
                -2.26669369885893,
                -0.440510362456518
            ],
            "median": [
                -1.13609507813351,
                -0.596751296566317,
                2.10297019735732,
                0.357482929922399,
                -1.92335161710568,
                0.149298980311379,
                -0.915703863322368,
                -2.27725096772139,
                -0.438161613217346
            ],
            "SE": [
                0.291788992321331,
                0.298818531539112,
                0.322193042730777,
                0.287130979986382,
                0.307273665988773,
                0.297926290751968,
                0.293928267191423,
                0.298126859362525,
                0.298098685916316
            ]
        },
        {
            "mean": [
                -1.28803745391797,
                0.0518363574245027,
                1.06445721669806,
                0.952123003535242,
                -2.4777244979974,
                0.178526701712823,
                1.91563348550819,
                -1.21395235794713,
                -1.65752995199893
            ],
            "median": [
                -1.28332171473913,
                0.0529857613047379,
                1.06720768428835,
                0.946853482679944,
                -2.4764550791382,
                0.186053784217648,
                1.921159954872,
                -1.20390475880364,
                -1.65305732098362
            ],
            "SE": [
                0.284256842581456,
                0.300667044892486,
                0.30918212944385,
                0.294792001257312,
                0.298129775873546,
                0.294462548324738,
                0.294743818971159,
                0.296145967570441,
                0.301963253263171
            ]
        },
        {
            "mean": [
                1.07238264845,
                2.62139992227567,
                1.19935223175534,
                -0.38742209911942,
                -2.69394504606389,
                -0.488353518606438,
                1.90815349335012,
                -4.85218683694671,
                1.60372995565676
            ],
            "median": [
                1.10672640019452,
                2.61463181843844,
                1.20463302557796,
                -0.429102404135626,
                -2.69333168663678,
                -0.489371898252889,
                2.13376697838008,
                -4.85643587139983,
                1.42357364406096
            ],
            "SE": [
                0.450646259157316,
                0.301024296026728,
                0.320337283170273,
                0.428106432586794,
                0.30416817076404,
                0.304919107286365,
                0.664389408147483,
                0.292306193176299,
                0.651445940342064
            ]
        },
        {
            "mean": [
                0.605232820019644,
                -1.74888517539919,
                -3.4441153360883,
                -1.1106119011891,
                -1.44042133291218,
                0.988640164189957,
                -0.168933831169027,
                -2.31750239773901,
                -0.031711542428071
            ],
            "median": [
                0.601171882006079,
                -1.74885636814196,
                -3.44608955188907,
                -1.10852085729611,
                -1.44167668145405,
                0.993136196609163,
                -0.169401947872878,
                -2.31295979113008,
                -0.0364282956986316
            ],
            "SE": [
                0.282962155683766,
                0.301131638197889,
                0.306026728483234,
                0.294471168180296,
                0.304493026543877,
                0.2999634542701,
                0.291015701944673,
                0.302122979039045,
                0.30566823419014
            ]
        },
        {
            "mean": [
                -0.378233840431239,
                -1.72125570880893,
                0.240978068809345,
                1.89449801728074,
                -0.662575037630583,
                1.79902485692993,
                2.04130160997286,
                -0.402967052979663,
                -1.1477510839559
            ],
            "median": [
                -0.374337541584683,
                -1.72597909977633,
                0.234770259548531,
                1.89124341161076,
                -0.659207611410183,
                1.80159834139648,
                2.04376977706412,
                -0.401213406812778,
                -1.14260119317987
            ],
            "SE": [
                0.29064066832066,
                0.29146415925659,
                0.31518554309585,
                0.289382359678755,
                0.298913846815774,
                0.295964505752847,
                0.295945116684652,
                0.290597740843426,
                0.306491815580821
            ]
        },
        {
            "mean": [
                -1.63347400265372,
                -1.34889154462281,
                1.50875787038791,
                2.94881155643979,
                -0.0301135420166634,
                0.137302511555585,
                0.412468610507759,
                -2.22006686878285,
                1.08325788772687
            ],
            "median": [
                -1.62649918572011,
                -1.34984208759429,
                1.504999834729,
                2.95411642074159,
                -0.032612295550781,
                0.136378823051803,
                0.406424188000456,
                -2.21803782591898,
                1.08253143639555
            ],