{
    "uid": "994575dd-2e0f-4233-9240-954c30b44051",
    "scenario_uid": "b56e398eaedbdad34cec9e8a634c0fba",
    "iteration_uid": "a1eae8ddb552e82767a6b5285c589333",
    "PD_subj": [
        {
            "mean": [
                -2.09361099741604,
                0.680871353745654,
                2.09028055944524,
                -0.422523843888296,
                -2.35904621995484,
                -1.65326219678084,
                1.45594056837873,
                -1.0465810081771,
                2.64700308562589
            ],
            "median": [
                -2.09970618939236,
                0.682671398780592,
                2.08962292817082,
                -0.423446755659154,
                -2.36811767590226,
                -1.65742410980606,
                1.45953504932701,
                -1.05253347626973,
                2.64913911881619
            ],
            "SE": [
                0.295300229303605,
                0.303663360245648,
                0.2999702686123,
                0.314484052474284,
                0.286709400811131,
                0.285624211422698,
                0.309973339698844,
                0.300605488241604,
                0.294489075505857
            ]
        },
        {
            "mean": [
                -2.11269245141998,
                -1.85538306554745,
                -0.0749447451456106,
                2.40479561339512,
                -2.39412401855173,
                -1.11532617400091,
                2.40472133225211,
                0.841670594338593,
                1.74741068308061
            ],
            "median": [
                -2.11600732735982,
                -1.85189790409838,
                -0.0771104460922497,
                2.40680295499884,
                -2.39410860479096,
                -1.11445944388403,
                2.40137540144869,
                0.842312861117586,
                1.75446641776998
            ],
            "SE": [
                0.304073441464672,
                0.295754790192082,
                0.297928032670606,
                0.323183596820376,
                0.28996189477397,
                0.276462540132561,
                0.315785355227351,
                0.306038479489796,
                0.291065942854164
            ]
        },
        {
            "mean": [
                0.99588091424358,
                -0.792798393618204,
                1.42517606275279,
                -0.307448527284617,
                -3.37036334324459,
                -0.518900881002336,
                0.593771934642245,
                1.12525613290148,
                0.54805031426644
            ],
            "median": [
                1.34465663034482,
                -0.78598135219687,
                1.4296677879153,
                -0.387282940047824,
                -3.36372256195347,
                -0.511055685748349,
                0.58324887935074,
                1.12768228176187,
                0.561208475811828
            ],
            "SE": [
                0.978253314708357,
                0.292748889023287,
                0.31685409954041,
                0.511076118995104,
                0.292521450969915,
                0.294391905245096,
                0.510263759773411,
                0.303731129303736,
                0.398684164457489
            ]
        },
        {
            "mean": [
                0.106142642476073,
                -1.25158868823041,
                1.49833014743115,
                1.38484380239724,
                -0.759042763444567,
                -0.823939746571452,
                2.52069497695052,
                0.910642630645526,
                -1.00939278297844
            ],
            "median": [
                0.103207417756693,
                -1.26222330973167,
                1.50568678832646,
                1.38346201906175,
                -0.753620600353035,
                -0.826510924730219,
                2.5191164372814,
                0.912585819895911,
                -1.00215413360816
            ],
            "SE": [
                0.305377267600049,
                0.289879592012557,
                0.296353974630453,
                0.31394386661706,
                0.286350780328794,
                0.280425242933785,
                0.317960026258282,
                0.294462768647628,
                0.286469638766814
            ]
        },
        {
            "mean": [
                -1.38048035817469,
                -0.670362333599024,
                -0.163761347638386,
                0.626671340996833,
                0.0995704346944155,
                -0.429273986831525,
                2.36348103261051,
                0.945492089366879,
                0.27825581640647
            ],
            "median": [
                -1.38429177894713,
                -0.417672292131827,
                -0.163589229693481,
                0.685218752256004,
                -0.202622251337148,
                -0.427738259835551,
                2.34105525834286,
                0.521508308894821,
                0.277802879486375
            ],
            "SE": [
                0.339239571884637,
                0.750081625328275,
                0.306485153619939,
                0.491533660969614,
                0.787650339595745,
                0.30356607505681,
                0.405787909941038,
                0.933262602166421,
                0.294442110270334
            ]
        },
        {
            "mean": [
                0.0241908461159012,
                -0.548976933456023,
                2.92083068846414,
                1.85130745643362,
                -1.51585185576521,
                -0.838121008541611,
                -0.12381263135481,
                -1.70955176816924,
                0.519448965097137
            ],
            "median": [
                0.0201559998549102,
                -0.547698147335249,
                2.91516579624087,
                1.84463223982049,
                -1.50804946607307,
                -0.834265732831449,
                -0.127752912832831,
                -1.70899087048993,
                0.521005619963075
            ],
            "SE": [
                0.297737529126571,
                0.301469197743421,
                0.295292288770355,
                0.310249229909967,
                0.289990003642038,
                0.283968388222172,
                0.314357109875735,
                0.297396747792948,
                0.296894483517528
            ]
        },
        {
            "mean": [
                0.518319257948641,
                1.34964849880234,
                2.11558547198719,
                0.802050148978092,
                -0.92169300080045,
                -2.44443228511054,
                -1.18927123790396,
                -2.5265137621269,
                1.93490175089886
            ],
            "median": [
                0.527578005687588,
                1.34445459027835,
                2.11091184657674,
                0.806837826783177,
                -0.920053962598435,
                -2.44558508738497,
                -1.18650824711076,
                -2.52655856530356,
                1.93156369050559
            ],