{
    "uid": "08810eb0-f0fd-4db8-8b96-609ba48845ff",
    "scenario_uid": "b56e398eaedbdad34cec9e8a634c0fba",
    "iteration_uid": "a2c2018a7655823d6aa904287bedaa7f",
    "PD_subj": [
        {
            "mean": [
                1.06658082126181,
                0.832045790594009,
                -0.837232380723754,
                -0.654335244680563,
                1.38329067658178,
                -3.42045401085885,
                0.818102102835577,
                1.6912228314784,
                1.4897229799413
            ],
            "median": [
                1.07339128848923,
                0.830923733119394,
                -0.824691966156976,
                -0.661713733994039,
                1.37233376913537,
                -3.41804655404287,
                0.822075404013459,
                1.69576936899365,
                1.48956206249915
            ],
            "SE": [
                0.274652442485242,
                0.305208900415975,
                0.302224107866934,
                0.293068334801053,
                0.343599264358269,
                0.301805389378566,
                0.296544868256663,
                0.321962310966128,
                0.307982085407375
            ]
        },
        {
            "mean": [
                -0.509060604773033,
                0.503935183059142,
                0.360809738685551,
                0.78657083975835,
                -3.00016784338576,
                -3.58852385097341,
                1.02789442295966,
                -2.20605746547865,
                -0.0122590829745289
            ],
            "median": [
                -0.503823471491434,
                0.507958597162541,
                0.364063303016342,
                0.786637534975089,
                -3.00385063990494,
                -3.59504798650735,
                1.0237663054475,
                -2.19985702492549,
                0.0175578990329803
            ],
            "SE": [
                0.510259324744629,
                0.304267513532991,
                0.293160431878803,
                0.482870425066407,
                0.350263332407309,
                0.32223782125481,
                0.484730730615829,
                0.317941851546327,
                0.35273611419079
            ]
        },
        {
            "mean": [
                -1.12307285276462,
                -3.34584016894448,
                1.82547277707538,
                2.96768573196212,
                -1.96857975900613,
                -0.291779469595803,
                1.87618166603848,
                -1.63915808272504,
                -1.45213330745029
            ],
            "median": [
                -1.13614920558983,
                -3.34598608345145,
                1.82386080151647,
                2.97159070141861,
                -1.96518752996013,
                -0.296530742416529,
                1.87659599708725,
                -1.65010794220827,
                -1.44764443184282
            ],
            "SE": [
                0.290436790999725,
                0.300060116881689,
                0.298192584118003,
                0.292537110433225,
                0.349073225956333,
                0.309297657893665,
                0.300263537322585,
                0.320815396759196,
                0.309386154139135
            ]
        },
        {
            "mean": [
                -0.256556043369503,
                0.534959202807535,
                -0.207579315068746,
                1.05999086517103,
                0.374754644665707,
                -1.6872516377722,
                0.413463322045826,
                -2.05781536724497,
                -1.74395056275308
            ],
            "median": [
                -0.265232038379527,
                0.547030904756291,
                -0.210421564934057,
                1.05006631447548,
                0.381688758365814,
                -1.68595728736812,
                0.413602801301195,
                -2.05477170369412,
                -1.73788457514547
            ],
            "SE": [
                0.291746558698772,
                0.29491298270339,
                0.294878390123651,
                0.288802911982165,
                0.338344248819327,
                0.312501681891475,
                0.30468376875674,
                0.322441775303002,
                0.307623187281397
            ]
        },
        {
            "mean": [
                -0.715198768183336,
                -1.83327321797512,
                2.52846353671286,
                -1.16208810810797,
                -0.3926934165651,
                -0.758896108590094,
                2.43718197347889,
                -2.94224513066333,
                3.17865705116967
            ],
            "median": [
                -0.716237410716165,
                -1.8243257688885,
                2.53378068166828,
                -1.16183446643577,
                -0.386173859640535,
                -0.75786000806287,
                2.43764094328295,
                -2.94460283019698,
                3.18334703283092
            ],
            "SE": [
                0.288628871957938,
                0.296847018660969,
                0.295297269388831,
                0.279446691664521,
                0.337390013044863,
                0.309572985884235,
                0.29882858924031,
                0.322317628868342,
                0.315406272467907
            ]
        },
        {
            "mean": [
                -0.877035664492335,
                -0.547498250105375,
                1.81658577461382,
                0.773126001136867,
                -4.01448948639295,
                -1.12650339262628,
                -0.255775662757708,
                -0.028404403897199,
                1.86494419910349
            ],
            "median": [
                -0.875505620052155,
                -0.54911330531416,
                1.82233455336477,
                0.772686808324006,
                -4.02100134115619,
                -1.12649108886625,
                -0.260829776201611,
                -0.0269048026778698,
                1.85606392075622
            ],
            "SE": [
                0.28934115303697,
                0.293733010122781,
                0.298148707080056,
                0.28429548294824,
                0.330920562751531,
                0.305881291523744,
                0.295902958254114,
                0.314542367337307,
                0.317854070517101
            ]
        },
        {
            "mean": [
                1.81471009750932,
                -1.35253249202479,
                0.685347501585781,
                2.19503808573299,
                -0.74216352388254,
                1.0293407890921,
                -0.509872581338876,
                -0.356206896374601,
                -0.995488639744909
            ],
            "median": [
                1.81127023840631,
                -1.35135332562813,
                0.699572338285812,
                2.19709081060945,
                -0.741475115528674,
                1.03862869848485,
                -0.514208302833749,
                -0.361049205669148,
                -0.994413225426408
            ],