{
    "uid": "2f349a4c-0de1-4055-9f63-470c746130cb",
    "scenario_uid": "b56e398eaedbdad34cec9e8a634c0fba",
    "iteration_uid": "a32863bdda48f8dce925863705e06c31",
    "PD_subj": [
        {
            "mean": [
                -1.29820231879695,
                -0.0780703789646416,
                1.25693206256633,
                0.854421034899391,
                0.947128059953089,
                -2.190920485025,
                1.08926611355122,
                -4.24506735680771,
                -0.875302719416178
            ],
            "median": [
                -1.29278584097111,
                -0.0808580084083563,
                1.25398770471294,
                0.856913831583164,
                0.945708480666849,
                -2.18543875513097,
                1.09129520265404,
                -4.24656846846253,
                -0.882215938926521
            ],
            "SE": [
                0.295891688468666,
                0.270606360279609,
                0.29485968962712,
                0.292744960041427,
                0.305747076666663,
                0.294508799506603,
                0.29091743539905,
                0.310376089277541,
                0.303569528391615
            ]
        },
        {
            "mean": [
                1.03165486647895,
                -0.0164926751099341,
                2.1766963706517,
                0.65657398306965,
                -1.28981595421792,
                0.0561636374090548,
                3.01197001760624,
                -1.29455187473585,
                -0.313514999810137
            ],
            "median": [
                1.03001743407639,
                -0.0153428507184183,
                2.18184578569096,
                0.665068367626743,
                -1.29324747097777,
                0.0581974852303785,
                3.01657503454715,
                -1.29098970805033,
                -0.316956881843667
            ],
            "SE": [
                0.283988234341766,
                0.275716993100918,
                0.310853722369683,
                0.285635066379935,
                0.299168910186779,
                0.296402265181234,
                0.28732285566362,
                0.297061969299203,
                0.290254927407393
            ]
        },
        {
            "mean": [
                -1.70497810264877,
                -0.615187722294694,
                2.72432855740462,
                0.971160589280049,
                -2.28397082218767,
                0.122674369713863,
                0.614217787872071,
                0.921847942834923,
                -0.594701365778218
            ],
            "median": [
                -1.69672047642156,
                -0.615420789768192,
                2.7263080463383,
                0.972063893835584,
                -2.28656633040111,
                0.120424875942369,
                0.608914634919753,
                0.925317294307864,
                -0.604234361510938
            ],
            "SE": [
                0.285427104021831,
                0.272350499070955,
                0.307108141238991,
                0.292272781996038,
                0.304736195968201,
                0.290507732692874,
                0.28751747146476,
                0.301298381047768,
                0.305731183848986
            ]
        },
        {
            "mean": [
                -0.236464217907928,
                -0.151358948321436,
                1.85148059655544,
                2.76434700156536,
                -0.037056716280071,
                -1.05344576761688,
                1.11518680135426,
                -0.900699270789379,
                0.297402498150666
            ],
            "median": [
                -0.235501641172471,
                -0.140363608059252,
                1.85145628202188,
                2.76353573931294,
                -0.0357793129499917,
                -1.0465957214785,
                1.11348661138884,
                -0.897945418335025,
                0.291187718172245
            ],
            "SE": [
                0.29216118806095,
                0.272184739460215,
                0.304524268241633,
                0.296118667603629,
                0.305736232796812,
                0.289651743290775,
                0.290599626726909,
                0.299832163853243,
                0.29741522124539
            ]
        },
        {
            "mean": [
                0.803142158865874,
                0.243068425817998,
                0.48453027616357,
                1.05663672014584,
                -3.6657870483084,
                -2.11623528774258,
                1.54589007383315,
                0.295929082636794,
                1.30098572122104
            ],
            "median": [
                0.804155340657108,
                0.251000867079311,
                0.477959265959008,
                1.0635735493356,
                -3.66729611858741,
                -2.12070695997129,
                1.54881620624623,
                0.291659674047163,
                1.3050004815883
            ],
            "SE": [
                0.287597980914469,
                0.257015877373625,
                0.294723177687209,
                0.288269928549257,
                0.299847992992131,
                0.298780596771477,
                0.287660669305535,
                0.299370748623156,
                0.298729646644194
            ]
        },
        {
            "mean": [
                -0.915228126945116,
                -1.31532988289119,
                1.01932880757926,
                2.59131958316468,
                -2.56167870872062,
                0.0369043547001841,
                0.00140445972055573,
                -1.05725303649447,
                1.24472575668965
            ],
            "median": [
                -0.912576939118016,
                -1.31746941015116,
                1.01308647735514,
                2.59853695021406,
                -2.56295509086761,
                0.0408540940631627,
                -0.00459340097494453,
                -1.05366223346595,
                1.25500306264823
            ],
            "SE": [
                0.298553737991307,
                0.267342384740518,
                0.300020908420724,
                0.287611121037,
                0.307418021968476,
                0.290849269615543,
                0.288533762724602,
                0.30155378111161,
                0.302341533313741
            ]
        },
        {
            "mean": [
                -0.73764103457157,
                -1.59325173147948,
                3.08401221098554,
                1.77880533488588,
                -4.18822808374413,
                -3.25198629181901,
                -0.92682753536897,
                -0.523582225496231,
                -1.86357789830994
            ],
            "median": [
                -0.736092070651018,
                -1.60128371824309,
                3.08186030502205,
                1.7773119235938,
                -4.19181253924934,
                -3.25709533840159,
                -0.925966624448132,
                -0.520231318785855,
                -1.86787210110478
            ],