{
    "uid": "5bba1859-4f54-41ac-a4e7-fabd24cf41ea",
    "scenario_uid": "b56e398eaedbdad34cec9e8a634c0fba",
    "iteration_uid": "a50ec2596418b4531514a0eb5bba36f1",
    "PD_subj": [
        {
            "mean": [
                -2.13659470031063,
                -1.81036555247333,
                2.57336270699159,
                -0.56554733347104,
                -0.275129065545988,
                -1.16184508352349,
                1.28191332038849,
                -1.90093408417715,
                -0.0386876357779545
            ],
            "median": [
                -2.1345241869985,
                -1.80521656433689,
                2.56755907120695,
                -0.560011846827885,
                -0.278409446331215,
                -1.15965800519913,
                1.28083367949146,
                -1.89817070929028,
                -0.0338092852777479
            ],
            "SE": [
                0.284847377502756,
                0.298827814710531,
                0.294191674482885,
                0.290372368650547,
                0.368043240790391,
                0.293808837168561,
                0.280491953821769,
                0.311678809377458,
                0.279923487978417
            ]
        },
        {
            "mean": [
                1.18473073992772,
                -0.728138266606135,
                1.49970218851305,
                1.52378413142968,
                -2.98012278738833,
                1.35446379161047,
                1.3651713864713,
                0.147565446728388,
                1.0173762467605
            ],
            "median": [
                1.27480599773642,
                -0.727843407435548,
                1.46279706874023,
                1.75444633783538,
                -2.98866667024781,
                1.70415211454488,
                1.40368385664839,
                0.156440635268785,
                1.29234690319538
            ],
            "SE": [
                0.492109804426766,
                0.302180762386177,
                0.414418179374929,
                0.747426023295304,
                0.358061513165814,
                0.880616615970793,
                0.399595071217021,
                0.312975612546993,
                0.762358326553414
            ]
        },
        {
            "mean": [
                1.00194457262928,
                0.71951554840506,
                2.24272115761855,
                -0.536220277743436,
                -2.45796800360258,
                0.443979207490259,
                -0.338742499809105,
                -1.02852720866975,
                -1.2418868404042
            ],
            "median": [
                1.0907679559585,
                0.668522021834128,
                2.23705371768133,
                -0.870743504981762,
                -2.87492727101404,
                0.439448040991262,
                -0.896569236546348,
                -1.03116812152778,
                -1.23237473160591
            ],
            "SE": [
                0.5472275903259,
                0.459070081605505,
                0.293970428116929,
                0.850783823208292,
                0.929492295015095,
                0.302943790893617,
                1.11908283670489,
                0.3148379803734,
                0.281919203908835
            ]
        },
        {
            "mean": [
                -0.452624216009435,
                -1.92479938567472,
                1.6709650882643,
                2.85929432840488,
                -0.624556498073679,
                -1.41080327833754,
                0.115337947544044,
                -0.469822542715691,
                -0.579924614248471
            ],
            "median": [
                -0.458915038502128,
                -1.92423121461277,
                1.67581825331682,
                2.85982677180198,
                -0.636803640218633,
                -1.40869298032998,
                0.119839933394713,
                -0.465747527698282,
                -0.574524878601954
            ],
            "SE": [
                0.288977199198287,
                0.302567707539747,
                0.286363462995561,
                0.295313836591651,
                0.356651211173656,
                0.301829977078429,
                0.282601597324068,
                0.307585884695882,
                0.282173792026177
            ]
        },
        {
            "mean": [
                0.727401092076298,
                -2.01389738194233,
                0.750099726359768,
                -0.0196457407196454,
                -2.03866327827474,
                0.528440296175107,
                2.30451472627936,
                -3.71783869544837,
                0.926920006342682
            ],
            "median": [
                0.726945291808274,
                -2.02002842470014,
                0.754737818512679,
                -0.0215525419038002,
                -2.02486252159096,
                0.531090309523111,
                2.31099463014684,
                -3.7116709492471,
                0.926748969069664
            ],
            "SE": [
                0.292836634097558,
                0.306784330714379,
                0.290267104775241,
                0.29350512551319,
                0.364725441647875,
                0.296309347744789,
                0.277262070668996,
                0.313109308557838,
                0.283294881207227
            ]
        },
        {
            "mean": [
                0.83999185328852,
                -0.125511716876114,
                0.270723571581293,
                -0.681519225698383,
                -1.27715279763295,
                -2.60939458973461,
                0.900344061071123,
                -1.09580268723119,
                0.209823968470811
            ],
            "median": [
                0.846917523837862,
                -0.13087802209274,
                0.180062787129303,
                -0.685874873167275,
                -1.19919462767798,
                -3.18901247401345,
                0.902959005248596,
                -1.12791230671398,
                0.0868597971271577
            ],
            "SE": [
                0.293923940641917,
                0.306657371953206,
                0.461643322224362,
                0.297904017463244,
                0.497654979805996,
                1.22588516613655,
                0.273486510666979,
                0.35477515793137,
                0.49921903298584
            ]
        },
        {
            "mean": [
                2.19080316588114,
                -3.30885335690818,
                3.88281162851504,
                0.427063237738786,
                -1.43563938316941,
                0.478894019861612,
                2.67651455098651,
                1.28536706724856,
                -0.0416922387953661
            ],
            "median": [
                2.18772062929442,
                -3.30006767922878,
                3.88072656045806,
                0.429841613204968,
                -1.43855177191569,
                0.48020446091121,
                2.67329653832192,
                1.28531504529389,
                -0.0473690571648828
            ],