{
    "uid": "10f51ad2-42b8-4368-a7e8-f6cc934e72a9",
    "scenario_uid": "b56e398eaedbdad34cec9e8a634c0fba",
    "iteration_uid": "a77b4a7b0575e7b0cd1187ae4f1c2a6e",
    "PD_subj": [
        {
            "mean": [
                -2.17968819138826,
                -0.22450484798506,
                2.44320004335404,
                0.944206261962406,
                -1.26802650316609,
                -1.78257732927741,
                0.402068407864078,
                -3.56793928754648,
                0.00118715509249915
            ],
            "median": [
                -2.17961706079159,
                -0.227290861950397,
                2.44816082658428,
                0.932950236810781,
                -1.26785402764361,
                -1.77912384880203,
                0.409096924003545,
                -3.57316576887799,
                -0.00561133425156025
            ],
            "SE": [
                0.290235302230297,
                0.289264782747981,
                0.304146581724366,
                0.289911225611765,
                0.303800938097745,
                0.305632275875224,
                0.294395720320377,
                0.294032496567834,
                0.316484213710542
            ]
        },
        {
            "mean": [
                -1.61341872157689,
                -0.262759154205037,
                3.62327696107546,
                2.0097236039574,
                0.353853573423317,
                1.70513409626416,
                2.54618654447911,
                -2.9826526654277,
                0.618830049239186
            ],
            "median": [
                -1.62058721816693,
                -0.26155867437565,
                3.62677412461776,
                2.0100546481139,
                0.355668757031836,
                1.71111143697761,
                2.5471133917858,
                -2.98391191437623,
                0.615150181991573
            ],
            "SE": [
                0.291551639846989,
                0.289968504869191,
                0.310070729532099,
                0.296929743664456,
                0.293840854398927,
                0.307144689483064,
                0.296547490693976,
                0.289044176758119,
                0.316458910884342
            ]
        },
        {
            "mean": [
                -1.22290964128077,
                -0.89705216433344,
                1.58941344419949,
                1.08660583285231,
                -1.76870856908687,
                1.35024403208151,
                -0.249337564879921,
                1.54184625222417,
                -0.948458697767603
            ],
            "median": [
                -1.2213167738686,
                -0.892951019711143,
                1.59162259818451,
                1.08642230160558,
                -1.76875912816684,
                1.3467975583552,
                -0.252529357839804,
                1.53438303734506,
                -0.949431797694605
            ],
            "SE": [
                0.292794578045801,
                0.296900961046023,
                0.315058573729264,
                0.287486359015557,
                0.30127145277665,
                0.301200503571962,
                0.292952683214589,
                0.289615567921209,
                0.319716426650388
            ]
        },
        {
            "mean": [
                0.152855230030551,
                0.174508527827867,
                1.92497864430461,
                -0.94307365083938,
                -1.19336421147111,
                -1.98682245673368,
                -0.383724307010842,
                -0.696552777636926,
                2.6880978392922
            ],
            "median": [
                0.175739033410081,
                0.170209349444247,
                1.93403812406958,
                -1.15013804063307,
                -1.19206641363786,
                -1.99029514641239,
                -0.618211702966132,
                -0.69364616070105,
                2.70807980319083
            ],
            "SE": [
                0.607203658560376,
                0.302486250753778,
                0.309335399986878,
                0.831195300097108,
                0.305321160926177,
                0.325220851703721,
                0.882487264802799,
                0.315361637401069,
                0.353738991567839
            ]
        },
        {
            "mean": [
                0.471310850308312,
                0.499135419759517,
                3.37996719528435,
                -0.0633261549966246,
                -0.0684294265594699,
                -1.10030525940959,
                0.223576237193332,
                0.225461326589993,
                -2.27883635512902
            ],
            "median": [
                0.474835618374759,
                0.498791397782489,
                3.38059511533815,
                -0.0711692508727052,
                -0.0684421193581259,
                -1.10134291533351,
                0.223933570889594,
                0.237862366084691,
                -2.28100489123812
            ],
            "SE": [
                0.291133561782373,
                0.294604426937839,
                0.300919069078734,
                0.313100958753837,
                0.342451296943354,
                0.317245114975794,
                0.327238467847308,
                0.346362474868898,
                0.312344547432101
            ]
        },
        {
            "mean": [
                -0.979683695076389,
                0.556892144986655,
                0.525739711520611,
                3.09437768474689,
                -2.79855642701848,
                -1.85790282142398,
                -1.08793749019093,
                0.0400850344088503,
                0.339290336062492
            ],
            "median": [
                -0.976775679357704,
                0.558476841620962,
                0.531089668058896,
                3.09739843290458,
                -2.89399756740727,
                -1.76385565383751,
                -1.09774338471813,
                0.0299496199083651,
                0.348610447947519
            ],
            "SE": [
                0.284056865071991,
                0.289611668631081,
                0.310688490819933,
                0.296041242219436,
                0.509901630342466,
                0.512194894912563,
                0.282726996464348,
                0.32539762972699,
                0.344447552234877
            ]
        },
        {
            "mean": [
                0.866373051287466,
                0.406684941325646,
                -0.912942002003425,
                2.35912048318,
                -3.16413751362378,
                -2.25653437501598,
                1.32799673110486,
                -3.00579859584366,
                0.239614529993444
            ],
            "median": [
                0.867210473835921,
                0.4154817416959,
                -0.908914095576132,
                2.35613273745016,
                -3.1656631301133,
                -2.26057682315486,
                1.3323525667969,
                -3.00614594362377,
                0.240652214637638
            ],