{
    "uid": "0359bc81-abf1-4568-8847-87485b9299a8",
    "scenario_uid": "b56e398eaedbdad34cec9e8a634c0fba",
    "iteration_uid": "a9447b27dfd59313c6fc85260c7012cc",
    "PD_subj": [
        {
            "mean": [
                -0.413373802789566,
                -1.79006983903736,
                0.916927816582953,
                3.89377549268647,
                -0.534171196056876,
                2.37641012260723,
                1.6709040054432,
                -1.93760397511196,
                0.793285704126163
            ],
            "median": [
                -0.415031615582614,
                -1.78845475875614,
                0.924127769326405,
                3.88013029743122,
                -0.529505965971724,
                2.37575071658047,
                1.62501859853311,
                -1.94105513440974,
                0.792955204276972
            ],
            "SE": [
                0.338019059812942,
                0.285029012190604,
                0.276096618085157,
                0.516431609437446,
                0.30771123603124,
                0.297354086320095,
                1.28233553770914,
                0.294226545526433,
                0.299167946968081
            ]
        },
        {
            "mean": [
                0.657135109910864,
                -1.19981243759458,
                0.47231033097092,
                -2.46449987067297,
                0.701338435098169,
                -1.64188902106942,
                -2.77194291377485,
                -0.926817445211103,
                2.29120039602685
            ],
            "median": [
                0.657014688906852,
                -1.20151055608256,
                0.463905744781663,
                -2.46991047956859,
                0.7071683833972,
                -1.64896718546108,
                -2.826154354183,
                -0.930820923585465,
                2.29227336032763
            ],
            "SE": [
                0.326251364567814,
                0.285110963530144,
                0.281798462579852,
                0.518610462676386,
                0.299574456951134,
                0.314871038347576,
                1.25473607460543,
                0.287706413077736,
                0.293110046872747
            ]
        },
        {
            "mean": [
                -3.34647584909861,
                -1.94459049555139,
                -1.07875002342141,
                3.41232794298559,
                -3.5026318126303,
                1.40705191044641,
                1.60464449345148,
                0.213962076408102,
                -1.5562622096637
            ],
            "median": [
                -3.34216554564542,
                -1.94193066903519,
                -1.07444050520596,
                3.40769564345068,
                -3.50654702994002,
                1.41260999362568,
                1.60399669291706,
                0.20736717775578,
                -1.55788284754507
            ],
            "SE": [
                0.339619347924929,
                0.279866754857495,
                0.280682793157092,
                0.515586387999293,
                0.313479459694612,
                0.301249033969832,
                1.24830408960352,
                0.293897247784541,
                0.2913229946854
            ]
        },
        {
            "mean": [
                -0.00992613858269257,
                -0.198634250613751,
                1.26676303652246,
                -2.70261553392094,
                -0.0490176381616281,
                -1.46589030757149,
                0.558007991040672,
                -2.66635115295249,
                2.27214206719492
            ],
            "median": [
                -0.00791478959655206,
                -0.195786890523724,
                1.26732964202474,
                -2.69698775371461,
                -0.0463506909245821,
                -1.47278688927206,
                0.54141008586302,
                -2.66638045988549,
                2.27495963085248
            ],
            "SE": [
                0.343028684900799,
                0.289053983841896,
                0.285342295308858,
                0.518794465121144,
                0.301321615918203,
                0.307730898605367,
                1.26103411246458,
                0.305880884030852,
                0.294212415512059
            ]
        },
        {
            "mean": [
                0.864487931467125,
                0.244715200345214,
                0.329589740658441,
                -2.69981339587938,
                0.468071849873407,
                0.569836553422427,
                -2.76289812477312,
                -1.41367218666262,
                -1.26864659426586
            ],
            "median": [
                0.859487480750645,
                0.245007066501201,
                0.336033090868964,
                -2.69621634225913,
                0.458752929896008,
                0.584736236514065,
                -2.7642879139099,
                -1.46167862077302,
                -1.20998079945727
            ],
            "SE": [
                0.331692062183524,
                0.36923499392799,
                0.365575085289149,
                0.499391927767908,
                0.410210979039423,
                0.394773847690841,
                1.27064830905079,
                0.502409651478214,
                0.515232878997079
            ]
        },
        {
            "mean": [
                -2.47225067879386,
                -1.23908733688735,
                -1.10872440016304,
                -1.5612522488946,
                -2.84125218332624,
                -0.310587524274161,
                -0.767492915537256,
                1.08907751570451,
                -1.46786621861156
            ],
            "median": [
                -2.47527403646909,
                -1.23231710193865,
                -1.11223865559987,
                -1.56824474577896,
                -2.84208629107807,
                -0.314985703035008,
                -0.759973253344252,
                1.08838058331929,
                -1.46264049019837
            ],
            "SE": [
                0.372149111632232,
                0.275986863572602,
                0.290867226045459,
                0.537467251211534,
                0.306622744997926,
                0.297779467907022,
                1.27939381967334,
                0.296573177570168,
                0.299937223397322
            ]
        },
        {
            "mean": [
                0.582005370038078,
                0.711020610660771,
                -0.79383081897431,
                0.345442177086047,
                -2.66379574439176,
                1.47848176046722,
                0.663703431692534,
                -2.37901190203426,
                -0.0216492540628849
            ],
            "median": [
                0.587189552329578,
                0.719641387555067,
                -0.793214982866482,
                0.355600704260283,
                -2.66529312196698,
                1.47484907924846,
                0.69690526179888,
                -2.38450965286454,
                -0.0182489690854223
            ],