{
    "uid": "13f47ccb-a32c-4623-baab-96a2261e8519",
    "scenario_uid": "b56e398eaedbdad34cec9e8a634c0fba",
    "iteration_uid": "a9988f9947a987a4d58a0bb74622c971",
    "PD_subj": [
        {
            "mean": [
                0.199252065876809,
                -0.55311767416353,
                -0.628024420177449,
                2.66850079568383,
                -0.569949559846611,
                -0.620252437877232,
                -1.13483263049414,
                0.513649886293913,
                0.451480534027326
            ],
            "median": [
                0.2023270138754,
                -0.516398342542332,
                -0.69561297519651,
                2.6653730520691,
                -0.570784660151049,
                -0.631635082109304,
                -1.13663839440678,
                0.52943729362891,
                0.431457491286181
            ],
            "SE": [
                0.302230059835289,
                0.519435129422684,
                0.515724190827632,
                0.293576169857875,
                0.370773104315752,
                0.355561023808287,
                0.29585283746934,
                0.44046182995426,
                0.447106147702236
            ]
        },
        {
            "mean": [
                0.826462835809398,
                -2.33124538090452,
                0.476479643004142,
                0.281463246015211,
                -1.30080926467594,
                -1.7159122213227,
                1.18435015664974,
                -0.592271329391679,
                -1.45823036953688
            ],
            "median": [
                0.825617587363377,
                -2.33069863964997,
                0.47086501093959,
                0.293204787882994,
                -1.30752368893078,
                -1.72077930365861,
                1.17384618292345,
                -0.58764875166521,
                -1.46018543557322
            ],
            "SE": [
                0.300945421300898,
                0.307232768505648,
                0.282578978328699,
                0.299076604176798,
                0.29357787456383,
                0.288337537138376,
                0.293704518221712,
                0.2929709420366,
                0.310232631178252
            ]
        },
        {
            "mean": [
                0.651210429137674,
                1.96599588206385,
                0.905111385467947,
                0.211207598486295,
                -3.18837193861786,
                -1.85094600572341,
                -0.996087354584136,
                -0.990528665438657,
                -2.08228398177997
            ],
            "median": [
                0.641621302197977,
                1.9681010969019,
                0.89792581172763,
                0.211312998783868,
                -3.19461661875037,
                -1.84792516919177,
                -1.00659841976038,
                -0.985680226352881,
                -2.07315418718459
            ],
            "SE": [
                0.302614956290866,
                0.292769251019876,
                0.286140064642687,
                0.30275377440606,
                0.303796613545675,
                0.297266781004173,
                0.292840275279424,
                0.282400940749197,
                0.30828604522837
            ]
        },
        {
            "mean": [
                1.35833522279743,
                0.775993152472324,
                0.165283968660679,
                1.70952862369483,
                -1.54653048992317,
                0.235586091221961,
                -0.441971962018813,
                -0.968828893954224,
                2.2037887905363
            ],
            "median": [
                1.36604703459623,
                0.779610911823637,
                0.166341304291213,
                1.71430205438106,
                -1.55265200860399,
                0.242184511871959,
                -0.440795394084947,
                -0.964899969347967,
                2.19852610261045
            ],
            "SE": [
                0.304229766909823,
                0.297095646703834,
                0.288615272450964,
                0.296268166750031,
                0.301347779274753,
                0.301731673132673,
                0.29758252840161,
                0.290481292130813,
                0.304325302314144
            ]
        },
        {
            "mean": [
                0.0432753822820222,
                -1.34305081135436,
                0.450507250782657,
                2.91687897704393,
                -0.803848033282115,
                0.848565105534669,
                -0.0608300155608106,
                -0.921324793086661,
                0.274417426592631
            ],
            "median": [
                0.0503019398703187,
                -1.35021345204998,
                0.445608360793038,
                2.91028359976061,
                -0.8062511544529,
                0.845898416092279,
                -0.0652848732616926,
                -0.920952439291908,
                0.276179756665209
            ],
            "SE": [
                0.291750314775816,
                0.296068372257416,
                0.284214154087594,
                0.295600719717588,
                0.293105609275008,
                0.300192666949389,
                0.295612586682043,
                0.293557000128204,
                0.309324127557799
            ]
        },
        {
            "mean": [
                -1.75143320863533,
                -1.63672181427717,
                -0.117692317059632,
                1.24129562969742,
                -0.574459651355016,
                0.796327844275505,
                1.99697406650378,
                -3.41122090931564,
                -3.53552040678927
            ],
            "median": [
                -1.74883973021348,
                -1.63939470347186,
                -0.120100616990495,
                1.2317850002315,
                -0.567631896836478,
                0.792490429702339,
                2.00322428471041,
                -3.42748700383576,
                -3.53414082439101
            ],
            "SE": [
                0.293820087521975,
                0.293941365118982,
                0.283737063489509,
                0.296432486020994,
                0.298673454698832,
                0.302944711693224,
                0.29046338272872,
                0.28101967694046,
                0.302988047893944
            ]
        },
        {
            "mean": [
                -1.66858093418026,
                -1.78209012737441,
                0.585536976831706,
                1.24293030570606,
                -0.526376839456594,
                -2.39966122311469,
                -0.498342966987219,
                -2.0261264378714,
                -1.54095830644643
            ],
            "median": [
                -1.67010202000817,
                -1.78172697146965,
                0.586349131700415,
                1.23634826156325,
                -0.519059451361123,
                -2.39157889098016,
                -0.500608525796626,
                -2.02382799804323,
                -1.54564056623036
            ],