{
    "uid": "06d1b1f0-47de-48e2-aa11-b581e437f46d",
    "scenario_uid": "b56e398eaedbdad34cec9e8a634c0fba",
    "iteration_uid": "aa9a1636271d26f0a11908fab2f3c2f3",
    "PD_subj": [
        {
            "mean": [
                -0.721328131236722,
                -1.23354150366302,
                2.07020769339802,
                -0.253204907712152,
                0.401855402939532,
                -2.1645347892751,
                -0.0833159261811753,
                -0.115940162589492,
                -1.41967214828166
            ],
            "median": [
                -0.616085487927199,
                -1.33623385787537,
                2.07052217958426,
                -0.407241358611872,
                0.562185181782067,
                -2.15527100057015,
                -0.0843483248270093,
                -0.120435588479025,
                -1.42124007393291
            ],
            "SE": [
                0.495784445718163,
                0.492923505846291,
                0.283168058504133,
                0.589296712894003,
                0.586186557612883,
                0.300707321775949,
                0.282323148896736,
                0.309611894383771,
                0.297763219533558
            ]
        },
        {
            "mean": [
                -0.208483864485789,
                -2.73092386431252,
                0.578073775158708,
                2.70420437568681,
                -0.944671096037799,
                -0.85569296602716,
                -0.791171542877858,
                -0.44673465282071,
                0.0545631252229049
            ],
            "median": [
                -0.207129771019372,
                -2.73704413001017,
                0.58819155164002,
                2.69851276486692,
                -0.943067940641303,
                -0.867231896176817,
                -0.79473975508965,
                -0.448695363437949,
                0.0499214249939138
            ],
            "SE": [
                0.291029456582414,
                0.293748818212281,
                0.284917001448568,
                0.30957393133471,
                0.304236107077936,
                0.292192569967047,
                0.26882885347167,
                0.304090238469292,
                0.297631760589841
            ]
        },
        {
            "mean": [
                0.731706789248402,
                -0.240012728401845,
                0.775456233798357,
                -0.885759205210801,
                -3.33097882237596,
                -0.84608757105727,
                1.17623734910085,
                -3.57108489703891,
                1.19249311893677
            ],
            "median": [
                0.709310687865987,
                -0.240589850192662,
                0.808171505035313,
                -0.917210012283211,
                -3.32302549529949,
                -0.836878456771407,
                1.17163188376918,
                -3.57668315298638,
                1.19390411422047
            ],
            "SE": [
                0.529581114656682,
                0.298474280406207,
                0.53263832504062,
                0.581207180522188,
                0.29948462039638,
                0.566632624967449,
                0.279038144775595,
                0.295316450860545,
                0.295820400710961
            ]
        },
        {
            "mean": [
                -0.77737678799356,
                0.885169293731233,
                1.22098900370946,
                -3.10478438415269,
                -0.569998063982032,
                -1.95591375368357,
                -0.600569935566657,
                -3.52544687210167,
                -1.77116782068412
            ],
            "median": [
                -0.769155529680323,
                0.882560708891522,
                1.22194287948861,
                -3.10218371911745,
                -0.574976049831997,
                -1.95714347438329,
                -0.594347874453325,
                -3.52131786614182,
                -1.77354838128742
            ],
            "SE": [
                0.29896662387568,
                0.294089707764277,
                0.290489465516992,
                0.301030284836302,
                0.312188871674573,
                0.304158186270527,
                0.283788874533189,
                0.300971480771137,
                0.296326291557562
            ]
        },
        {
            "mean": [
                -0.985286774861341,
                -3.0421712667665,
                -0.0389878372948078,
                2.88031361857071,
                -0.348358488869185,
                1.72302292676464,
                -0.0870000220334847,
                -2.6384920105649,
                -0.937357442789609
            ],
            "median": [
                -0.978473676771958,
                -3.03510706534296,
                -0.0462199207368698,
                2.87839459063645,
                -0.354148624919794,
                1.71938696650889,
                -0.0852613888234734,
                -2.64535718566861,
                -0.928505606421614
            ],
            "SE": [
                0.28478581798927,
                0.300588319742475,
                0.296463912893052,
                0.315487774044397,
                0.30078575386241,
                0.297160939133005,
                0.285127915174135,
                0.303845812572523,
                0.302103860647778
            ]
        },
        {
            "mean": [
                -2.369813942546,
                0.987968375125007,
                1.7713171255413,
                1.13545649424447,
                -2.7406210646445,
                0.914934502567038,
                0.699808051419137,
                -1.17507207213272,
                -1.11443935859343
            ],
            "median": [
                -2.36785498733376,
                0.991951420780234,
                1.77926833134918,
                1.1394362871453,
                -2.73300861442753,
                0.921943202422666,
                0.697450635133179,
                -1.17582134176157,
                -1.11630894581221
            ],
            "SE": [
                0.301084656782254,
                0.303166616549895,
                0.285662982451058,
                0.306410020348246,
                0.296297039258563,
                0.297802436439462,
                0.276791785965834,
                0.300500334825306,
                0.290521079998753
            ]
        },
        {
            "mean": [
                -0.922827508811945,
                -0.615937934274467,
                1.22328577247543,
                -0.692837529289766,
                -0.111806107777312,
                -1.47219641400825,
                0.49642011082706,
                -0.677482046188824,
                2.16552922548835
            ],
            "median": [
                -0.923442608455964,
                -0.623136808835812,
                1.22067145220919,
                -0.696518687452371,
                -0.116671062410966,
                -1.47362540977098,
                0.495601180674472,
                -0.667874961211032,
                2.16362506312066
            ],