{
    "uid": "132d29b8-5d89-49b8-90ec-424177a6ece3",
    "scenario_uid": "b56e398eaedbdad34cec9e8a634c0fba",
    "iteration_uid": "ab1119dc5a50a27d9a4fccc0e8dae084",
    "PD_subj": [
        {
            "mean": [
                1.34114007009259,
                0.338626272642149,
                1.4339537760738,
                2.87598368551029,
                1.51112206649831,
                -0.17648194048649,
                1.84571925899948,
                -0.670605084670185,
                0.0809594428466593
            ],
            "median": [
                1.33802815519385,
                0.327504643088225,
                1.43671267166737,
                2.8712745742799,
                1.50852275186492,
                -0.175695726079334,
                1.84357999534343,
                -0.670724280874516,
                0.0794329844153369
            ],
            "SE": [
                0.289090332433072,
                0.428341698480668,
                0.278038363107524,
                0.292003080797861,
                0.435643643318697,
                0.295766884384502,
                0.287078690779326,
                0.367375453588269,
                0.308460820013446
            ]
        },
        {
            "mean": [
                1.89538532890209,
                0.921759102120764,
                1.00993837458186,
                3.29515732577497,
                -0.11366132574778,
                0.764557974638764,
                0.475264817650684,
                -0.766343186865947,
                1.09059170097818
            ],
            "median": [
                1.88850955875666,
                0.918354378915725,
                1.01455446751835,
                3.29128667361752,
                -0.116237949963898,
                0.762255081442234,
                0.467605973393644,
                -0.759150615077096,
                1.09778402898599
            ],
            "SE": [
                0.298660641425077,
                0.446395852250602,
                0.283625494733239,
                0.280068749126477,
                0.431402237556517,
                0.285301069051709,
                0.282171241915538,
                0.375957403719705,
                0.307702256064848
            ]
        },
        {
            "mean": [
                -1.68434581853935,
                -0.412354749124175,
                -0.320418548051361,
                2.06134052240971,
                -0.110685008048024,
                -0.113880517805218,
                2.05813129640748,
                -2.47330438371838,
                -2.33664691525441
            ],
            "median": [
                -1.69452577310345,
                -0.415069880487419,
                -0.340394124612827,
                2.06077187883536,
                -0.124876423040343,
                -0.1159030903063,
                2.06015297339197,
                -2.52825034788,
                -2.4591379458563
            ],
            "SE": [
                0.292831181003663,
                0.507336316640375,
                0.359080056259794,
                0.280553435375897,
                0.492084737619957,
                0.316028507157034,
                0.278234827889974,
                0.663270748438721,
                0.701805760040514
            ]
        },
        {
            "mean": [
                1.2193945630632,
                -1.38626337903698,
                -0.05576012821084,
                -0.754649105654203,
                0.839624402550513,
                -0.994194898085429,
                1.79244088780526,
                -2.35297407941814,
                -1.6068250369334
            ],
            "median": [
                1.22036551466822,
                -1.38206826427564,
                -0.0641714081242547,
                -0.753859937148652,
                0.839333071427561,
                -0.991998801397475,
                1.79085040646853,
                -2.3546764534237,
                -1.59643459188551
            ],
            "SE": [
                0.298374187857166,
                0.439814941100028,
                0.281007550853422,
                0.279022656084432,
                0.418698187707827,
                0.290361933263832,
                0.283937739546525,
                0.370534190041888,
                0.297504370465593
            ]
        },
        {
            "mean": [
                -1.3281545091494,
                -0.328026664267163,
                -1.34186898804567,
                0.190482218606277,
                -1.61983023872215,
                0.211928965526533,
                0.371966029062234,
                -2.36300112019251,
                0.363107088307502
            ],
            "median": [
                -1.3324518102128,
                -0.326884690645299,
                -1.32848128076394,
                0.201510068709497,
                -1.61502446552331,
                0.207570174410018,
                0.378369368643251,
                -2.35512077925287,
                0.354759865462874
            ],
            "SE": [
                0.314008192865702,
                0.441372189872914,
                0.312332428323013,
                0.292970633391197,
                0.431314005576554,
                0.304647293273837,
                0.309213995961033,
                0.360757000946788,
                0.342451224480817
            ]
        },
        {
            "mean": [
                -0.870392221951472,
                -0.138712548875945,
                -0.0153546186163193,
                0.245451735143587,
                0.749451292233138,
                -2.04059773053993,
                1.89998178841853,
                -3.01231458702553,
                -0.670409138740667
            ],
            "median": [
                -0.878336885417536,
                -0.134041386641435,
                -0.00913426769640789,
                0.255771681953838,
                0.751659638048635,
                -2.0395081294358,
                1.89684725517609,
                -3.01233257087041,
                -0.667026632334369
            ],
            "SE": [
                0.291364637878169,
                0.444347737344857,
                0.281396158383795,
                0.281961953206724,
                0.451529714626195,
                0.285226664914181,
                0.291445146018356,
                0.365057735771412,
                0.305236407414168
            ]
        },
        {
            "mean": [
                -3.19585043707296,
                0.649364673599158,
                1.32040920119664,
                0.635315134447065,
                -1.52794207341259,
                -0.372426420666787,
                0.173485663804299,
                -0.000442574218311105,
                2.10983338774956
            ],
            "median": [
                -3.1972187021599,
                0.659615963046462,
                1.31901953726788,
                0.639889409270441,
                -1.52155368663937,
                -0.378823088017287,
                0.173424223569915,
                -0.000411593937864538,
                2.10846736984207
            ],