{
    "uid": "3a0b9d22-fec2-495d-b5e3-867ae87aa59a",
    "scenario_uid": "b56e398eaedbdad34cec9e8a634c0fba",
    "iteration_uid": "ad22abc3e547674dc9e85a506e1e0616",
    "PD_subj": [
        {
            "mean": [
                -1.59401191541409,
                -0.855775810920399,
                -0.060535264928393,
                0.641460627156959,
                -3.43126200904553,
                -0.292459334535717,
                -0.228215092526731,
                -2.68337269596778,
                0.427367922162026
            ],
            "median": [
                -1.59398559455279,
                -0.849834719427278,
                -0.0670718370138137,
                0.637118930268499,
                -3.43642681989121,
                -0.287315358402797,
                -0.223662116624789,
                -2.67770112862253,
                0.432292478369464
            ],
            "SE": [
                0.262829944598133,
                0.269622345582879,
                0.301716653403609,
                0.293706742251684,
                0.301078499944302,
                0.304588229110395,
                0.297332071083519,
                0.311582611627921,
                0.285201108712548
            ]
        },
        {
            "mean": [
                -0.442568665066749,
                -0.251703273764148,
                2.24485359324623,
                0.622183273325543,
                -5.4363810898383,
                1.02316206056178,
                0.63549097706884,
                0.643760529553605,
                -0.125425013622765
            ],
            "median": [
                -0.445197242619163,
                -0.248886141047789,
                2.23458328601933,
                0.622213934863957,
                -5.43466165795035,
                1.02230972129064,
                0.633529740347333,
                0.63506021234533,
                -0.120373766225071
            ],
            "SE": [
                0.260910509385811,
                0.260535327852841,
                0.296121774185837,
                0.295612852188905,
                0.311356317491427,
                0.314788808421993,
                0.298429243395668,
                0.31294776993122,
                0.277094171730186
            ]
        },
        {
            "mean": [
                -1.32680900838593,
                -1.12344381144828,
                -2.80831222975267,
                -1.82294273439589,
                -0.950560046292651,
                -1.16954287075253,
                1.80601066040631,
                -2.70190785102505,
                0.0740990638988389
            ],
            "median": [
                -1.3296027335038,
                -1.12032167479007,
                -2.80430996925919,
                -1.8250714718509,
                -0.950973402693782,
                -1.16937707978142,
                1.80637850828881,
                -2.69989225942052,
                0.0723501203857009
            ],
            "SE": [
                0.260779537408318,
                0.259640249970147,
                0.309785330617247,
                0.288360726375387,
                0.300142680681833,
                0.295820783052467,
                0.298111684215527,
                0.307621362222082,
                0.281396767893267
            ]
        },
        {
            "mean": [
                -1.82122861234705,
                -0.523693811350618,
                -0.194625008353201,
                0.927054426645642,
                -0.390868122928755,
                4.88550360711426,
                -0.16313919361565,
                -1.12853329278219,
                -0.19362595014218
            ],
            "median": [
                -1.82483988540612,
                -0.527171648551579,
                -0.196769345674617,
                0.925483526587901,
                -0.404017932035415,
                4.88654022312382,
                -0.166683797551749,
                -1.13019577973932,
                -0.195462565491874
            ],
            "SE": [
                0.25911248690015,
                0.269101627702648,
                0.297913191560034,
                0.295731897471121,
                0.30292613796239,
                0.30565246528358,
                0.29923690485557,
                0.301221004566773,
                0.281900290706824
            ]
        },
        {
            "mean": [
                -0.637239355690793,
                -0.463350152395749,
                -0.326208923856092,
                2.11623118120154,
                -2.95060384083166,
                -0.232495596929356,
                0.151221824814838,
                -0.546120023521966,
                -1.49985483967034
            ],
            "median": [
                -0.637801952042501,
                -0.457399375083285,
                -0.320502163158079,
                2.11375447674098,
                -2.94655228891596,
                -0.235590541077166,
                0.148686187262257,
                -0.540764832558844,
                -1.50318464819299
            ],
            "SE": [
                0.2622018411899,
                0.26504947029067,
                0.304726489308964,
                0.295196208492978,
                0.308838999470198,
                0.293699903637519,
                0.286884684356924,
                0.312046003762192,
                0.278563970575742
            ]
        },
        {
            "mean": [
                -1.71085318011733,
                -1.74025047200475,
                -1.6745407310441,
                1.66087314776979,
                -1.36631815088842,
                -1.29791272128533,
                0.353069194312279,
                0.420801004804483,
                -0.048164904494884
            ],
            "median": [
                -1.70896384401273,
                -1.74246822184416,
                -1.71152229443115,
                1.65426339368174,
                -1.36791246708005,
                -1.3317805881914,
                0.349081379285252,
                0.566010126223167,
                -0.208389189771378
            ],
            "SE": [
                0.257462509091912,
                0.2664371788815,
                0.448150795804315,
                0.286343331509871,
                0.318526115011918,
                0.439097417417838,
                0.295211906493718,
                0.576487453599538,
                0.576327459261365
            ]
        },
        {
            "mean": [
                0.364767013111944,
                -0.47804718093379,
                0.583553341028549,
                1.04964675390127,
                0.143009259645609,
                -0.270173929515481,
                3.00128719216761,
                1.42793608382423,
                0.0622392415127791
            ],
            "median": [
                0.36907479024333,
                -0.478922561271263,
                0.585065912280165,
                1.05059345758053,
                0.149145622766517,
                -0.274141555034761,
                3.00672790997018,
                1.42986115707858,
                0.0602700798856473
            ],