{
    "uid": "238593a7-d363-4fe1-9e5c-8ae75efa88fd",
    "scenario_uid": "b56e398eaedbdad34cec9e8a634c0fba",
    "iteration_uid": "ade68531cd4c1467d84d7f482168e276",
    "PD_subj": [
        {
            "mean": [
                -1.04521215967901,
                0.649693229734515,
                1.6403105089584,
                2.07926139657918,
                -0.792646616105787,
                1.29719205712218,
                1.37521306511196,
                0.987087810955751,
                0.816539663172845
            ],
            "median": [
                -1.04943795699957,
                0.646317195300229,
                1.63941276468839,
                2.08952597356772,
                -0.794685652684917,
                1.29986975858441,
                1.37014269606336,
                0.988739926863496,
                0.823903443876733
            ],
            "SE": [
                0.292540512933696,
                0.28522982689074,
                0.280534360930956,
                0.303439648047269,
                0.341506135103466,
                0.284096071209411,
                0.276316283425583,
                0.307571185115719,
                0.297271826534121
            ]
        },
        {
            "mean": [
                -1.20444434308275,
                -0.48557623210072,
                2.03136077696884,
                0.932263078524171,
                -1.29091098018523,
                -0.781757548119356,
                0.881088246162264,
                -2.05273903462301,
                1.76545776514277
            ],
            "median": [
                -1.21610184753607,
                -0.486267985836567,
                2.03578355224691,
                0.930059738700342,
                -1.29624512020565,
                -0.783431844837934,
                0.883170835806676,
                -2.04470646765737,
                1.7556945469212
            ],
            "SE": [
                0.296608261411407,
                0.282919904291778,
                0.285431553580936,
                0.309055478183859,
                0.338014199168037,
                0.282461583607168,
                0.271811468595938,
                0.298726446402194,
                0.298037946412131
            ]
        },
        {
            "mean": [
                -2.58550456747847,
                -1.79524418428414,
                2.40099085838273,
                0.380180544918364,
                -3.21735399176584,
                0.104463468622924,
                -0.420245006800403,
                -2.85718546666239,
                -0.0601678366336847
            ],
            "median": [
                -2.58004695088745,
                -1.80003302215104,
                2.4084137139103,
                0.38337369305366,
                -3.21828811239944,
                0.107425816199172,
                -0.426682916457707,
                -2.86658197511999,
                -0.0680698600863406
            ],
            "SE": [
                0.293014232635919,
                0.284540078892967,
                0.279380990109133,
                0.305816136415518,
                0.340995857992934,
                0.29104512082707,
                0.277741887234576,
                0.307296505494221,
                0.292208415600777
            ]
        },
        {
            "mean": [
                0.577902701871087,
                -0.908584509175632,
                0.831228708331547,
                2.97683435423299,
                -4.05966318306213,
                -0.224506302867528,
                1.31540987858578,
                -1.58656177712545,
                -1.56123069310019
            ],
            "median": [
                0.579375809625717,
                -0.912413769606278,
                0.828758988472696,
                2.97099225598559,
                -4.0633558684365,
                -0.223592829984913,
                1.31852691122579,
                -1.58040918474935,
                -1.55518537609623
            ],
            "SE": [
                0.300008681838452,
                0.287189447551962,
                0.27900344888677,
                0.304944344788968,
                0.338042207516612,
                0.287118240332139,
                0.274415090037114,
                0.30848785308517,
                0.304115867062861
            ]
        },
        {
            "mean": [
                0.778308149267523,
                -1.81734787132287,
                0.142132774352122,
                0.871376109217144,
                -0.544993595681563,
                1.66293482649291,
                1.77232876300138,
                -0.352083217678297,
                -2.72601601241523
            ],
            "median": [
                0.787364242170153,
                -1.8142177933821,
                0.1466589710958,
                0.874254031725772,
                -0.54643448694681,
                1.65712198045877,
                1.77198024615742,
                -0.352683008839924,
                -2.71858687037191
            ],
            "SE": [
                0.290616429501075,
                0.290997336367531,
                0.288592627084761,
                0.303964662454921,
                0.343144562784903,
                0.295999593115002,
                0.273004872180967,
                0.303703412367898,
                0.304729488493639
            ]
        },
        {
            "mean": [
                -1.28084345350923,
                -0.831394201088939,
                1.79170579286292,
                0.0530781789608812,
                -0.544677349476441,
                -0.979343984272332,
                2.61658615276537,
                -0.405135919693522,
                0.343953743819807
            ],
            "median": [
                -1.28842742094706,
                -0.833586928908144,
                1.79206132670188,
                0.0448354706902607,
                -0.543696475618951,
                -0.983939826257814,
                2.61275433470407,
                -0.411824352778486,
                0.34547593984331
            ],
            "SE": [
                0.285035672425111,
                0.278427126548045,
                0.287396594220517,
                0.30199406900564,
                0.341284052551254,
                0.289300436345322,
                0.263376147048786,
                0.30915821394109,
                0.29695872034812
            ]
        },
        {
            "mean": [
                -0.437401001374089,
                -0.796879288371044,
                0.376365931803898,
                2.51501333843052,
                -0.340642219120613,
                1.36259190669763,
                1.09798484894069,
                -2.7425891060258,
                0.660527431893095
            ],
            "median": [
                -0.438700193480784,
                -0.807574166227903,
                0.301124068141322,
                2.51178672858869,
                -0.330853103724239,
                1.07533993476818,
                1.095447344529,
                -2.74096548242125,
                0.781572385104484
            ],