{
    "uid": "9e8f4648-6cff-4e8c-acf2-c8ea79e80722",
    "scenario_uid": "b56e398eaedbdad34cec9e8a634c0fba",
    "iteration_uid": "af27c97ef860512ac2bb042a57d747ef",
    "PD_subj": [
        {
            "mean": [
                0.705030236194656,
                0.0196210971085213,
                0.685059709091589,
                0.226697927445592,
                -2.27613599116388,
                0.208128625549003,
                2.74340374914775,
                -1.29282632204122,
                2.76489544743166
            ],
            "median": [
                0.700165313529951,
                0.0124381962079271,
                0.692320280456646,
                0.232417372432131,
                -2.26613117766449,
                0.202702593259594,
                2.74917512217638,
                -1.29481586652802,
                2.75484476766062
            ],
            "SE": [
                0.320167147925567,
                0.344223838304621,
                0.307901022310355,
                0.3047520389,
                0.471216140505119,
                0.30596093222637,
                0.318164456655405,
                0.32968239643305,
                0.317274124139782
            ]
        },
        {
            "mean": [
                2.46640485650003,
                -2.83207408731542,
                2.44828520530033,
                0.51592261454846,
                -0.824160872676654,
                0.504406885023416,
                0.0698271588867081,
                -0.00891406480634399,
                0.0802311497933124
            ],
            "median": [
                2.46475158191032,
                -2.82908982851522,
                2.44897654268729,
                0.51056400054877,
                -0.824481803573592,
                0.516026605316303,
                0.0694432061604613,
                -0.013872344610713,
                0.089732109753041
            ],
            "SE": [
                0.320173890219877,
                0.324697826479731,
                0.3084775843077,
                0.304502133736415,
                0.471730438652703,
                0.304227933754483,
                0.325433427170587,
                0.337057178129182,
                0.310626112055352
            ]
        },
        {
            "mean": [
                -1.35988239151437,
                -0.443784512898931,
                1.24617348532494,
                -0.0665268510242557,
                -2.64489792887053,
                0.431220582013798,
                1.92149701842813,
                -0.977184099705593,
                -2.05563138899775
            ],
            "median": [
                -1.35228826580347,
                -0.451431920133346,
                1.24803767541142,
                -0.0682448743786317,
                -2.64108793935106,
                0.429040651708846,
                1.92932008972553,
                -0.977835545033077,
                -2.05737732463755
            ],
            "SE": [
                0.295397669615119,
                0.335456310442515,
                0.287587655976674,
                0.285415537443789,
                0.455531288315089,
                0.294692192609229,
                0.301364807812866,
                0.322133124183635,
                0.295296434261225
            ]
        },
        {
            "mean": [
                -0.90917035803876,
                -0.761553780207944,
                0.398459917959911,
                1.37653648075938,
                1.07987008484685,
                -1.14527456384508,
                2.32180417838651,
                2.10443664534782,
                0.599260036268016
            ],
            "median": [
                -0.904183227156278,
                -0.828892850047242,
                0.400993007239483,
                1.36506969365711,
                1.26845090597562,
                -1.14710928036259,
                2.31498877126844,
                2.20754630896721,
                0.599131331461719
            ],
            "SE": [
                0.378211413105077,
                0.58727432654662,
                0.284185064705711,
                0.420579481119081,
                0.98846576867533,
                0.286482596089676,
                0.477962435762499,
                0.801618769315829,
                0.287654054506607
            ]
        },
        {
            "mean": [
                2.25815338393362,
                1.44357109199892,
                1.47887047980284,
                0.134984190535426,
                -0.270594865511775,
                -0.417795696542814,
                1.12317170636288,
                1.27335947982799,
                1.2406970003163
            ],
            "median": [
                2.43906768305151,
                1.37568206581557,
                1.39300262180512,
                0.138732506922723,
                -0.170101724536132,
                -0.506282920980074,
                1.09304770178471,
                1.26730131545858,
                1.22230393598157
            ],
            "SE": [
                0.631816610970398,
                0.52048809212966,
                0.515027901803263,
                0.314138729703125,
                0.811120184618376,
                0.775471549592145,
                0.367736676079306,
                0.408858084847939,
                0.387240513083907
            ]
        },
        {
            "mean": [
                1.08774212421145,
                0.150177818260758,
                2.38193909032926,
                0.226322327167077,
                0.555493281307599,
                0.556598547522371,
                0.309528498375303,
                -2.65911588757151,
                1.33519951623836
            ],
            "median": [
                1.08429971298995,
                0.155479033819028,
                2.38540616570517,
                0.230506991793643,
                0.550447701122076,
                0.547871143896513,
                0.305843856770973,
                -2.66236510609303,
                1.33213378719409
            ],
            "SE": [
                0.30221892739346,
                0.329519602905788,
                0.287389463047292,
                0.288372864142465,
                0.472008291129933,
                0.295141772437896,
                0.293635324080883,
                0.314718027527104,
                0.295359676009774
            ]
        },
        {
            "mean": [
                -0.167777779780502,
                -0.915054690845165,
                1.43886352536709,
                0.565981679289693,
                -1.96350116045632,
                -0.888441413963284,
                -1.44023249708101,
                -0.730417897395799,
                0.77775173754748
            ],
            "median": [
                -0.184595245051911,
                -0.920365704373032,
                1.43531155549791,
                0.563908648769281,
                -1.9636257854258,
                -0.882064086322906,
                -1.43351371282502,
                -0.731739658596257,
                0.780091315933446
            ],