{
    "uid": "034ed1e5-e11b-4031-9057-13113cddaeb4",
    "scenario_uid": "b56e398eaedbdad34cec9e8a634c0fba",
    "iteration_uid": "afd941e8f4866000285aa39e542ba3f4",
    "PD_subj": [
        {
            "mean": [
                0.479991491308004,
                0.509434610154624,
                0.392864133008675,
                -1.34196634391767,
                -1.3535531072167,
                -0.705614419614247,
                0.337425394305657,
                0.441675398435624,
                -0.573961874245989
            ],
            "median": [
                0.47221676491632,
                0.525818969139083,
                0.376223643059539,
                -1.44044237181452,
                -1.35377476425888,
                -0.631104703212799,
                0.504030556278601,
                0.558885754708257,
                -0.739965913523406
            ],
            "SE": [
                0.316535889645579,
                0.807503587098127,
                0.313981945248018,
                0.495369054233773,
                0.606247523173251,
                0.477973371387908,
                0.627805802648123,
                0.593492442557785,
                0.605869326542497
            ]
        },
        {
            "mean": [
                0.143145888893916,
                -1.51530205159498,
                0.614167151345865,
                0.607612225327294,
                -0.709702187706647,
                -0.412798525599964,
                0.672190575513934,
                -2.5151905341513,
                -0.422785229821485
            ],
            "median": [
                0.146426480818286,
                -1.51777797734017,
                0.625342533766942,
                0.609554976357526,
                -0.700529764399774,
                -0.412019809712372,
                0.669273835753898,
                -2.50581671188894,
                -0.426804529497943
            ],
            "SE": [
                0.279716193180545,
                0.6837861159814,
                0.299957171007179,
                0.308433450238649,
                0.469127115930483,
                0.299384404012169,
                0.313178183101099,
                0.332623357654015,
                0.291498938609603
            ]
        },
        {
            "mean": [
                1.883963949681,
                -2.07900967733928,
                3.84682530959067,
                0.408035988037948,
                -2.26072600601949,
                -1.02586443495911,
                1.97628161369575,
                -0.710158890480546,
                -0.616909317058964
            ],
            "median": [
                1.88349442641737,
                -2.08250354392204,
                3.83990727177101,
                0.412797799866565,
                -2.25146948518056,
                -1.02263400034459,
                1.97634415216255,
                -0.704995942497158,
                -0.616210113341565
            ],
            "SE": [
                0.288011706792024,
                0.652820047032072,
                0.303172509942619,
                0.311626850993269,
                0.474435607320196,
                0.301411574154509,
                0.305470649798752,
                0.327433155989928,
                0.297939935924599
            ]
        },
        {
            "mean": [
                0.588186688096908,
                0.209273096516978,
                2.53711883325874,
                -1.61331445330392,
                -0.918858789072109,
                0.547761337746271,
                -0.945789831558784,
                -0.584627345751897,
                0.76624591078759
            ],
            "median": [
                0.59297823813733,
                0.245951758514275,
                2.52717538721043,
                -1.6303378597358,
                -0.897954182244135,
                0.553381279581942,
                -0.944486807222544,
                -0.576529299141718,
                0.765597456858228
            ],
            "SE": [
                0.299330711174128,
                0.721123505558253,
                0.307576623223864,
                0.352409869650676,
                0.576851581617744,
                0.303531145699784,
                0.320836179778219,
                0.36418145486841,
                0.286561847524226
            ]
        },
        {
            "mean": [
                0.345879806292277,
                -0.776541604470554,
                0.0608853035777527,
                0.325838594600848,
                -1.5885441695493,
                3.93268882139551,
                -1.0055902874704,
                -0.497523689366053,
                0.253740012668664
            ],
            "median": [
                0.351412684622723,
                -0.749804013306365,
                0.0639801370071323,
                0.335854322437328,
                -1.58128726141442,
                3.93203825679072,
                -1.00008703092889,
                -0.500191570576715,
                0.252433407253159
            ],
            "SE": [
                0.287037552185702,
                0.654526971392915,
                0.296750278430378,
                0.320529701189653,
                0.47499970748285,
                0.298441236269316,
                0.304885283450583,
                0.328615815783119,
                0.285556727601037
            ]
        },
        {
            "mean": [
                -0.489039248135681,
                -0.617710064193833,
                1.14565274038005,
                0.75134379118657,
                -2.81588881910472,
                -0.210356267839494,
                3.19376458069022,
                -2.34472378190749,
                1.04394884448193
            ],
            "median": [
                -0.490315170342766,
                -0.616462118718454,
                1.14276337713635,
                0.741257022521069,
                -2.80907453182596,
                -0.220711258470485,
                3.1975722517237,
                -2.34853447765158,
                1.04029119810369
            ],
            "SE": [
                0.285838578679386,
                0.653655734103582,
                0.299076413009867,
                0.304730144984965,
                0.469132627033657,
                0.302821157211434,
                0.295385063890324,
                0.329690320738478,
                0.287558953205169
            ]
        },
        {
            "mean": [
                -1.08708442118574,
                -2.74065188744733,
                0.97764878908883,
                1.28194772981317,
                -2.02893272249222,
                0.757226691787679,
                1.98728128221405,
                0.942984431594338,
                -0.896741518535433
            ],
            "median": [
                -1.08722667896756,
                -2.72670397968789,
                0.971179463040892,
                1.27629002705084,
                -2.03198296031823,
                0.753328707576443,
                1.97779608690002,
                0.943024707156904,
                -0.9009652894867
            ],