{
    "uid": "62e81cff-7c59-41c1-b6de-c71d0dcccf4d",
    "scenario_uid": "b56e398eaedbdad34cec9e8a634c0fba",
    "iteration_uid": "b46cf46f42d110950c8f55b46bab37cd",
    "PD_subj": [
        {
            "mean": [
                0.128992923016986,
                -2.55823196652937,
                2.68455921809667,
                2.48317408484393,
                -2.47668537956777,
                0.732616020783751,
                0.692055744182476,
                -1.77553933924057,
                2.28414538395903
            ],
            "median": [
                0.123371536444778,
                -2.55962554824679,
                2.6795958021087,
                2.48736991213483,
                -2.4620509034147,
                0.734137359454825,
                0.692991869919949,
                -1.76903831295907,
                2.27790973588414
            ],
            "SE": [
                0.281868213563529,
                0.468466435561448,
                0.306806788567292,
                0.286525104832505,
                0.663288168080503,
                0.28280874723697,
                0.297233304568112,
                0.724549849246213,
                0.296942137798506
            ]
        },
        {
            "mean": [
                -0.414317776068637,
                1.29321386854705,
                1.77119378669161,
                1.5956192981352,
                -2.95635370191251,
                -0.218755125783163,
                -0.846960818613881,
                0.452559989737773,
                1.23932835358409
            ],
            "median": [
                -0.407547474932949,
                1.30123665146519,
                1.76459036047743,
                1.59990666213582,
                -2.94768150835024,
                -0.219367048244145,
                -0.853077038110283,
                0.416232231466181,
                1.22864475931729
            ],
            "SE": [
                0.288321386666412,
                0.463428430852141,
                0.292519453998974,
                0.279621905763043,
                0.646473586562077,
                0.286061655503426,
                0.293423537370142,
                0.726080098493393,
                0.290761446841696
            ]
        },
        {
            "mean": [
                -0.507315548036847,
                -0.00845390355576728,
                1.58754652554431,
                0.989648112348755,
                0.0772083281259781,
                0.874935871516062,
                1.23323378890087,
                0.0914669656996924,
                -1.29589283375901
            ],
            "median": [
                -0.509999764174154,
                -0.0102731994244694,
                1.58570794149149,
                0.987925902238143,
                0.07402551281908,
                0.887389913486245,
                1.22161208179556,
                0.091643785614458,
                -1.28790450609647
            ],
            "SE": [
                0.287380006065332,
                0.500610216806558,
                0.29078525671456,
                0.2813579811714,
                0.691893250821814,
                0.295710207764939,
                0.291939747730201,
                0.740834936470232,
                0.292846317906143
            ]
        },
        {
            "mean": [
                0.617756168228162,
                1.10352086422246,
                -2.17497331782273,
                0.99525313876205,
                0.695274162292,
                -3.03914523517568,
                3.44027468735132,
                -3.07752746041207,
                -0.737994209676775
            ],
            "median": [
                0.620671718608516,
                1.10689058906119,
                -2.17591232240724,
                0.990266901467988,
                0.705896562998779,
                -3.04631918823154,
                3.44528563091554,
                -3.06838985457426,
                -0.738772239319721
            ],
            "SE": [
                0.286165262346365,
                0.475489846843916,
                0.292550509304529,
                0.272047841446593,
                0.660492497910288,
                0.287504461330941,
                0.297602890600711,
                0.732272479376654,
                0.286983461566629
            ]
        },
        {
            "mean": [
                -2.07455485353903,
                -2.097445357979,
                0.512526861187462,
                3.50526405253281,
                -1.52607087794431,
                -0.842105120540145,
                0.820996221398761,
                -1.53121518544387,
                -0.870023885115908
            ],
            "median": [
                -2.07260442810056,
                -2.10491597915819,
                0.507056369562374,
                3.50424330483969,
                -1.53111626209496,
                -0.841709585674112,
                0.825175711406396,
                -1.52917650949235,
                -0.866247430392646
            ],
            "SE": [
                0.28613452987054,
                0.460352006044687,
                0.300445923383361,
                0.281014862288231,
                0.681733697973611,
                0.287592867174982,
                0.298916659488894,
                0.71554903509405,
                0.293184919450492
            ]
        },
        {
            "mean": [
                0.101615221612429,
                -0.348407965552248,
                1.69385586968467,
                2.08504750796186,
                -0.776072279966582,
                0.0074267857304564,
                1.39220586970042,
                -2.0050628683235,
                -0.117959880960028
            ],
            "median": [
                0.106521912341453,
                -0.352852269217956,
                1.68236812365487,
                2.08624742893953,
                -0.780894083597523,
                0.0013499095231453,
                1.39758547859304,
                -2.01079872645799,
                -0.124396567132876
            ],
            "SE": [
                0.285115073850149,
                0.476868206365391,
                0.299795356737746,
                0.275326325445441,
                0.657133076423844,
                0.288746536250276,
                0.294980041857292,
                0.738265543444282,
                0.29224721956701
            ]
        },
        {
            "mean": [
                -2.59975059580865,
                0.473692697859747,
                -2.60080519168838,
                0.942732790859416,
                -1.4037826857174,
                0.942299918926483,
                0.711980963639729,
                -1.85124191014856,
                0.715715287763186
            ],
            "median": [
                -2.59869048386973,
                0.469241316879239,
                -2.59302651896069,
                0.945770551329458,
                -1.42287775232506,
                0.943665806086937,
                0.718515537931763,
                -1.83797360091082,
                0.721624486135113
            ],