{
    "uid": "23305dcb-14b7-44e0-b66e-73e089c75c63",
    "scenario_uid": "b56e398eaedbdad34cec9e8a634c0fba",
    "iteration_uid": "b4e58066470374d2fae4a4c48f23e715",
    "PD_subj": [
        {
            "mean": [
                -0.945674247314419,
                -1.73061541304906,
                0.35483034779932,
                -1.76429741040239,
                -0.889500269345505,
                0.632738841625588,
                1.55018509369786,
                -1.05893864078208,
                -0.662820609524603
            ],
            "median": [
                -0.95307625601809,
                -1.73033567600677,
                0.36451395210334,
                -1.76652239316393,
                -0.882544264660133,
                0.63537480523626,
                1.54855548070119,
                -1.07254970138783,
                -0.656693525018393
            ],
            "SE": [
                0.303261070899415,
                0.309706345989869,
                0.288978148860896,
                0.294388981556455,
                0.292134994777683,
                0.309277173689779,
                0.276453713332745,
                0.299390669877654,
                0.313532044210354
            ]
        },
        {
            "mean": [
                0.481650698244848,
                1.76045497631232,
                0.760477900323361,
                1.78184653480448,
                -2.59260022108664,
                -2.77120675826501,
                0.0219198645961689,
                -0.493647315602264,
                -2.44987138710345
            ],
            "median": [
                0.483278420714234,
                1.76951624268086,
                0.753332677371702,
                1.78029113723452,
                -2.59223881137128,
                -2.77433557605123,
                0.0205674867645919,
                -0.485688528937162,
                -2.45205233622738
            ],
            "SE": [
                0.298083238810914,
                0.308262000283732,
                0.284459511983367,
                0.29955036503045,
                0.288081870382642,
                0.301420361822533,
                0.28239968516725,
                0.297363277351198,
                0.309445713179261
            ]
        },
        {
            "mean": [
                -0.39175778737473,
                -1.42474017141256,
                1.1352274133735,
                0.419664914375508,
                0.776864065205503,
                -1.64006802461966,
                0.616936504428588,
                -0.692334087966848,
                1.34197049193848
            ],
            "median": [
                -0.388207957364432,
                -1.43332510968892,
                1.13259236919427,
                0.415288231135675,
                0.781439819398008,
                -1.6324528354758,
                0.615609429347472,
                -0.692409863711317,
                1.33433285446407
            ],
            "SE": [
                0.298816688817042,
                0.306959665041738,
                0.292705822648034,
                0.298870573849565,
                0.288836227470035,
                0.298145285264112,
                0.283792292782179,
                0.303720707153738,
                0.304373109431489
            ]
        },
        {
            "mean": [
                0.472890991575048,
                0.479640627183459,
                -1.38528941744197,
                -0.971521999249651,
                -0.998572530149235,
                -0.74404157910271,
                0.796183254293236,
                0.754626571893325,
                1.8017270285739
            ],
            "median": [
                0.448192353321773,
                0.458543338875845,
                -1.38400813871517,
                -1.00539682834704,
                -1.00118602958109,
                -0.742812911262722,
                0.780068728406322,
                0.763727683561876,
                1.79920495398501
            ],
            "SE": [
                0.466335427906095,
                0.45951862301602,
                0.282272600832283,
                0.393921051166729,
                0.317150942975695,
                0.301143809763772,
                0.424331418861183,
                0.503770700744557,
                0.315597993423133
            ]
        },
        {
            "mean": [
                1.38319638740228,
                0.281607598428073,
                1.60987976932878,
                1.65733686773276,
                0.976771390226944,
                -2.79050143301607,
                2.47694441875018,
                -0.506297911975128,
                0.734239054733801
            ],
            "median": [
                1.38468156551254,
                0.281694375155183,
                1.60996064902077,
                1.65933025757124,
                0.968517281037426,
                -2.78952502721522,
                2.47413481464449,
                -0.507112304616098,
                0.729283623788085
            ],
            "SE": [
                0.293285696688086,
                0.293645982247368,
                0.285546795742618,
                0.293372785446231,
                0.291282173210161,
                0.304070795768846,
                0.280738436242849,
                0.293029247019368,
                0.31110842087737
            ]
        },
        {
            "mean": [
                -2.6953830157883,
                2.42206430633094,
                -0.0299063828952057,
                -0.640318786167671,
                -1.09820385849587,
                -0.232561089629794,
                0.901381471767703,
                -2.1743772809367,
                1.08039954806981
            ],
            "median": [
                -2.70036202724074,
                2.42241018953938,
                -0.0257564289849037,
                -0.639786391896573,
                -1.10017936084117,
                -0.223257728577539,
                0.900174029798223,
                -2.18018404831117,
                1.07558895272566
            ],
            "SE": [
                0.29324359386801,
                0.301890070453371,
                0.279837838018274,
                0.308018358197586,
                0.297267283466726,
                0.299905681131506,
                0.285673313595958,
                0.30507011763658,
                0.307778095240987
            ]
        },
        {
            "mean": [
                -0.214657335505726,
                -0.0720951391351738,
                2.15630314533368,
                -0.310362843863526,
                -0.556268584530427,
                1.25568359959045,
                0.581140972657803,
                0.881513304236958,
                -3.88098699308364
            ],
            "median": [
                -0.253569255629582,
                -0.0655723248116769,
                2.15485459131346,
                -0.164517318883093,
                -0.725561627747246,
                1.25183370017385,
                0.369191934219932,
                1.08197980845882,
                -3.88280425155641
            ],