{
    "uid": "b86aee0f-0dcf-4da0-98e5-c36990875085",
    "scenario_uid": "b56e398eaedbdad34cec9e8a634c0fba",
    "iteration_uid": "b753f9c5d484ffe920777488ec0fbc7e",
    "PD_subj": [
        {
            "mean": [
                -1.14623147274005,
                -1.9812692388614,
                2.13742089904441,
                4.72222480141422,
                -1.37446765932956,
                0.427521790480629,
                1.27452860056101,
                -0.661796061957931,
                0.433359447342575
            ],
            "median": [
                -1.15570782426566,
                -1.97262271084026,
                2.13514461288907,
                4.73044219414097,
                -1.37557058035845,
                0.432893027924376,
                1.26974419098251,
                -0.664232192641321,
                0.436851588988564
            ],
            "SE": [
                0.335074534442641,
                0.299444765694104,
                0.26923443628908,
                0.299645667060044,
                0.295288351191545,
                0.308089351892034,
                0.327614493445777,
                0.30486800499244,
                0.305390817845752
            ]
        },
        {
            "mean": [
                0.00768832749949038,
                -1.59387413883553,
                2.81909460285731,
                -0.368445554529939,
                1.80828099419719,
                -0.673381470535212,
                0.772205745557827,
                -1.76936546422969,
                0.124749359960293
            ],
            "median": [
                0.00466681101240263,
                -1.59549363421105,
                2.81836477695386,
                -0.367669654973503,
                1.81673278786101,
                -0.674673319715629,
                0.772812666790566,
                -1.76892305788172,
                0.121607399778696
            ],
            "SE": [
                0.328695082915482,
                0.292561935692508,
                0.272140030707967,
                0.301866938034416,
                0.301431423585816,
                0.307534228784658,
                0.322496806857084,
                0.304863936440993,
                0.306284212135541
            ]
        },
        {
            "mean": [
                1.69641855828723,
                -1.02259717879261,
                1.9489348360381,
                1.20386370454051,
                -1.17758850021139,
                2.59494076365587,
                -2.42605373883375,
                -0.518239949161841,
                -1.27066118656027
            ],
            "median": [
                1.6977697746154,
                -1.02547802145012,
                1.95007890228501,
                1.20495582883506,
                -1.17040483640992,
                2.58889212412697,
                -2.43163311363753,
                -0.521069081756768,
                -1.26999016170316
            ],
            "SE": [
                0.34033846041597,
                0.290493791571986,
                0.278324173590678,
                0.300546345688977,
                0.294004924589982,
                0.303023063284218,
                0.332101281355241,
                0.300637332038133,
                0.28962537559709
            ]
        },
        {
            "mean": [
                -3.38974656859613,
                0.593179969773643,
                0.930482605393461,
                0.97996401682645,
                -2.00669215381299,
                -0.987617746243369,
                2.53677101887531,
                -0.853821979703743,
                1.9663259129985
            ],
            "median": [
                -3.39627333680028,
                0.596530452408442,
                0.928443025866893,
                0.972407386176971,
                -2.00027080442241,
                -0.987057266648259,
                2.5420180251421,
                -0.856679904438351,
                1.97906919612925
            ],
            "SE": [
                0.340858276475081,
                0.297166715995655,
                0.277434418173401,
                0.302897770261682,
                0.299769794367793,
                0.310604931792684,
                0.327715844460181,
                0.315130331531489,
                0.29759988547282
            ]
        },
        {
            "mean": [
                -1.13493189146106,
                1.52711025321091,
                0.669324183666005,
                0.790731350108671,
                -1.87647857205144,
                -3.22466462341387,
                -1.03621922594602,
                -3.80314295317171,
                1.0641701172246
            ],
            "median": [
                -1.12949416925488,
                1.5197926066056,
                0.669839425795368,
                0.782888032063682,
                -1.8824084050567,
                -3.22786806298807,
                -1.03724720134754,
                -3.79839417351616,
                1.07100065651017
            ],
            "SE": [
                0.33946191465173,
                0.298406423612506,
                0.278964448900714,
                0.296018307171045,
                0.293150300924948,
                0.300872298464879,
                0.327970964215417,
                0.299972165490581,
                0.298504423182653
            ]
        },
        {
            "mean": [
                1.27355901625103,
                -1.02756886866381,
                1.73563934367809,
                1.01465124982624,
                -0.627723617601725,
                -0.0775498520155801,
                -2.04733163917816,
                -3.40791955590204,
                -0.825856716294877
            ],
            "median": [
                1.27906654625136,
                -1.03195751232049,
                1.73307141932325,
                1.0245845203575,
                -0.618747395269731,
                -0.0782465037089227,
                -2.05199846205513,
                -3.40866936445676,
                -0.822513503862674
            ],
            "SE": [
                0.332468127531175,
                0.297629780154351,
                0.28255290513849,
                0.315303501802931,
                0.289573150724732,
                0.299712649221211,
                0.331694590637378,
                0.299504004573371,
                0.311124661414179
            ]
        },
        {
            "mean": [
                -3.02918627494906,
                -1.88223085517971,
                1.50094981184153,
                -1.42906024640642,
                -0.422630010394793,
                -0.210398813461321,
                1.67019765798301,
                0.769751877316426,
                0.115956887519097
            ],
            "median": [
                -3.02940077295275,
                -1.88406270096958,
                1.49808644234089,
                -1.42712949356768,
                -0.426753665317298,
                -0.214065286989324,
                1.67545557699246,
                0.778397070579143,
                0.106774003719784
            ],