{
    "uid": "04a80ffe-1609-4d19-9964-3588c308c987",
    "scenario_uid": "b56e398eaedbdad34cec9e8a634c0fba",
    "iteration_uid": "b7ae96e6a54744939dc699d669619ad2",
    "PD_subj": [
        {
            "mean": [
                0.430966724390458,
                -1.62814021629017,
                3.86202537462647,
                0.192483092233411,
                -2.24548482520166,
                -0.921565393826409,
                0.922051840641047,
                0.285790385047961,
                -1.03797218476273
            ],
            "median": [
                0.42584870737401,
                -1.63229012836606,
                3.87426058887097,
                0.190236233462069,
                -2.24548199205372,
                -0.930089950885482,
                0.92288452394427,
                0.295629423963611,
                -1.04020394664314
            ],
            "SE": [
                0.298441122901495,
                0.291548358876241,
                0.293311323001584,
                0.297406771762737,
                0.304522218420379,
                0.301775541157907,
                0.303018511837023,
                0.302171316227403,
                0.299253605981575
            ]
        },
        {
            "mean": [
                0.150652660176081,
                -0.14805469922804,
                -0.136778210210759,
                -0.867666290498424,
                0.945060213926352,
                0.956948639492016,
                0.639508591076345,
                -1.87214126022705,
                -1.85574124416489
            ],
            "median": [
                0.160701433761008,
                -0.152037528661271,
                -0.138319882949814,
                -0.871104089883918,
                0.942232802600329,
                0.951459594214154,
                0.631105314172237,
                -1.86723594658093,
                -1.85638328247907
            ],
            "SE": [
                0.305907982439565,
                0.291566893692033,
                0.31248651578347,
                0.30425636621073,
                0.326036739240958,
                0.308743584470017,
                0.318950364441821,
                0.317226519021671,
                0.315553258885727
            ]
        },
        {
            "mean": [
                1.35246200475281,
                1.01859291857919,
                1.44422636792269,
                -2.16376161118818,
                0.351561333756435,
                0.0482891791579796,
                0.55911248553104,
                0.383060955026021,
                -1.60801766636227
            ],
            "median": [
                1.35325516746374,
                1.01790761177796,
                1.44372763072446,
                -2.16376183544128,
                0.353566167937572,
                0.0411523565083465,
                0.560402086947068,
                0.374328160904788,
                -1.61114589903215
            ],
            "SE": [
                0.299470435043929,
                0.285962113006366,
                0.296821875639679,
                0.305387065983087,
                0.30379560968683,
                0.303082620061114,
                0.315313444111111,
                0.30113305416852,
                0.305497841953372
            ]
        },
        {
            "mean": [
                -1.37569135292415,
                0.0423602743243032,
                -0.262852483034225,
                1.14115444129868,
                -5.39204993022037,
                0.0773253912866547,
                -0.423816169608505,
                -1.62338289645521,
                0.0160355751577482
            ],
            "median": [
                -1.37137887042635,
                0.04505225925533,
                -0.250902573704503,
                1.15064911719435,
                -5.4002057453603,
                0.0800515791876982,
                -0.425498236990744,
                -1.62432919878473,
                0.0167409420624388
            ],
            "SE": [
                0.299165174220778,
                0.273717724700255,
                0.29282981344648,
                0.309296843147518,
                0.305709417612778,
                0.298477373459152,
                0.303375641277781,
                0.303052000584491,
                0.29796966788524
            ]
        },
        {
            "mean": [
                -1.36365690717407,
                0.214196704374604,
                1.9205479814763,
                0.426785894184347,
                -0.178177589520591,
                -0.461366093153536,
                1.27225061535851,
                -2.4117729516157,
                -0.247023633126111
            ],
            "median": [
                -1.36005099172402,
                0.21947171881841,
                1.9168686354052,
                0.42309187275569,
                -0.183821212510133,
                -0.461393771661586,
                1.27513268041691,
                -2.41817759977043,
                -0.237009885187012
            ],
            "SE": [
                0.304985753828746,
                0.278437371801225,
                0.300692418231584,
                0.303133212015997,
                0.30128442181933,
                0.293870471113185,
                0.316118370867955,
                0.295847836156171,
                0.301914403407211
            ]
        },
        {
            "mean": [
                2.15910930055107,
                -0.565235171580647,
                0.125029646014144,
                0.8130624910626,
                0.447672005274377,
                -1.6463799605636,
                1.85053484307712,
                -0.0598726081323706,
                2.70544886350767
            ],
            "median": [
                2.16690541933863,
                -0.569197855932759,
                0.127825056941556,
                0.821322379110249,
                0.447884248983783,
                -1.64067087733466,
                1.8473696970396,
                -0.0669110127296253,
                2.70591206891904
            ],
            "SE": [
                0.295885080756144,
                0.284216507272948,
                0.292949477911466,
                0.303253980198062,
                0.297083655745127,
                0.300959851936549,
                0.307817845017525,
                0.296609191683151,
                0.298335140605117
            ]
        },
        {
            "mean": [
                -1.2053022974828,
                -0.720600883942491,
                1.48697691907143,
                3.12345810449248,
                0.153380027354172,
                -2.51701375352596,
                0.486989545375346,
                -2.18857561261821,
                -2.47760450560113
            ],
            "median": [
                -1.19943122923106,
                -0.723379463611657,
                1.49496334146478,
                3.12582091944035,
                0.146681438655622,
                -2.51092851623568,
                0.483159198078045,
                -2.18772962746882,
                -2.47153885588953
            ],