{
    "uid": "ed6e3fd2-1e0c-4d1d-bac9-4e78a30aa5bc",
    "scenario_uid": "b56e398eaedbdad34cec9e8a634c0fba",
    "iteration_uid": "b7b4e58d5d4343da86ab99f7c96e457c",
    "PD_subj": [
        {
            "mean": [
                0.265302817347312,
                0.715817441547291,
                1.7757066216087,
                1.16558725160537,
                -1.28957736213605,
                0.190602827489505,
                0.341341203280268,
                -2.65331525081406,
                1.50530216658477
            ],
            "median": [
                0.267904000777833,
                0.72047287952634,
                1.77955462044715,
                1.16330662573641,
                -1.28752595706411,
                0.197758286439249,
                0.347427377592889,
                -2.65726371501575,
                1.50296027491588
            ],
            "SE": [
                0.287737797768507,
                0.29808715207888,
                0.313683452946458,
                0.298943141167437,
                0.292108198565848,
                0.357114462350248,
                0.294982177403881,
                0.284715599910329,
                0.289554339673781
            ]
        },
        {
            "mean": [
                -1.83953248683515,
                -0.074550702023688,
                -0.250324035121614,
                0.787770399640842,
                1.12568230193435,
                -2.08538029252336,
                1.18661778367304,
                -1.59105392956939,
                -0.131385689830072
            ],
            "median": [
                -1.83299750014041,
                -0.0735845632044731,
                -0.246516011923801,
                0.793578190007805,
                1.11911644274581,
                -2.08111089883337,
                1.18386435101124,
                -1.59969624884722,
                -0.129046873144769
            ],
            "SE": [
                0.285296137307798,
                0.303570184368809,
                0.314473379574066,
                0.299575487656056,
                0.28848612811124,
                0.369929626560956,
                0.300668096419302,
                0.279670432980175,
                0.283392977601645
            ]
        },
        {
            "mean": [
                1.94325972398531,
                -1.63367058543232,
                1.83780166272675,
                -1.19376697086383,
                -0.805088115089076,
                2.20292166540741,
                3.38139767127709,
                -1.19017875623111,
                0.792719771225165
            ],
            "median": [
                1.94422165746854,
                -1.62624416477283,
                1.83339398576131,
                -1.20092514535624,
                -0.801406451858275,
                2.20018306803443,
                3.38281955658674,
                -1.18493567068177,
                0.800103907681968
            ],
            "SE": [
                0.298220477836178,
                0.286857155997701,
                0.319727157740282,
                0.296422506337225,
                0.291186150313732,
                0.351236964066744,
                0.299581674172001,
                0.288478360609405,
                0.286391376504751
            ]
        },
        {
            "mean": [
                0.202900806084505,
                -2.00086408748109,
                0.298478905892322,
                -0.656819083906611,
                -1.17911432675076,
                2.05224506713936,
                -0.675777694800477,
                -1.80610430242644,
                -1.2955192523178
            ],
            "median": [
                0.202584685459781,
                -2.00391942315519,
                0.298221255745178,
                -0.662846594523035,
                -1.17661604590419,
                2.05014231711646,
                -0.680222807502574,
                -1.80202006158017,
                -1.30306319186664
            ],
            "SE": [
                0.296241391185674,
                0.298211221951528,
                0.317796689027745,
                0.294033876906444,
                0.285946648739596,
                0.367367887732456,
                0.289757033501397,
                0.294628117897162,
                0.296882474969742
            ]
        },
        {
            "mean": [
                0.755912095968073,
                -0.682180908880846,
                0.688192478342675,
                1.0235500934493,
                -0.949381668770898,
                1.13987411702849,
                0.829702186013915,
                -1.45495880180989,
                0.915426300256472
            ],
            "median": [
                0.777001664464292,
                -0.677032476898395,
                0.648758441227585,
                0.961496055895826,
                -0.944431884885301,
                1.20629922083378,
                0.785324655836522,
                -1.45356740553755,
                0.976474420455508
            ],
            "SE": [
                0.405816188685743,
                0.299092421696745,
                0.435220242083915,
                0.548261475167735,
                0.289599190236923,
                0.584079436165477,
                0.502289921222453,
                0.287326726180684,
                0.483579511668644
            ]
        },
        {
            "mean": [
                1.03954648374487,
                -1.30707613418293,
                0.866041176299105,
                1.07019143819907,
                -3.03165196034776,
                -0.769774063577343,
                1.70908058275506,
                -0.499093005561853,
                -0.235015226656875
            ],
            "median": [
                1.03816555858639,
                -1.30939381841786,
                0.865866893238855,
                1.07004498020355,
                -3.03289305230837,
                -0.756237076706262,
                1.7136406026993,
                -0.494919268773928,
                -0.23983052532107
            ],
            "SE": [
                0.288000961584689,
                0.299393769677337,
                0.308895824362477,
                0.284794764259676,
                0.288286237041011,
                0.372252996571632,
                0.294865800039304,
                0.288571994080217,
                0.291535894802858
            ]
        },
        {
            "mean": [
                -0.81345369905829,
                -0.0366079056035953,
                0.04567712602783,
                2.67558783724988,
                -0.559560379405627,
                -0.525017833428194,
                2.54935920937914,
                -0.84366159212812,
                -0.918742581553762
            ],
            "median": [
                -0.813588709478733,
                -0.0458909942621912,
                0.038809659830993,
                2.67794597838866,
                -0.553181150047404,
                -0.53634380584016,
                2.55250489810062,
                -0.828049156745535,
                -0.938494202629567
            ],