{
    "uid": "0da1de14-a0fd-4eed-8919-228ac4d4db7a",
    "scenario_uid": "b56e398eaedbdad34cec9e8a634c0fba",
    "iteration_uid": "b977a0367c4c967bf4809c7953875e21",
    "PD_subj": [
        {
            "mean": [
                1.24864942728122,
                1.39753297949192,
                1.05218966893454,
                -0.565279457683082,
                -2.37391777791513,
                -0.769590509805719,
                1.77997602661662,
                -3.4420330392055,
                -1.47222429962253
            ],
            "median": [
                1.26478628499475,
                1.40530365611289,
                1.04147868970868,
                -0.590253265898506,
                -2.61980635240952,
                -0.770126660533857,
                1.79678288772247,
                -3.51566552007753,
                -2.44867349297778
            ],
            "SE": [
                0.377345476550032,
                0.345392626643873,
                0.314874211902259,
                0.356993007317622,
                0.734832599999879,
                0.324839297846047,
                0.33507418451135,
                0.479320684937915,
                1.91607103120613
            ]
        },
        {
            "mean": [
                -2.02821760068368,
                -1.71325257505087,
                0.602501364250549,
                0.765058939072141,
                -2.96002533398095,
                -1.51718761059125,
                -0.388470060728888,
                -1.49271423825911,
                0.0310830871462474
            ],
            "median": [
                -2.03251114111645,
                -1.7138423107358,
                0.60354838738923,
                0.758197422164221,
                -2.952414611709,
                -1.50476945777997,
                -0.396085750266693,
                -1.49628445650078,
                0.0165286164038534
            ],
            "SE": [
                0.311706035569107,
                0.302549446044404,
                0.287457264042135,
                0.290079259359769,
                0.359301950600143,
                0.291105066974202,
                0.288758090824376,
                0.325200280489223,
                0.297444187577437
            ]
        },
        {
            "mean": [
                -2.20902581723603,
                -1.93920972981604,
                0.608428814088025,
                2.15965559082435,
                -0.0195591701473961,
                0.153582819745635,
                1.38668729797522,
                -0.899225999219153,
                -0.417605373785515
            ],
            "median": [
                -2.20516239477246,
                -1.94480349625956,
                0.599529839116713,
                2.16913686430682,
                -0.0169510497314198,
                0.150391449274214,
                1.3755102644737,
                -0.900860815405313,
                -0.419729319153617
            ],
            "SE": [
                0.312302607227147,
                0.295442297712033,
                0.292704067810823,
                0.295917044480114,
                0.35552641555449,
                0.290245814607601,
                0.296292624621145,
                0.328667365923324,
                0.290196929537802
            ]
        },
        {
            "mean": [
                -2.08808907797328,
                -2.43259302705125,
                -0.296579167077785,
                2.29667556043396,
                -3.66750623469462,
                -0.934879949661297,
                -0.0533813067402103,
                -2.10918924584898,
                0.0701132593998986
            ],
            "median": [
                -2.08229947969341,
                -2.42964267673381,
                -0.299906193099203,
                2.29848438257644,
                -3.67078709848054,
                -0.924883769042822,
                -0.0498445352352032,
                -2.11194221506079,
                0.0665590305970203
            ],
            "SE": [
                0.315155958672707,
                0.304208609298067,
                0.281749606769086,
                0.292196588788735,
                0.346045979022945,
                0.29460070735227,
                0.285123307086541,
                0.326014887278932,
                0.290884152968022
            ]
        },
        {
            "mean": [
                3.17812543032843,
                -0.466181413569898,
                1.5782666857336,
                1.35032624498865,
                -1.47902268049039,
                1.38430724449729,
                0.604248066116657,
                -0.591723823661225,
                1.73811737414351
            ],
            "median": [
                3.16924373655134,
                -0.466679740706601,
                1.58649132254676,
                1.35176766511218,
                -1.47358697975823,
                1.38503017157824,
                0.605911535216219,
                -0.591983238745244,
                1.73453560211393
            ],
            "SE": [
                0.316371874219202,
                0.300043457680056,
                0.289254958087559,
                0.294266496061965,
                0.351155841859501,
                0.286970553512632,
                0.288552256151122,
                0.33586682350153,
                0.295145009378479
            ]
        },
        {
            "mean": [
                -1.48198746522618,
                -0.666944901704061,
                -0.421397119547621,
                2.18876915168103,
                -3.84524702099886,
                -1.08978421849396,
                -0.400220874490536,
                -4.42331061720212,
                -1.65589742209774
            ],
            "median": [
                -1.48152773137082,
                -0.67021918225172,
                -0.421892768934913,
                2.19411300066432,
                -3.84747127867931,
                -1.08693301915945,
                -0.400506691349683,
                -4.42587551755274,
                -1.65576387551513
            ],
            "SE": [
                0.31136942458645,
                0.306885789822367,
                0.294040600682782,
                0.291796452190629,
                0.331935210833176,
                0.289190390811461,
                0.281838063808861,
                0.327296008334692,
                0.295623305379461
            ]
        },
        {
            "mean": [
                -0.911954125762971,
                -0.8931571607387,
                1.03347785764571,
                0.21407792863005,
                -2.92956251336752,
                -1.01862891008964,
                1.23555797151727,
                -3.45356933663018,
                -0.563470494777034
            ],
            "median": [
                -0.911971575076135,
                -0.903896812267309,
                1.03168859298758,
                0.216409521597847,
                -2.93184743684707,
                -1.00994427707378,
                1.23691802318713,
                -3.44747192460163,
                -0.561230448445092
            ],