{
    "uid": "800082c3-59d1-41a3-9655-82f00ef34260",
    "scenario_uid": "b56e398eaedbdad34cec9e8a634c0fba",
    "iteration_uid": "bedbf29320215fabceab470ad9dcbd7b",
    "PD_subj": [
        {
            "mean": [
                -0.778125626993163,
                0.304322956418014,
                -0.622339579360163,
                3.12492481213652,
                1.52661202271934,
                0.907544261232611,
                0.0363892862444887,
                -0.0616068020587911,
                -0.863729693815212
            ],
            "median": [
                -0.773240215053502,
                0.299151579470861,
                -0.633586036950859,
                3.12643353289255,
                1.52964782750341,
                0.914630089155306,
                0.0371959916904407,
                -0.0632114564464499,
                -0.843809682354902
            ],
            "SE": [
                0.299775640626193,
                0.290171539135497,
                0.399874027623322,
                0.30436708033345,
                0.292068092889086,
                0.370838068797147,
                0.295003441919387,
                0.299242863927236,
                0.743819930021125
            ]
        },
        {
            "mean": [
                0.967479786825314,
                -1.21895727009522,
                -0.333044774634887,
                4.04709889071582,
                -2.21238036288445,
                -0.334460263928905,
                0.52467931906176,
                -1.54208526981116,
                -0.426826248849245
            ],
            "median": [
                0.960408513971446,
                -1.21719646542394,
                -0.345265117928365,
                4.04983557021493,
                -2.21932097187503,
                -0.341178092711398,
                0.528260670744557,
                -1.54571902986012,
                -0.427546090772957
            ],
            "SE": [
                0.29204698621561,
                0.291082842693263,
                0.37791258868374,
                0.300212325250433,
                0.29749956705282,
                0.3399949684516,
                0.284404345125968,
                0.28426516480764,
                0.732529264366778
            ]
        },
        {
            "mean": [
                -0.571481036589765,
                0.414682096837547,
                2.21628869590152,
                1.52030422057007,
                -0.533461303789529,
                -3.02318857035287,
                1.99137097499619,
                -1.30870471284164,
                -0.386433369992575
            ],
            "median": [
                -0.572390860953038,
                0.409705836200712,
                2.22077034364562,
                1.5187044990927,
                -0.534217971730524,
                -3.02441090241039,
                1.98670386989159,
                -1.30673122303218,
                -0.396653351809876
            ],
            "SE": [
                0.296606170728741,
                0.293467794033266,
                0.384479016704579,
                0.28654179400132,
                0.301417672688617,
                0.341314780394743,
                0.284272064100157,
                0.303590439694008,
                0.734928197063753
            ]
        },
        {
            "mean": [
                -2.53044585926295,
                -0.625559587009706,
                1.49640809910408,
                2.27356909148282,
                -1.18380447589592,
                1.65668876110753,
                -1.59335158130612,
                -0.0816018797708175,
                -1.01828451881237
            ],
            "median": [
                -2.52520463256124,
                -0.626314492545095,
                1.49682960062943,
                2.27160032550615,
                -1.18711864671612,
                1.65644567734647,
                -1.58588705554514,
                -0.0818993216468962,
                -1.0168487387681
            ],
            "SE": [
                0.293212290008179,
                0.455104529948631,
                0.390775626481129,
                0.297302275567352,
                0.619888431904709,
                0.344029375987453,
                0.289564863932297,
                0.524957358468148,
                0.736704829048524
            ]
        },
        {
            "mean": [
                -2.27129732365769,
                -0.0760340631120392,
                0.624541239294253,
                1.4317065688814,
                -0.91400573787054,
                1.36110324140691,
                0.362164116792279,
                -0.741298132410444,
                1.43060635448956
            ],
            "median": [
                -2.27287167384026,
                -0.0729488906070401,
                0.626438760266448,
                1.42555906630163,
                -0.912136627171572,
                1.36801879181917,
                0.35533464716968,
                -0.744665970341255,
                1.42706392840108
            ],
            "SE": [
                0.295964208037591,
                0.288584254929921,
                0.37608802031893,
                0.297421453798358,
                0.292276441433451,
                0.349672211852589,
                0.291609775242616,
                0.290845485148919,
                0.727631734806014
            ]
        },
        {
            "mean": [
                -0.131933776186774,
                0.965700096985347,
                -1.04911100595449,
                1.1897643663854,
                -3.63200365307912,
                -0.407163073854181,
                -0.095729136727668,
                1.24762942884168,
                -0.5239815231952
            ],
            "median": [
                -0.141363915666142,
                0.958699066619277,
                -1.05761988681786,
                1.19011185227458,
                -3.6369328364301,
                -0.404625622427996,
                -0.0904894051607741,
                1.25771971156976,
                -0.53630066178653
            ],
            "SE": [
                0.293268855738076,
                0.296374112211147,
                0.380284852491131,
                0.29224194680545,
                0.299539433898582,
                0.346300452678509,
                0.283446955115692,
                0.295453782373753,
                0.746123923575606
            ]
        },
        {
            "mean": [
                -0.386366300361843,
                -0.64331800087683,
                -0.239015078182282,
                0.16228122185612,
                -0.554291762608055,
                0.221908236644885,
                2.15429093860627,
                -0.382401640344927,
                -1.81186360205337
            ],
            "median": [
                -0.392663588255808,
                -0.633085617112716,
                -0.238043274480674,
                0.162929306259165,
                -0.554346664956784,
                0.222927120012975,
                2.15229447518048,
                -0.385316912889142,
                -1.84210762336431
            ],