{
    "uid": "25152748-4760-4568-903a-b0aac1a0dc6a",
    "scenario_uid": "b56e398eaedbdad34cec9e8a634c0fba",
    "iteration_uid": "c16138aa256ed9bc55124dea5243c475",
    "PD_subj": [
        {
            "mean": [
                -3.64871960195384,
                0.196508678407863,
                0.0265568305760049,
                0.833473498509321,
                -3.05502932250416,
                0.416265142787407,
                0.691958757098922,
                -0.0323217009051486,
                0.124582363033437
            ],
            "median": [
                -3.64632394577363,
                0.204533401447537,
                0.0325664894411082,
                0.833313349193023,
                -3.05852864988383,
                0.412569371914964,
                0.686212746708921,
                -0.0309271431258557,
                0.120990177513938
            ],
            "SE": [
                0.298787685730284,
                0.291671116607997,
                0.289070304918847,
                0.306298518172803,
                0.299552928872096,
                0.312912024827765,
                0.307132833953349,
                0.306759957772651,
                0.298665346850203
            ]
        },
        {
            "mean": [
                -1.76514537949416,
                0.225753722529123,
                0.75428826715518,
                -0.708180102646527,
                0.321682154311598,
                -0.914332688001488,
                -1.32184939502463,
                -1.60072867026188,
                0.024357448649314
            ],
            "median": [
                -1.76282000148219,
                0.219154029443578,
                0.75284954562161,
                -0.705382321518342,
                0.327814235779229,
                -0.914914040306816,
                -1.31730729291035,
                -1.59932131767014,
                0.0189466124643451
            ],
            "SE": [
                0.306044113470941,
                0.290948642420433,
                0.282545000005156,
                0.305673755832829,
                0.27676163898845,
                0.326184682447031,
                0.300066737156383,
                0.307570662554014,
                0.287493808584475
            ]
        },
        {
            "mean": [
                -0.597669834485161,
                -0.356709260631327,
                -0.241965994368284,
                -1.06084173112897,
                -0.664999731538322,
                -0.578792006261858,
                -1.68508942752198,
                -1.79779614328564,
                -1.74138997104146
            ],
            "median": [
                -0.687981645462447,
                -0.259661218517084,
                -0.162608809965696,
                -1.32975226597242,
                -0.444527223454797,
                -0.384912493921993,
                -1.64348631428868,
                -1.77077185392245,
                -1.74221658043227
            ],
            "SE": [
                0.551141927059581,
                0.562810967724735,
                0.541006181408859,
                0.739413676647845,
                0.722080294591324,
                0.69407827813754,
                0.401673643997862,
                0.456999051402343,
                0.532427298133163
            ]
        },
        {
            "mean": [
                -2.13610617478099,
                -2.34247864505838,
                0.854551546785528,
                2.34905740418507,
                0.982569696057587,
                -2.25727180835024,
                0.600052578937362,
                -2.30624892780589,
                0.68718902740667
            ],
            "median": [
                -2.13655550492501,
                -2.34325857477426,
                0.850200434444274,
                2.3484466213215,
                0.984771977022008,
                -2.25380374430088,
                0.596731885421909,
                -2.30954764705559,
                0.687099143261184
            ],
            "SE": [
                0.302132929322377,
                0.292366115250475,
                0.28563622713396,
                0.300412893855123,
                0.29978669960067,
                0.314631899840043,
                0.313419738566479,
                0.30379520729177,
                0.290480037992318
            ]
        },
        {
            "mean": [
                -1.47474992147499,
                -1.28869528787274,
                -1.68301439087057,
                -0.905207250694457,
                0.825680852992232,
                1.32482644324411,
                1.44899923662885,
                -1.36552149235793,
                1.33154373413373
            ],
            "median": [
                -1.46944445886532,
                -1.29111301017531,
                -1.6754089170818,
                -0.910089094373675,
                0.830890608386089,
                1.32276011909324,
                1.45779162142275,
                -1.36518836201866,
                1.33964904845616
            ],
            "SE": [
                0.307460778269859,
                0.283216822504703,
                0.284108686491047,
                0.303544082560628,
                0.305144319929146,
                0.314902522057702,
                0.307088701523245,
                0.299650720909076,
                0.289502371763651
            ]
        },
        {
            "mean": [
                -4.11645933409997,
                -1.82426882169569,
                -0.789743171697073,
                3.89443016700828,
                -1.39751271186396,
                -1.61073715981532,
                2.60150671109828,
                0.968906330815834,
                -1.70784757015604
            ],
            "median": [
                -4.11520899260406,
                -1.8174578550395,
                -0.788342725711174,
                3.89517965499867,
                -1.40001931704134,
                -1.61059269218762,
                2.60300683490999,
                0.968902535629231,
                -1.69901041275728
            ],
            "SE": [
                0.311058341463134,
                0.286391552391511,
                0.289262014341879,
                0.296703942775538,
                0.297765615984765,
                0.323085776867175,
                0.306377670245347,
                0.311877623432546,
                0.292825766326905
            ]
        },
        {
            "mean": [
                -0.775421677662112,
                -1.41155042152704,
                1.48941057987263,
                0.907170338802638,
                1.42597640111934,
                0.10090196912711,
                -0.501320759693449,
                -1.33479191994059,
                -0.383746870038808
            ],
            "median": [
                -1.351862915268,
                -1.75684148746288,
                1.49202859297026,
                0.718420536759357,
                1.89341140908287,
                0.108580400259467,
                -0.452596921079351,
                -1.44008798051261,
                -0.385790507587233
            ],