{
    "uid": "66d5d93e-3dbb-468e-a9af-ee5b63fc68f8",
    "scenario_uid": "b56e398eaedbdad34cec9e8a634c0fba",
    "iteration_uid": "c32651672bef44b576e29d43e967ac84",
    "PD_subj": [
        {
            "mean": [
                -0.416530259591024,
                -0.874144712096527,
                1.14726011074718,
                1.1598804897204,
                -0.851487260704523,
                2.5644802970744,
                1.14384096446495,
                0.457836732530084,
                -2.36971521502953
            ],
            "median": [
                -0.415522223266867,
                -0.871235768344219,
                1.15461480795429,
                1.1654050762914,
                -0.852589223310797,
                2.56306570857765,
                1.14076156964241,
                0.462809330819852,
                -2.35602633300251
            ],
            "SE": [
                0.292073916057818,
                0.510326929791114,
                0.295725623686947,
                0.290777913309188,
                0.646060708529882,
                0.290687941049021,
                0.286076915356753,
                0.498366832815253,
                0.319665612914224
            ]
        },
        {
            "mean": [
                0.0998787895107478,
                0.401112016781118,
                0.704116213311056,
                2.6711586002777,
                -3.03165243109581,
                -1.43140918357653,
                0.685136951273413,
                -2.8876715694393,
                2.5560513409742
            ],
            "median": [
                0.107229846780073,
                0.399254115801211,
                0.698625974597211,
                2.66996559096644,
                -3.02916994711194,
                -1.43022641229748,
                0.682615412706949,
                -2.89095332522174,
                2.54836571494225
            ],
            "SE": [
                0.292049102174642,
                0.523486297158273,
                0.298284374395403,
                0.293358420621277,
                0.627881272141101,
                0.297026991679241,
                0.290895584165551,
                0.488367442473061,
                0.306157666858971
            ]
        },
        {
            "mean": [
                -1.59751063050036,
                -2.02732230412149,
                1.60204906368567,
                3.01734546335153,
                -2.72064848423985,
                -0.208266430382394,
                0.402368067039281,
                -3.19993617687755,
                -0.572273097245059
            ],
            "median": [
                -1.59486933636486,
                -2.04373514507156,
                1.59783957927521,
                3.01931791742806,
                -2.71697147810224,
                -0.208882463413267,
                0.396996964830665,
                -3.20427939741217,
                -0.579993648905682
            ],
            "SE": [
                0.290719897514786,
                0.522083134214024,
                0.298637999978465,
                0.290235594568207,
                0.63734955353019,
                0.293824430610243,
                0.292459669520846,
                0.490625129252452,
                0.31437931998796
            ]
        },
        {
            "mean": [
                -0.837809130290526,
                1.21809842699561,
                2.12927656043801,
                -0.38451709984602,
                -2.22855023684625,
                0.411521234646761,
                -0.104477920221392,
                1.52340736773757,
                -2.03601546622268
            ],
            "median": [
                -0.848129683181706,
                1.22048667690525,
                2.12799499463988,
                -0.374056400925251,
                -2.23206097741324,
                0.417319245229355,
                -0.103455211122206,
                1.51787182098597,
                -2.03775584804941
            ],
            "SE": [
                0.291915609651339,
                0.513827614215196,
                0.305995606441475,
                0.289880694977804,
                0.640281461867705,
                0.296256084592556,
                0.288414369507001,
                0.496276286306867,
                0.306914290831369
            ]
        },
        {
            "mean": [
                -0.272899875095566,
                -0.875526243732152,
                -1.24435511592985,
                1.22797062394575,
                -1.86727368629995,
                0.921282497038491,
                1.04571321699052,
                -2.72252798885307,
                -0.773730216777525
            ],
            "median": [
                -0.285445991572262,
                -0.580187967051455,
                -2.65301830210698,
                1.22871606931365,
                -2.32922800767735,
                1.01036792115125,
                1.02746751386118,
                -2.81299683335331,
                -0.970322466032651
            ],
            "SE": [
                0.506039688251219,
                0.832967354785365,
                2.0553307240209,
                0.471877941436853,
                1.09604480014965,
                0.508284714039157,
                0.44746492846692,
                0.637025942670101,
                0.744983946891053
            ]
        },
        {
            "mean": [
                -2.05360894891782,
                -0.320116669500422,
                1.23486063042456,
                2.1646903146297,
                0.504115740789422,
                1.20135310334663,
                1.26775738529044,
                -1.9087917301826,
                -1.36109229664753
            ],
            "median": [
                -2.04887632059764,
                -0.325868778978053,
                1.23638210418603,
                2.16915839604574,
                0.508483028188831,
                1.20137009784683,
                1.26925943944251,
                -1.90788797299179,
                -1.35352565642456
            ],
            "SE": [
                0.291892493231479,
                0.518073057194956,
                0.294603975900081,
                0.30423930014544,
                0.630044339124851,
                0.297045509203617,
                0.287382707878614,
                0.499621126584825,
                0.310508178710528
            ]
        },
        {
            "mean": [
                2.38581571302086,
                0.0977417366772016,
                2.3133255035598,
                1.54601131584288,
                -3.08300562631729,
                -0.169890979649556,
                1.9298000792503,
                -1.62038457411101,
                -1.94363369291937
            ],
            "median": [
                2.38577724901506,
                0.0893931095523783,
                2.30893555616258,
                1.54287165679078,
                -3.07627122545231,
                -0.176315911806273,
                1.92683280287704,
                -1.63547202453997,
                -1.94405422604075
            ],