{
    "uid": "43f34bb1-3b0c-4495-9396-ac11efc0c237",
    "scenario_uid": "b56e398eaedbdad34cec9e8a634c0fba",
    "iteration_uid": "c43f875db0cc28d75c1d92c6b0af5f62",
    "PD_subj": [
        {
            "mean": [
                1.32274628497834,
                0.148676315115102,
                0.754986911551176,
                -0.00856717953302302,
                -3.08973507864076,
                0.463904443584144,
                -0.139330837799603,
                -4.34338410786319,
                -0.513617965417768
            ],
            "median": [
                1.5067892911424,
                0.152201966309226,
                0.666930753935726,
                -0.111239954695337,
                -3.09543719301981,
                0.523284438517054,
                -0.199916775974744,
                -4.35385189117132,
                -0.517285589909937
            ],
            "SE": [
                0.642015110097352,
                0.43473627281282,
                0.465906358326263,
                0.489095362224477,
                0.290475913888172,
                0.423483967612153,
                0.544034398897594,
                0.330967452612064,
                0.322765676027171
            ]
        },
        {
            "mean": [
                -1.36884360285577,
                -2.56730105290228,
                2.38568518346548,
                3.25089021966335,
                -2.23615722898919,
                0.372920790869438,
                2.32656959122431,
                -1.85950409549195,
                -0.744362519136798
            ],
            "median": [
                -1.36858719880393,
                -2.57157842332253,
                2.38526417383711,
                3.25099519175353,
                -2.22875903210603,
                0.367314104317635,
                2.32356191618796,
                -1.86917172158286,
                -0.741208751746903
            ],
            "SE": [
                0.269090194175166,
                0.441434800347604,
                0.282579048839687,
                0.303192350450181,
                0.29492991754887,
                0.285052658975667,
                0.29510324951496,
                0.333286664557953,
                0.284375590603729
            ]
        },
        {
            "mean": [
                0.651896077229459,
                0.440522972960139,
                0.633780901348448,
                1.30085618268131,
                -0.843144519421081,
                1.2831569323565,
                0.527549891086058,
                -2.86966588046944,
                0.514218169322105
            ],
            "median": [
                0.659870267187972,
                0.424004782091894,
                0.648740952318349,
                1.29502254521275,
                -0.846670444138209,
                1.28844421095015,
                0.525505583032783,
                -2.87944022014665,
                0.518653703219586
            ],
            "SE": [
                0.289590918152131,
                0.432081852287448,
                0.317696371598875,
                0.314328599051578,
                0.279114131742425,
                0.309467169668001,
                0.291745745998553,
                0.333753856939359,
                0.302371268044794
            ]
        },
        {
            "mean": [
                0.441954670290129,
                0.0385953801014346,
                0.395384928418929,
                0.306727501996759,
                -1.50928653327506,
                2.13323078224854,
                -1.68716082483721,
                -6.22047835673797,
                -1.9206599199226
            ],
            "median": [
                0.445479150822416,
                0.0436274422872285,
                0.392203539760702,
                0.310677515751317,
                -1.51306376781079,
                2.13219136094601,
                -1.68925421036304,
                -6.23148020909017,
                -1.9202864076434
            ],
            "SE": [
                0.278598462343368,
                0.452443011499676,
                0.28855483682158,
                0.300536821633923,
                0.298487728154431,
                0.292583933239997,
                0.303545613420159,
                0.328110847755512,
                0.285033617084642
            ]
        },
        {
            "mean": [
                -0.470342659006265,
                -0.749948066731822,
                1.82758862573433,
                3.65155510766739,
                -1.33511564288013,
                -1.36918954186343,
                2.18341738430395,
                -2.3749802399099,
                0.739185717053467
            ],
            "median": [
                -0.473948058185523,
                -0.745850778863358,
                1.82659990109042,
                3.65173186548047,
                -1.33150107931287,
                -1.36623474108235,
                2.18169121642598,
                -2.36771919389479,
                0.742350374223113
            ],
            "SE": [
                0.274752360030085,
                0.437126921293115,
                0.286505129390547,
                0.292670778929394,
                0.294464853121051,
                0.286396820221946,
                0.303699928175472,
                0.321568703997006,
                0.288232623822781
            ]
        },
        {
            "mean": [
                -0.681520467513052,
                0.265880689734942,
                -0.710311421283874,
                -0.673002457841693,
                -2.01825577210304,
                -0.656506260315126,
                1.06816010559538,
                -1.61220709167478,
                1.07020760767293
            ],
            "median": [
                -0.683091110973639,
                0.26695272070939,
                -0.714601242711868,
                -0.669295525701066,
                -2.01930083976745,
                -0.666723745481353,
                1.06912687016104,
                -1.62143329944236,
                1.07080234277526
            ],
            "SE": [
                0.294003715867788,
                0.418361601147761,
                0.303192618836586,
                0.316308025435167,
                0.284462597790935,
                0.296868800134987,
                0.310815605915183,
                0.323269109912143,
                0.301255279849027
            ]
        },
        {
            "mean": [
                -0.572195676164016,
                -0.961890439340324,
                0.52272048952045,
                -1.14445169112031,
                -1.92914377540562,
                -0.547626125442065,
                1.7003121589116,
                -2.03726723699562,
                0.0942136030283261
            ],
            "median": [
                -0.576112096231058,
                -0.973108841279628,
                0.518641561844522,
                -1.15018929442031,
                -1.93105889805705,
                -0.556035401532572,
                1.70317841687685,
                -2.03808693108726,
                0.0947240914323523
            ],