{
    "uid": "635d7182-1f70-456c-9cb4-ec1fb8daca1d",
    "scenario_uid": "b56e398eaedbdad34cec9e8a634c0fba",
    "iteration_uid": "c4c7d64d67242df121750172da0b50b2",
    "PD_subj": [
        {
            "mean": [
                -0.348922968539289,
                0.830212880163956,
                -0.0504840101798583,
                -0.196455253135729,
                -0.68189221935443,
                -0.863289066434922,
                -0.253477022726976,
                -1.69967102245219,
                2.7090284095037
            ],
            "median": [
                -0.348192037539023,
                0.819792547621591,
                -0.0494267940234958,
                -0.197027833046067,
                -0.684900543645631,
                -0.86361641700224,
                -0.256166610624115,
                -1.70422065871147,
                2.69836181131592
            ],
            "SE": [
                0.277951546444641,
                0.355230130406615,
                0.283454520527322,
                0.273551477166642,
                0.339418771788802,
                0.292415227339801,
                0.267511697312892,
                0.411350146784973,
                0.290269997743422
            ]
        },
        {
            "mean": [
                -0.146907459377394,
                0.543990994386657,
                -0.163383505621749,
                3.08617247109999,
                -1.20444195752053,
                3.09693278025088,
                2.33636168757817,
                -2.7340805576454,
                2.36208229567832
            ],
            "median": [
                -0.150193311218807,
                0.54926118001112,
                -0.158878711622755,
                3.08032913568805,
                -1.21231764708643,
                3.09511873958265,
                2.33434756063716,
                -2.73456959203626,
                2.36597830596128
            ],
            "SE": [
                0.288636330565323,
                0.356984465890888,
                0.315085975038598,
                0.288185206905135,
                0.330772629204775,
                0.318555680874954,
                0.289042768864157,
                0.40294076464579,
                0.305998244752302
            ]
        },
        {
            "mean": [
                0.0198793395835684,
                -2.04098356706501,
                -1.0916532639315,
                0.189771081257322,
                -2.58630897317388,
                0.662243300013302,
                -0.34469183724123,
                -2.63460752827114,
                0.43931819891351
            ],
            "median": [
                0.0412357028919769,
                -2.04108880166558,
                -1.13082135277079,
                0.191773749874355,
                -2.58856573769491,
                0.665070338461449,
                -0.353838165960076,
                -2.62974398149144,
                0.463130240173593
            ],
            "SE": [
                0.355923058753704,
                0.348622007086817,
                0.38206252208238,
                0.294016015970828,
                0.342776829106942,
                0.315805389707861,
                0.311925635039435,
                0.400723054418275,
                0.340472476889552
            ]
        },
        {
            "mean": [
                0.0271784470480347,
                -0.809901307236677,
                -0.00306482795776321,
                3.09944853162369,
                -2.85010328311669,
                3.10156614078923,
                0.341792391287599,
                0.0126932908290988,
                0.353887136695261
            ],
            "median": [
                0.0258775666973758,
                -0.807577780969997,
                -0.00823978502076895,
                3.09908100051124,
                -2.84928277753951,
                3.09960392082936,
                0.340583715382591,
                0.0121557630670804,
                0.356522955482054
            ],
            "SE": [
                0.300345830368533,
                0.347411495916897,
                0.302111340528639,
                0.295109934992252,
                0.343493974464916,
                0.298420320266969,
                0.295035053377011,
                0.418527860351673,
                0.291148442066266
            ]
        },
        {
            "mean": [
                -1.76619453770363,
                -2.78182691679418,
                4.78132615429701,
                2.28609524491845,
                -1.4236050206701,
                0.0872905047840996,
                1.86607977372833,
                -1.81381612769306,
                0.71093194439143
            ],
            "median": [
                -1.75922387720118,
                -2.77695595127543,
                4.77851063540334,
                2.28946802924271,
                -1.41823413560601,
                0.0878895202824973,
                1.86365483103131,
                -1.82059385605505,
                0.711758649086335
            ],
            "SE": [
                0.274551503504294,
                0.362890564367108,
                0.291663837707489,
                0.279826580888777,
                0.338769575354296,
                0.292261525302744,
                0.272746255924378,
                0.401432090871011,
                0.291951280982664
            ]
        },
        {
            "mean": [
                1.37855530690751,
                -0.441202787724523,
                1.3616397021552,
                0.238287196995271,
                0.397974597493957,
                0.235194157363546,
                1.22696098569219,
                -1.20628565574305,
                1.21575128712498
            ],
            "median": [
                1.3756963268238,
                -0.441208491977429,
                1.36318811205601,
                0.235394348259201,
                0.402487277376578,
                0.237360480295397,
                1.22257491889909,
                -1.20934042374862,
                1.22018212676003
            ],
            "SE": [
                0.293452062563159,
                0.357146516121348,
                0.315718652040014,
                0.295003109606349,
                0.342373654728054,
                0.312386610900903,
                0.282723433322364,
                0.408242508990662,
                0.310874024341942
            ]
        },
        {
            "mean": [
                -1.27344928318508,
                -1.20003035249205,
                1.88223276723987,
                -0.280733916122748,
                -0.0789019913813935,
                -0.344076266661062,
                0.544336856990941,
                0.919786529661958,
                -1.0333458745685
            ],
            "median": [
                -1.27951139288735,
                -1.20125621907538,
                1.87181729542689,
                -0.356584844044475,
                -0.0584470429109511,
                -0.340988154455913,
                0.184495322548884,
                1.15558372335356,
                -1.02961437694488
            ],