{
    "uid": "5ab091ad-36b0-4a24-b895-0f2734ad8548",
    "scenario_uid": "b56e398eaedbdad34cec9e8a634c0fba",
    "iteration_uid": "c68cb596e2762b5537cd4f23edc5692a",
    "PD_subj": [
        {
            "mean": [
                1.10017873381847,
                -2.01068155826773,
                2.99740188763407,
                1.4868624442424,
                -0.957814396785984,
                -2.0651791283161,
                -1.67409566748136,
                -2.90963286197713,
                1.23139176967318
            ],
            "median": [
                1.10670229036383,
                -2.0143583961389,
                2.99721265669529,
                1.48382012518005,
                -0.947928952401282,
                -2.07715632442112,
                -1.67856959499824,
                -2.91399870124199,
                1.23212175725486
            ],
            "SE": [
                0.288126316100073,
                0.307466724094109,
                0.288453794700401,
                0.292946007921979,
                0.356634475189792,
                0.295274493859899,
                0.299059060428815,
                0.316415524277078,
                0.298344391457531
            ]
        },
        {
            "mean": [
                -0.178535003957068,
                -0.961188384722702,
                2.53858797716578,
                -0.551354499589872,
                -0.56990949511998,
                1.43210735797071,
                3.8911968666238,
                -0.861428199493568,
                -0.478421317068031
            ],
            "median": [
                -0.171276434457698,
                -0.955549309282537,
                2.5389025643313,
                -0.555613199404782,
                -0.569824005097645,
                1.42703998232656,
                3.88544829347111,
                -0.865323090965387,
                -0.481741149344779
            ],
            "SE": [
                0.294301493191177,
                0.300005752757477,
                0.281414730442951,
                0.294343063057588,
                0.356065617388887,
                0.293321298757804,
                0.30398446961753,
                0.31040584522353,
                0.304650235853334
            ]
        },
        {
            "mean": [
                -1.37945770715496,
                -2.5237102899709,
                0.807599584185278,
                0.867090285087112,
                -0.045065294101268,
                -0.910031139836761,
                0.659288928378526,
                -2.39421344762657,
                -1.18539854998289
            ],
            "median": [
                -1.38073293808724,
                -2.53271301030336,
                0.811116423695866,
                0.876974003374541,
                -0.0447872605449406,
                -0.901481408945228,
                0.654539611071443,
                -2.4016106385567,
                -1.18101008334621
            ],
            "SE": [
                0.287661935021985,
                0.294638095975469,
                0.284544203262847,
                0.295326076485876,
                0.361200367983558,
                0.293859887780162,
                0.294425982810643,
                0.309764973410611,
                0.301624021506607
            ]
        },
        {
            "mean": [
                -0.539855753992622,
                1.36155236296688,
                2.5302681533732,
                0.251392867449285,
                2.97519474818931,
                0.872680800631199,
                -0.00818464264601938,
                0.276220993042326,
                -0.997315867866366
            ],
            "median": [
                -0.537615384776219,
                1.37049743926296,
                2.5331560766605,
                0.253606086842875,
                2.97944985495517,
                0.865948731214861,
                -0.0143081163315531,
                0.278600564879384,
                -1.00116396508147
            ],
            "SE": [
                0.286329120078303,
                0.300132763068164,
                0.282092057030294,
                0.294918653081188,
                0.364174375998023,
                0.302675617313129,
                0.291111657395498,
                0.299703002909918,
                0.300633150365821
            ]
        },
        {
            "mean": [
                -1.26637624738629,
                -0.987864209995776,
                2.00492663253909,
                1.13723657427622,
                1.56253873965285,
                0.257990389723138,
                1.06101801630494,
                -1.08121173037747,
                -2.38246494608697
            ],
            "median": [
                -1.26694229746077,
                -0.975165083099974,
                1.99926813216744,
                1.14462142428485,
                1.56130030952461,
                0.250939662883903,
                1.06226052200023,
                -1.08823497243774,
                -2.38514098388162
            ],
            "SE": [
                0.292805225501715,
                0.306198613705509,
                0.282815111929315,
                0.292154227244604,
                0.361477097815894,
                0.296474522766844,
                0.307383796538954,
                0.309529001802653,
                0.296517416289406
            ]
        },
        {
            "mean": [
                -1.25225852579719,
                -0.974399516489737,
                1.39609955259247,
                0.822096595359136,
                -1.07394753705085,
                -0.00449021744764322,
                2.9822507938007,
                1.10593854911995,
                -0.234824043337184
            ],
            "median": [
                -1.24401484946679,
                -0.965845781780504,
                1.5493339669772,
                0.825677799323974,
                -1.07977928667696,
                0.0139312799037077,
                2.98138281594218,
                1.10967017439713,
                -0.302628920493114
            ],
            "SE": [
                0.289045315115301,
                0.312459163555071,
                0.773773970360054,
                0.295070851221329,
                0.365262309732839,
                0.517444083888658,
                0.305640879148479,
                0.298638640472048,
                0.668678140770181
            ]
        },
        {
            "mean": [
                -0.353530532113263,
                -1.6025702310121,
                0.787673416316452,
                -0.767831676441897,
                -4.54695355131359,
                -0.896759998311163,
                -1.36241049085259,
                -3.7777973183298,
                0.173066462682767
            ],
            "median": [
                -0.354355780613482,
                -1.60172108954657,
                0.783813432021363,
                -0.765607255190498,
                -4.55674787511349,
                -0.893294512737906,
                -1.3623575412371,
                -3.77758526566469,
                0.17877909415393
            ],