{
    "uid": "fa928207-89cf-468c-9278-c6a47a9e85a9",
    "scenario_uid": "b56e398eaedbdad34cec9e8a634c0fba",
    "iteration_uid": "c68ddfc031fd9dde5ef2e418626a8a98",
    "PD_subj": [
        {
            "mean": [
                -1.87285704093538,
                -0.622358099517278,
                -0.352116307831654,
                2.98976180487428,
                -1.66655694574902,
                0.160165898304279,
                0.74759571562468,
                -1.46957599062471,
                -1.46840639885845
            ],
            "median": [
                -1.86208952797184,
                -0.622358567231,
                -0.353529544407686,
                2.98402734174402,
                -1.67446509029359,
                0.152936881605413,
                0.744612209995638,
                -1.48206598114825,
                -1.46961915984138
            ],
            "SE": [
                0.308061813298063,
                0.342133447744591,
                0.29475774442504,
                0.302531514528338,
                0.333539395396981,
                0.28678748995621,
                0.306451027196048,
                0.642087389285136,
                0.279460288328496
            ]
        },
        {
            "mean": [
                -0.256413546275528,
                1.11648352824543,
                1.77603055872406,
                -1.72863561536352,
                -1.59881517917951,
                1.25145796751067,
                1.13675701270245,
                -2.26771244916511,
                -0.0929527859930779
            ],
            "median": [
                -0.263030801387312,
                1.11067609943756,
                1.77391809790986,
                -1.72278894855961,
                -1.60108393125738,
                1.25574570020751,
                1.1296312262978,
                -2.28515873220891,
                -0.097843127561033
            ],
            "SE": [
                0.307831113782931,
                0.347601622690184,
                0.286485872886655,
                0.306106378747164,
                0.313251942812241,
                0.282991418519142,
                0.304355234408493,
                0.654442645959279,
                0.286327371331018
            ]
        },
        {
            "mean": [
                1.07891263114598,
                -1.02820499907684,
                -1.6950755728966,
                1.6071757448713,
                0.309585452805413,
                0.143971683703055,
                2.20338683055682,
                0.474839305711107,
                0.4470030802674
            ],
            "median": [
                1.07323931537589,
                -0.992474292371692,
                -1.76486150184855,
                1.59508455003698,
                0.370977965924956,
                0.142310329352282,
                2.20792722929867,
                0.541400977383589,
                0.45595432507844
            ],
            "SE": [
                0.314246746603382,
                0.501164915756219,
                0.464393596263213,
                0.307756104759771,
                0.485578041727224,
                0.305413185967719,
                0.304525111529029,
                0.856742664567533,
                0.317318026012119
            ]
        },
        {
            "mean": [
                -1.72017093804864,
                -1.47828265732513,
                -0.127500549966843,
                0.157117558490006,
                0.885964236863904,
                -1.1981969990547,
                2.00224999349044,
                -2.76981299223753,
                -0.29445159304156
            ],
            "median": [
                -1.71384566016061,
                -1.47953184590471,
                -0.119418005542149,
                0.156249484055256,
                0.885529135925577,
                -1.19571833670244,
                2.00408645516606,
                -2.77824245021808,
                -0.288356427734381
            ],
            "SE": [
                0.313423581513772,
                0.340780255468093,
                0.29769441351137,
                0.294672247213058,
                0.312775457504847,
                0.276678081739668,
                0.302603151977405,
                0.658565482499263,
                0.269670739279697
            ]
        },
        {
            "mean": [
                -1.51193437136362,
                -0.104040161894085,
                1.10348122796264,
                0.0600060132336011,
                -0.354610348378393,
                -0.482370820403035,
                0.679475052512965,
                -3.03399282940434,
                -0.366978958836177
            ],
            "median": [
                -1.50893156191235,
                -0.114168157940575,
                1.10909031386955,
                0.0553836201655025,
                -0.350650535942703,
                -0.485099374862296,
                0.675560320245865,
                -3.04002530711494,
                -0.368729879546858
            ],
            "SE": [
                0.309379148765133,
                0.346107897376349,
                0.299376537437602,
                0.291628977642823,
                0.305524000154821,
                0.29017558386129,
                0.298564201575704,
                0.654545216022537,
                0.275942761530961
            ]
        },
        {
            "mean": [
                -0.151827107819475,
                0.56001026634781,
                1.59953713564989,
                1.08693486346234,
                -1.17187661932886,
                1.46833908785179,
                1.90376917269307,
                -4.39723310157494,
                -1.49454788278282
            ],
            "median": [
                -0.153292515458115,
                0.560828373589617,
                1.60213313349896,
                1.08817644194922,
                -1.17896285651797,
                1.46318569199066,
                1.90099500498652,
                -4.40563618588461,
                -1.49333208822493
            ],
            "SE": [
                0.308314319270407,
                0.346031129496263,
                0.299020884211221,
                0.306298934043239,
                0.305006346519189,
                0.281012028556163,
                0.302539640010332,
                0.653178818148568,
                0.284528376828784
            ]
        },
        {
            "mean": [
                1.63225168227804,
                -1.01865525415263,
                1.65798277160566,
                0.596290182985563,
                -1.48123753575673,
                0.589206210951154,
                1.25907268507496,
                -0.669844647427987,
                1.27673695731767
            ],
            "median": [
                1.63100194854142,
                -1.01644183959311,
                1.65206049881203,
                0.594761861744493,
                -1.48516083454446,
                0.588223647091347,
                1.26740016377004,
                -0.680082115581938,
                1.28068274092726
            ],