{
    "uid": "eaad4f37-c93e-480d-84cc-078036c93e1c",
    "scenario_uid": "b56e398eaedbdad34cec9e8a634c0fba",
    "iteration_uid": "c7d3319768fb43e7659275c579076abf",
    "PD_subj": [
        {
            "mean": [
                -2.0787087142164,
                -2.10364904358113,
                -0.521182982007389,
                -1.2055775911854,
                -1.06910329573171,
                0.623041532551835,
                -1.09435807529578,
                -0.841607330554374,
                -0.535904387399322
            ],
            "median": [
                -2.09294369711257,
                -2.10805812216572,
                -0.52061307148643,
                -1.26752322740707,
                -1.01121839967373,
                0.624921744134779,
                -1.3267644231644,
                -0.615820106129724,
                -0.526394838233392
            ],
            "SE": [
                0.336789985931067,
                0.297493531419341,
                0.301204274290541,
                0.542525271920781,
                0.489514486568441,
                0.277090467643496,
                0.701499999010426,
                0.681237363277538,
                0.281469122522291
            ]
        },
        {
            "mean": [
                -0.662172292450645,
                -0.641020190468879,
                -0.818097342023581,
                -0.0810928625381758,
                1.07104411993275,
                0.922397909168088,
                1.68495734947227,
                -0.66964583247246,
                -1.05319389652607
            ],
            "median": [
                -0.659160276450954,
                -0.611414696233208,
                -0.842926085968618,
                -0.0858773893213621,
                1.09075845853697,
                0.908472255884919,
                1.67940438701674,
                -0.475133740505775,
                -1.24675149596726
            ],
            "SE": [
                0.314339589506552,
                0.397008558870659,
                0.399057749624105,
                0.301096731503018,
                0.375622834943868,
                0.350554461298575,
                0.297453222369529,
                0.613443187575642,
                0.603169904992618
            ]
        },
        {
            "mean": [
                -1.92989478579348,
                0.0130388953919962,
                3.82869719908346,
                2.52538562855205,
                -1.54730860160413,
                -0.0546081758983852,
                -0.266020836961332,
                -1.92097568692923,
                0.399797909449989
            ],
            "median": [
                -1.93571465813123,
                0.0130975308264993,
                3.82405466601913,
                2.52310401147994,
                -1.54728396713836,
                -0.0433891077227909,
                -0.260929587088632,
                -1.91507716538621,
                0.392248671249119
            ],
            "SE": [
                0.3043725643981,
                0.299037719980762,
                0.30675514197925,
                0.30500648496751,
                0.309252568174069,
                0.286798377525905,
                0.285347960915187,
                0.292749960036226,
                0.292140680641635
            ]
        },
        {
            "mean": [
                0.0488229711608687,
                0.0690447039868972,
                0.464815891263636,
                3.50023261797822,
                -1.87311047466799,
                1.19782038515467,
                1.66216552061621,
                -1.62489281062286,
                -1.32736697875764
            ],
            "median": [
                0.0478881394527897,
                0.0663385133087699,
                0.467651798766782,
                3.5060610140294,
                -1.87501935667575,
                1.20791016585089,
                1.66406868287712,
                -1.63165334434218,
                -1.32838116877877
            ],
            "SE": [
                0.30537223375784,
                0.293458496615382,
                0.297261715183424,
                0.309739021245688,
                0.305278421097098,
                0.289726891203118,
                0.303625824295303,
                0.304786548778295,
                0.283558560020938
            ]
        },
        {
            "mean": [
                0.63054573709378,
                -0.812249854920751,
                0.996291881227953,
                1.09555111340733,
                -0.298732932737093,
                -0.0301461564755997,
                -1.98159574727375,
                -2.32035665208918,
                -0.013220208406528
            ],
            "median": [
                0.629076993448281,
                -0.811150297699605,
                0.993525137907107,
                1.09957192537283,
                -0.300347315649116,
                -0.0277195931919775,
                -1.98612507823992,
                -2.31371197532768,
                -0.010741393390583
            ],
            "SE": [
                0.305371364475837,
                0.298869875082424,
                0.293331478994332,
                0.306317820989671,
                0.320191241658792,
                0.28390807032789,
                0.299385437848765,
                0.304048330471487,
                0.285240325743794
            ]
        },
        {
            "mean": [
                -0.742069181153645,
                -0.937903477353042,
                0.529466865113071,
                -0.606364153095371,
                -0.963131348803309,
                0.898154404030194,
                0.855443101352178,
                0.792584122906283,
                -1.8627119623859
            ],
            "median": [
                -0.860789122755756,
                -1.04975315643123,
                0.528405940172917,
                -1.10907320967124,
                -1.28450494559436,
                0.894957539939634,
                1.40055413647768,
                1.38524104883377,
                -1.87634116157109
            ],
            "SE": [
                0.773323454164813,
                0.868625950899907,
                0.300821502116977,
                1.17762368779044,
                0.970427746909713,
                0.287164446551444,
                1.33141272444749,
                1.38525618426733,
                0.324179920880943
            ]
        },
        {
            "mean": [
                2.39833095961425,
                -1.65678401928185,
                -0.96093631077487,
                0.383124369197853,
                1.0076290872663,
                0.110726627538593,
                3.36750247243231,
                -1.45184553773764,
                1.18290694322829
            ],
            "median": [
                2.39929149359256,
                -1.6539393859149,
                -0.953354387321021,
                0.384895902502392,
                1.006226124436,
                0.109229530549089,
                3.36539052598965,
                -1.45111875848666,
                1.18222145483859
            ],