{
    "uid": "36ce00fb-50f4-4884-8d9b-6827afa2ab3f",
    "scenario_uid": "b56e398eaedbdad34cec9e8a634c0fba",
    "iteration_uid": "c9398cfd759a70ed0825489883493e6d",
    "PD_subj": [
        {
            "mean": [
                -0.487678650786972,
                0.651831489196533,
                1.26933376035776,
                1.65796026511037,
                -3.11708428767109,
                1.22501825172931,
                -1.90228134278562,
                -1.34311939362593,
                -0.287558459326514
            ],
            "median": [
                -0.493498062155942,
                0.644520727239378,
                1.26889732526121,
                1.66744026270301,
                -3.12272415799376,
                1.22444202718535,
                -1.90437620173423,
                -1.33394377187708,
                -0.294078987318965
            ],
            "SE": [
                0.293249430129359,
                0.385699481278995,
                0.28119579396888,
                0.299178105278386,
                0.37683076213634,
                0.283948160587138,
                0.30494199645423,
                0.810854038234672,
                0.257307999122035
            ]
        },
        {
            "mean": [
                0.347860435264475,
                0.371763880885069,
                -0.561032927809394,
                1.57247902963501,
                1.53658194282027,
                2.20291230939689,
                0.946962163930014,
                0.453683791964081,
                -0.0131795359817117
            ],
            "median": [
                0.502945743175248,
                0.372178055784358,
                -0.71898978170391,
                1.47215512644946,
                1.52767644463382,
                2.28907417358016,
                1.2569461055293,
                0.400873584299823,
                -0.20477872272769
            ],
            "SE": [
                0.60541932301526,
                0.40249617652694,
                0.582342362898611,
                0.479065966472465,
                0.389778374410996,
                0.459708503750291,
                0.800573445087372,
                0.973545595671276,
                0.645034715626914
            ]
        },
        {
            "mean": [
                -1.65237273218615,
                -0.611706234905867,
                -1.63753545751362,
                1.73776192775886,
                -0.630555355280742,
                0.0824426627259317,
                0.486123967916752,
                -1.36906444496907,
                0.28802007071129
            ],
            "median": [
                -1.64562500926602,
                -0.606568087768806,
                -1.63329301419429,
                1.73878554303761,
                -0.640857778209619,
                0.0855261257490174,
                0.470896395796257,
                -1.3654523842391,
                0.290399765764983
            ],
            "SE": [
                0.28814648617075,
                0.371974517948677,
                0.274390852142346,
                0.292713047096123,
                0.390628675360371,
                0.275506146849546,
                0.29971416388891,
                0.788791190106674,
                0.258160194531258
            ]
        },
        {
            "mean": [
                0.75725737385632,
                -2.0310958929944,
                0.64437850462336,
                1.37438991489466,
                -2.3665816593961,
                1.33519695113487,
                -0.442057003631534,
                -0.814678741172343,
                -0.448051812700298
            ],
            "median": [
                0.782511656392441,
                -2.02940870338113,
                0.592440587288208,
                1.37051261459519,
                -2.35965614445194,
                1.33692538360902,
                -0.455711811276274,
                -0.809554763338687,
                -0.449979682078833
            ],
            "SE": [
                0.501206748275914,
                0.378104300274584,
                0.467089345497184,
                0.330421845084263,
                0.38047616276583,
                0.298122263039077,
                0.376573586026214,
                0.806957827130012,
                0.265302761749439
            ]
        },
        {
            "mean": [
                2.04479568385596,
                -0.0429080003501517,
                0.2698262796333,
                1.40094706931095,
                -0.574785564509417,
                0.526624318856135,
                2.78671196046342,
                -1.36351277924994,
                -1.0363869594262
            ],
            "median": [
                2.04481789319704,
                -0.0465033757723911,
                0.273428537274497,
                1.39481720298494,
                -0.601152439520646,
                0.562355214248131,
                2.79505178101414,
                -1.3639220266859,
                -1.03226494543183
            ],
            "SE": [
                0.29818632844875,
                0.383329377162486,
                0.282262222582875,
                0.294109065139468,
                0.445573872272984,
                0.353871352927311,
                0.304062271270255,
                0.827095666797314,
                0.261862412005003
            ]
        },
        {
            "mean": [
                0.886535740941655,
                -0.881514318814096,
                -0.0640185162805578,
                -1.34323980242959,
                -0.604339894162536,
                -1.10143126492261,
                1.07136172794327,
                1.17721165836517,
                -0.492677332910867
            ],
            "median": [
                0.883558430890741,
                -0.871129185886452,
                -0.0658325732423851,
                -1.34143511145017,
                -0.610758174292196,
                -1.11208619784339,
                1.06356568699869,
                1.19122927330487,
                -0.490432051879972
            ],
            "SE": [
                0.287853314855025,
                0.376472631525156,
                0.278853654238994,
                0.285489595826204,
                0.377061823105298,
                0.284778113071403,
                0.307309033753894,
                0.810256029449463,
                0.255665538244727
            ]
        },
        {
            "mean": [
                -1.33163536579701,
                -0.104052760671594,
                0.126142182926037,
                -1.98337642327831,
                -0.605223415253063,
                -0.169327628819909,
                2.36021294842042,
                1.00613762014138,
                -1.29117803952275
            ],
            "median": [
                -1.337462655067,
                -0.102977693899224,
                0.120616931799056,
                -1.97171812644243,
                -0.6112756380072,
                -0.17191822817247,
                2.35686277077634,
                1.05973200564339,
                -1.29011717995267
            ],