{
    "uid": "55db0d74-0756-477f-b0fa-ef882db2e74c",
    "scenario_uid": "b56e398eaedbdad34cec9e8a634c0fba",
    "iteration_uid": "c953ce897bd5c0467bd850bafb82ec93",
    "PD_subj": [
        {
            "mean": [
                -1.32649073778503,
                0.61447147323932,
                0.385520690228537,
                3.11054030640602,
                -1.56061403453133,
                -1.28787642330898,
                -0.193244221448537,
                -1.15590946997006,
                -1.0855363888623
            ],
            "median": [
                -1.32864498817372,
                0.646776506670582,
                0.32576764317398,
                3.11331939401284,
                -1.5642736724205,
                -1.35483344135716,
                -0.197068838386013,
                -1.13645513616673,
                -1.16439921281728
            ],
            "SE": [
                0.271962713565151,
                0.433119685900447,
                0.588855676508233,
                0.300786857014701,
                0.31866964359565,
                0.976778068383123,
                0.279303846772994,
                0.37910233331201,
                0.812325237761788
            ]
        },
        {
            "mean": [
                -0.621445422324235,
                -2.73872010390752,
                -1.17975294821848,
                0.409580135900088,
                -0.567942011282261,
                3.25880485497581,
                -0.474217088815291,
                2.50324215510562,
                -1.25462517704356
            ],
            "median": [
                -0.618303215559447,
                -2.73679604512542,
                -1.18393744324126,
                0.409650570753093,
                -0.565007649203844,
                3.26733734549344,
                -0.470481795457367,
                2.50437498577916,
                -1.24415524296752
            ],
            "SE": [
                0.287582721445593,
                0.310246615497382,
                0.338097670951422,
                0.296675342500554,
                0.301981723973678,
                0.75326178276988,
                0.28684298481042,
                0.309742015778666,
                0.526447984956424
            ]
        },
        {
            "mean": [
                0.380952810515756,
                -1.0186093553759,
                2.19388201510039,
                0.961123484419571,
                -1.49365029254343,
                -1.58230507456956,
                1.26382948388707,
                -1.05009673977268,
                0.129594637662965
            ],
            "median": [
                0.381635438954465,
                -1.01621748670791,
                2.18338260694115,
                0.952336706872983,
                -1.49590105377857,
                -1.56654179222735,
                1.26872210699039,
                -1.04947489568462,
                0.137138371003706
            ],
            "SE": [
                0.286709415726384,
                0.307913840308653,
                0.338532437014951,
                0.304267590638338,
                0.297221611487679,
                0.781523532011513,
                0.288645163342362,
                0.318950062177318,
                0.53599888669771
            ]
        },
        {
            "mean": [
                -1.29664880578356,
                -1.37150244992744,
                0.671119794745824,
                0.940065187642553,
                0.652574003372058,
                -3.25384426754182,
                -0.519360398223892,
                -0.623631047094588,
                1.5840340628586
            ],
            "median": [
                -1.31462425112276,
                -1.34724886740283,
                0.672974900345741,
                0.93674697154941,
                0.811631753483775,
                -3.24673985898299,
                -0.540621274683443,
                -0.610761530826404,
                1.57529471863487
            ],
            "SE": [
                0.331790536086163,
                0.369885270331006,
                0.339883411295529,
                0.32448508081657,
                0.665803798346536,
                0.801095876385296,
                0.353399127254915,
                0.404179822364339,
                0.525300686471053
            ]
        },
        {
            "mean": [
                -0.303794126557652,
                -1.47978276749146,
                2.71408499563777,
                3.67610691254505,
                -0.518290946181398,
                0.702399448414485,
                1.61309735601481,
                -0.739777657169174,
                -1.07523714510566
            ],
            "median": [
                -0.299553195732118,
                -1.48672492960656,
                2.70638018129144,
                3.66945039963603,
                -0.518260281442522,
                0.705468471697962,
                1.6199901533878,
                -0.727125678194683,
                -1.06753252737157
            ],
            "SE": [
                0.286307306166301,
                0.471906457916,
                0.340742240754345,
                0.305851424434614,
                0.603489851495722,
                0.786166775078715,
                0.277029559467556,
                0.602025789226134,
                0.543826771062427
            ]
        },
        {
            "mean": [
                1.26403354755047,
                -2.57407683185549,
                0.177604676822672,
                0.0562240907909485,
                0.500391968797557,
                -3.22377602938917,
                -0.367736427178689,
                -2.39794259393842,
                0.639950456821241
            ],
            "median": [
                1.2625651320743,
                -2.57236813986141,
                0.163819109714328,
                0.05953795254793,
                0.502125594253007,
                -3.23131890582088,
                -0.363265682165267,
                -2.39472567622746,
                0.638071502432492
            ],
            "SE": [
                0.280560928242149,
                0.312265168575215,
                0.350048565965787,
                0.2964281291443,
                0.309864609870127,
                0.782096876093934,
                0.287386006379952,
                0.306621695404443,
                0.543967569821373
            ]
        },
        {
            "mean": [
                -2.32760160446477,
                -1.336253782271,
                1.57691966266838,
                2.06828541399138,
                -4.14924228980535,
                1.12055518507797,
                -0.632751234949147,
                -1.55780689072034,
                1.63577713585642
            ],
            "median": [
                -2.33694955471866,
                -1.34549424350849,
                1.57132463622175,
                2.058555782253,
                -4.15012878443377,
                1.11539624006532,
                -0.628942160651473,
                -1.55429727329037,
                1.63912441406826
            ],