{
    "uid": "f3bee182-0170-4388-95e4-18ed473c1d77",
    "scenario_uid": "b56e398eaedbdad34cec9e8a634c0fba",
    "iteration_uid": "ce14ced4ba9b407e1314bfdc0234d4d1",
    "PD_subj": [
        {
            "mean": [
                0.964590142856636,
                0.220626643134705,
                -0.786560657502081,
                2.541033050723,
                -2.90957979334211,
                -0.290425375625653,
                0.0638302238860591,
                -2.23955804454393,
                0.898164961946595
            ],
            "median": [
                0.957683297211742,
                0.222047304235695,
                -0.788517737316411,
                2.54553950289744,
                -2.91057906966935,
                -0.28986853016166,
                0.0627540512673947,
                -2.24924312490562,
                0.902315208211474
            ],
            "SE": [
                0.291751631285616,
                0.286941002530444,
                0.297940299603967,
                0.295759291258224,
                0.314855808580267,
                0.303450220342592,
                0.299945421694108,
                0.305071996979432,
                0.312922810431403
            ]
        },
        {
            "mean": [
                -2.56260801788302,
                0.301158167784618,
                -0.527856292663353,
                -0.491924362506231,
                -2.9209478771483,
                -0.322424274673097,
                2.57604741307336,
                0.00738389077124509,
                -0.805792103102453
            ],
            "median": [
                -2.56461390133436,
                0.304343818490728,
                -0.492820632678435,
                -0.493134867712459,
                -2.95154608971788,
                -0.316867869505831,
                2.57056457059026,
                0.00577402935409302,
                -0.892769126628162
            ],
            "SE": [
                0.297406757484356,
                0.300479185547202,
                0.444294763613566,
                0.292016525905674,
                0.387842375458657,
                0.31167566770236,
                0.30236586842199,
                0.309528092088699,
                0.647692845045696
            ]
        },
        {
            "mean": [
                -1.35523932265048,
                -1.53867024328907,
                0.0199384631436366,
                -0.0900995034448961,
                -0.119918749323962,
                1.47920344219166,
                -0.337936234024558,
                -0.454197772364478,
                -0.120330716778054
            ],
            "median": [
                -1.22165178551272,
                -1.6803281823827,
                0.0186973715396851,
                -0.0959123826917022,
                -0.113801225847505,
                1.48976414664475,
                -0.297861736496195,
                -0.469754922603406,
                -0.126845576239617
            ],
            "SE": [
                0.618569260356834,
                0.618615531547467,
                0.311283163333506,
                0.307667059967571,
                0.354957379171454,
                0.331994969834244,
                0.451113932530766,
                0.458338416847198,
                0.313456064360496
            ]
        },
        {
            "mean": [
                -0.208965915837017,
                -0.372777521024535,
                1.87321993870662,
                2.57665794562045,
                -3.06193273233232,
                -3.82160968658974,
                1.53671847571337,
                -2.94359010833903,
                0.598943812656422
            ],
            "median": [
                -0.209335826229536,
                -0.367838416651504,
                1.86576823527091,
                2.5821696050973,
                -3.05939855397481,
                -3.8121429119776,
                1.52836764645216,
                -2.9478364205705,
                0.597744098465366
            ],
            "SE": [
                0.306636851090425,
                0.280742533685632,
                0.30032993145656,
                0.289082336798377,
                0.317139450135998,
                0.303675986710171,
                0.288204833750246,
                0.299023120995505,
                0.311940317364641
            ]
        },
        {
            "mean": [
                -1.70017051245038,
                -2.07079792620796,
                2.50226337981793,
                1.43307916303669,
                -1.42334641392579,
                -0.54639055535358,
                0.435333474517241,
                -2.3608561059573,
                2.23953978218488
            ],
            "median": [
                -1.69491040976264,
                -2.0687839153562,
                2.50215742019007,
                1.43570627757765,
                -1.4234193453516,
                -0.546280639218392,
                0.434892171073842,
                -2.36035303971741,
                2.24045327981331
            ],
            "SE": [
                0.28712512875987,
                0.282415935098671,
                0.305162042259813,
                0.294200037379867,
                0.3105233062256,
                0.299082654091691,
                0.291335917235891,
                0.299371157601129,
                0.305616316553771
            ]
        },
        {
            "mean": [
                -3.6193241056083,
                -0.880521252489956,
                2.60167933109332,
                -0.22471289096868,
                0.238133814692343,
                -0.113750780446241,
                0.13563106577468,
                -0.393202870109253,
                -3.58437207060074
            ],
            "median": [
                -3.61561804736024,
                -0.886742752897864,
                2.59937425345605,
                -0.228233098618109,
                0.232533464222984,
                -0.113891236561602,
                0.137575087110061,
                -0.38164659102294,
                -3.58488898299769
            ],
            "SE": [
                0.295057598761047,
                0.286044012837292,
                0.301751029545652,
                0.298389241602566,
                0.308931981325431,
                0.307068776603368,
                0.303015051574362,
                0.302858371950752,
                0.312985906096462
            ]
        },
        {
            "mean": [
                0.293675674338345,
                1.02638640884462,
                0.583987603606896,
                -0.0555101381249194,
                -0.482533324279752,
                0.43973841861673,
                -0.357841392676269,
                -2.83040939207239,
                -0.406046449799137
            ],
            "median": [
                0.215110956734366,
                1.03222653389769,
                0.644691416266551,
                -0.284259203819474,
                -0.485917773231694,
                0.655959191345739,
                -0.35667195518143,
                -2.8327959880143,
                -0.406713417746415
            ],