{
    "uid": "dbb9bbff-494e-4e14-8362-a4889665732c",
    "scenario_uid": "b56e398eaedbdad34cec9e8a634c0fba",
    "iteration_uid": "ce4e4a4dc86a7f486bb13d14aed57162",
    "PD_subj": [
        {
            "mean": [
                -0.929909994178526,
                -3.24985899300389,
                1.25900639568215,
                0.162592113417035,
                -0.550628126015366,
                -2.61092279890034,
                1.88526458658723,
                0.756180979846418,
                -0.488636105703127
            ],
            "median": [
                -0.930692184515664,
                -3.24371105271637,
                1.26010683121945,
                0.17063835842107,
                -0.558937371819028,
                -2.60642647583974,
                1.8865541399595,
                0.757610169801731,
                -0.494880287541171
            ],
            "SE": [
                0.299814112459248,
                0.30459936555223,
                0.274287875617293,
                0.297717843925714,
                0.31563993533159,
                0.307315945449008,
                0.277323336771084,
                0.291947647083478,
                0.301716390290335
            ]
        },
        {
            "mean": [
                -0.424093532538264,
                -0.992814666482654,
                -0.0219720979103024,
                -0.593444428691621,
                -0.900900321052644,
                -3.45994311958941,
                1.5740199367266,
                -0.241428312858596,
                0.971687701127766
            ],
            "median": [
                -0.419887449636619,
                -0.990543575301092,
                -0.0147509762022804,
                -0.591454426509844,
                -0.911771081244972,
                -3.46469996936746,
                1.57076323523978,
                -0.245584650248788,
                0.977649244012455
            ],
            "SE": [
                0.298825065512862,
                0.301885998596306,
                0.274817603410345,
                0.292446165317106,
                0.30450007605198,
                0.30606510666683,
                0.268891720132143,
                0.287752694538706,
                0.292909080949615
            ]
        },
        {
            "mean": [
                -1.43463334653079,
                -0.424937829220703,
                1.80560698811541,
                0.788169556207531,
                -3.49199255007541,
                -0.00343365191403322,
                1.71337988497332,
                -0.629404950061692,
                0.51063027803808
            ],
            "median": [
                -1.43634908146958,
                -0.431215976969311,
                1.80757586118656,
                0.783339356599192,
                -3.49019414677151,
                -0.0100815029283273,
                1.7243783165123,
                -0.623267727798496,
                0.506928741376056
            ],
            "SE": [
                0.301880633906274,
                0.292993093967258,
                0.278444458750251,
                0.298204647744262,
                0.310099912895312,
                0.30231395758143,
                0.27339666702457,
                0.294641724149334,
                0.3007560369418
            ]
        },
        {
            "mean": [
                -1.28976912674342,
                0.722728225666693,
                1.73978468298235,
                0.0461633845839375,
                -1.16551037981405,
                1.05149469164891,
                0.450042124649641,
                -0.492765647213844,
                1.58389119626556
            ],
            "median": [
                -1.28998176681857,
                0.731626140780546,
                1.73929266279398,
                0.0550449143607819,
                -1.16246011037583,
                1.04967276578596,
                0.454175765303454,
                -0.495963147429649,
                1.57455807334199
            ],
            "SE": [
                0.309110609930979,
                0.304494614387237,
                0.275063171626886,
                0.289504963533388,
                0.303951116213889,
                0.303037049504992,
                0.27814504725283,
                0.286906977798106,
                0.293038118372366
            ]
        },
        {
            "mean": [
                -1.37840510837511,
                -0.0235153083986455,
                0.180553174037066,
                0.422119642812036,
                -0.4794409430639,
                -0.650771915467365,
                2.41266685140759,
                0.538626003861009,
                0.159927664788124
            ],
            "median": [
                -1.38213571906462,
                -0.0737195391595885,
                0.212055413773225,
                0.421527961694502,
                -0.440497577596272,
                -0.705983886426415,
                2.41310971468303,
                0.75166994406664,
                -0.042842796496305
            ],
            "SE": [
                0.29087229169741,
                0.434479059408397,
                0.399317930693619,
                0.295336399177428,
                0.430481786126172,
                0.439559243482452,
                0.273521656471109,
                0.650245412109358,
                0.647101381287835
            ]
        },
        {
            "mean": [
                0.160923536287785,
                1.23552056684458,
                1.05496302178637,
                1.63173322398479,
                -3.84850342485488,
                -0.398532542554104,
                0.703164519576969,
                -0.688580583909135,
                0.534108759901616
            ],
            "median": [
                0.162152556540042,
                1.23075904460683,
                1.05592255479309,
                1.63961522906392,
                -3.84714134834403,
                -0.390814431128562,
                0.706700015975258,
                -0.690652913397978,
                0.532658336944359
            ],
            "SE": [
                0.300053952598422,
                0.308814643608335,
                0.282803499787779,
                0.298852085083129,
                0.302602305131112,
                0.300405726735914,
                0.279228108707181,
                0.288873018063584,
                0.306402455096492
            ]
        },
        {
            "mean": [
                0.148521898264598,
                -0.684341824769974,
                0.570915173122999,
                0.00313721674537039,
                1.83346275356955,
                0.0335251249124963,
                1.90149136336363,
                -0.59983568455362,
                0.608131475291387
            ],
            "median": [
                0.149544875184118,
                -0.681279258830652,
                0.569299623383083,
                0.00959091069555575,
                1.83832740391493,
                0.033232259548149,
                1.89602573325342,
                -0.602686454620847,
                0.610518077046886
            ],