{
    "uid": "4e5ddbc6-10af-4c08-95bd-2d4888ff5dc9",
    "scenario_uid": "b56e398eaedbdad34cec9e8a634c0fba",
    "iteration_uid": "ce6ecf320491eb537e1526ec6e4df823",
    "PD_subj": [
        {
            "mean": [
                -0.470783772938897,
                0.687380077416756,
                4.82978981315942,
                2.17187442433968,
                0.109304539401634,
                0.338411801533497,
                -0.00782386918618455,
                -1.32379434644896,
                -1.85905302272586
            ],
            "median": [
                -0.47603829677419,
                0.689967517104633,
                4.83040926246164,
                2.18065139675146,
                0.110419068742882,
                0.349177689435564,
                -0.0100161649676898,
                -1.32233545464168,
                -1.85667174568187
            ],
            "SE": [
                0.304559234450405,
                0.293659937352994,
                0.298982961779071,
                0.29808332006445,
                0.297177933697104,
                0.313561475819445,
                0.302934707044469,
                0.300750234761153,
                0.305154769965675
            ]
        },
        {
            "mean": [
                -1.40163749202116,
                0.68029720711476,
                -0.72053957504357,
                3.94707460498869,
                0.413604734440046,
                0.602210637676835,
                1.08300268975867,
                -2.2301075884144,
                -0.410151530832706
            ],
            "median": [
                -1.39946198044956,
                0.672807582450133,
                -0.718384143451318,
                3.94847678293503,
                0.410039063159199,
                0.599685017382704,
                1.07843704449794,
                -2.2315525339545,
                -0.401970172380157
            ],
            "SE": [
                0.296716778902074,
                0.286879744790229,
                0.308636469063075,
                0.30139498713225,
                0.301177749361224,
                0.310497717549135,
                0.302049629859257,
                0.289985714747525,
                0.303081977992106
            ]
        },
        {
            "mean": [
                -2.61323332263647,
                -1.47111963831659,
                -1.14089367023427,
                0.926191834724456,
                -1.96588368937456,
                -1.0754203833697,
                2.34972589599396,
                -2.09545226195533,
                0.663062080687781
            ],
            "median": [
                -2.60531290572957,
                -1.47480734257427,
                -1.14298520213238,
                0.932745471971607,
                -1.97651467472861,
                -1.07858943570595,
                2.34137990128286,
                -2.09410991741906,
                0.662791443458596
            ],
            "SE": [
                0.306699499822261,
                0.300003416040487,
                0.308932126214941,
                0.294625200748268,
                0.294325768052396,
                0.305788782417333,
                0.302869446247318,
                0.29540346606384,
                0.303999243491223
            ]
        },
        {
            "mean": [
                0.798109989723469,
                -1.70064604121027,
                -0.718079049335098,
                3.92702044929963,
                -1.00759442596698,
                -3.69680376678897,
                1.08930609384147,
                0.156268810663213,
                -0.231817664356738
            ],
            "median": [
                0.792919759991806,
                -1.70120095506469,
                -0.717280340649287,
                3.92766074017685,
                -1.00224824681154,
                -3.69834805400075,
                1.08687354684329,
                0.160132462915091,
                -0.234155528150377
            ],
            "SE": [
                0.297718779042172,
                0.289475278616634,
                0.308932670832864,
                0.306982979369031,
                0.290247833285033,
                0.304420788652899,
                0.297691563439513,
                0.299731940935061,
                0.297394141825195
            ]
        },
        {
            "mean": [
                -1.28789341929755,
                -1.09260215381349,
                1.99370736511585,
                0.80909666334187,
                0.269173742555706,
                -2.73867004872261,
                0.989240284927726,
                0.241321699168637,
                1.06762011730366
            ],
            "median": [
                -1.30297302394761,
                -1.14993241243029,
                2.00026235264225,
                0.792243044081633,
                0.550712644965072,
                -2.73592657112882,
                0.989450941345353,
                0.738260738621363,
                1.06334887982088
            ],
            "SE": [
                0.392677370817772,
                0.547450326426655,
                0.299803442554278,
                0.342777002450418,
                0.808671967324645,
                0.301720135670669,
                0.308002076860817,
                1.06431518663495,
                0.307530793628735
            ]
        },
        {
            "mean": [
                -0.274005731997505,
                0.077545944370752,
                -0.344182121662563,
                -0.965801935964694,
                -1.41998670893069,
                -1.23156671214941,
                3.67183148023016,
                -1.45062472513377,
                2.0777404223855
            ],
            "median": [
                -0.274352289711871,
                0.0773667039119033,
                -0.344294754847774,
                -0.968890779680987,
                -1.41848158838922,
                -1.22884067896089,
                3.67905869775067,
                -1.451617202093,
                2.08028703930388
            ],
            "SE": [
                0.309916560682743,
                0.290150300336721,
                0.295063454569079,
                0.308110034086608,
                0.307152703692262,
                0.295713258463649,
                0.308097531566179,
                0.286675322665088,
                0.299800271507171
            ]
        },
        {
            "mean": [
                -0.4684468269892,
                0.803701262731037,
                1.99041290687677,
                1.63179140480399,
                -2.62851601668271,
                -0.669501344766575,
                1.78418834492004,
                -1.18051197334595,
                -1.79656576927286
            ],
            "median": [
                -0.461607322610265,
                0.809073712322955,
                1.99772811929983,
                1.63676473377747,
                -2.62789822096001,
                -0.665393580037834,
                1.78556967231051,
                -1.18025053227298,
                -1.79957480600298
            ],