{
    "uid": "aa1ab5e0-2e4f-487d-9653-8e6e59331e55",
    "scenario_uid": "b56e398eaedbdad34cec9e8a634c0fba",
    "iteration_uid": "ce7fc73ab34bb1a9bc0974ca6dde19c6",
    "PD_subj": [
        {
            "mean": [
                -1.11965780640297,
                -2.33944077118646,
                -0.307430642160252,
                2.84976996694961,
                0.66424166709059,
                -1.58023905291517,
                1.07916790302356,
                -0.802579681817521,
                -0.60902500113891
            ],
            "median": [
                -1.12931020645161,
                -2.33773263169088,
                -0.310438694231952,
                2.85507661234081,
                0.678180785158368,
                -1.57876383166252,
                1.08739000707623,
                -0.810339632673917,
                -0.598151640424936
            ],
            "SE": [
                0.297183846225974,
                0.303734815503618,
                0.291504198651382,
                0.291441563738572,
                0.487249061022779,
                0.293688469128279,
                0.284333143686899,
                0.477523678549404,
                0.292248201761053
            ]
        },
        {
            "mean": [
                1.02493435131882,
                -2.48588108376085,
                1.02922997232942,
                3.50895484844469,
                1.10160001945743,
                -1.10164712704161,
                1.40900485866578,
                0.269929672056856,
                -0.698817486291582
            ],
            "median": [
                1.03240338838002,
                -2.48334730330372,
                1.02714884148442,
                3.50721572523929,
                1.09861017727916,
                -1.10617175943086,
                1.41048786217281,
                0.270403764893133,
                -0.710137243745534
            ],
            "SE": [
                0.288971585084426,
                0.301647848299764,
                0.287235889581931,
                0.299775118114533,
                0.465960215597555,
                0.292334496714641,
                0.296855442399136,
                0.493400657173051,
                0.287213846064151
            ]
        },
        {
            "mean": [
                -0.200305825049754,
                -2.38985077328935,
                0.845125194844367,
                2.1549192340034,
                0.522204161070681,
                0.0554819516839022,
                2.47480044326388,
                -2.34547422834561,
                0.114284511704687
            ],
            "median": [
                -0.199764953483453,
                -2.39153532408241,
                0.840496774755158,
                2.14769467144087,
                0.522314866106001,
                0.059806841864571,
                2.47427866701364,
                -2.34865313727269,
                0.117109042276173
            ],
            "SE": [
                0.286322196791411,
                0.301459182133818,
                0.291360548248884,
                0.303527749199113,
                0.466270178329303,
                0.28832147946501,
                0.291870294366465,
                0.475108811212595,
                0.288526247705495
            ]
        },
        {
            "mean": [
                0.00490108874397378,
                -1.11305487283997,
                1.68596283442038,
                -0.0617540883121669,
                0.98968440880566,
                -0.546199069182116,
                2.70159696539684,
                -0.923329849438785,
                -1.48133620331867
            ],
            "median": [
                0.00327752304811455,
                -1.11725337881841,
                1.68052194234171,
                -0.062826200657536,
                0.977741324423242,
                -0.543598920165473,
                2.70612913291523,
                -0.92077695281584,
                -1.48520711537611
            ],
            "SE": [
                0.302344695682995,
                0.30394260332777,
                0.288248014700851,
                0.294444546924433,
                0.475795386510959,
                0.297565162698262,
                0.276572255633792,
                0.472284812049078,
                0.290109371283901
            ]
        },
        {
            "mean": [
                -1.7767610049394,
                1.33193033817066,
                -1.80948230091683,
                1.03258004493804,
                -2.80097930577997,
                0.99253045130708,
                1.00320890518453,
                -1.75367652767,
                0.980801090010009
            ],
            "median": [
                -1.82169874624855,
                1.3310278558046,
                -1.81738826989542,
                0.997836395057843,
                -2.7939473604637,
                0.995953201940375,
                0.992189214490319,
                -1.7579410715256,
                0.977380976936456
            ],
            "SE": [
                0.440324322918859,
                0.297280958307145,
                0.301388345888723,
                0.379276290098167,
                0.475314522451904,
                0.309030172156951,
                0.332848588339047,
                0.476711714949429,
                0.298643452919381
            ]
        },
        {
            "mean": [
                -1.40030180360351,
                -2.23669918295243,
                1.26975517176909,
                2.5220687504909,
                -0.811335751676063,
                0.611114370673873,
                -0.385008204597624,
                -2.41719772011797,
                0.549673241639512
            ],
            "median": [
                -1.39814966214901,
                -2.24096671186075,
                1.27173150035621,
                2.52266548665045,
                -0.793179922840165,
                0.615145674562478,
                -0.387579418299344,
                -2.44046401568723,
                0.545700734607221
            ],
            "SE": [
                0.299062818266814,
                0.307057486023403,
                0.293697854505648,
                0.291993495380736,
                0.461466320350953,
                0.292203966838923,
                0.289569604015525,
                0.484743546611499,
                0.297391090916141
            ]
        },
        {
            "mean": [
                0.600040519684193,
                -1.0581952073803,
                1.69387440014679,
                1.10915119963272,
                -2.85114462513197,
                0.418737556933237,
                2.58501655103823,
                -3.08483459239772,
                -0.0698197892981866
            ],
            "median": [
                0.599805237269629,
                -1.0613280211318,
                1.68642967135797,
                1.11682332880989,
                -2.85463539934932,
                0.412083167893474,
                2.58191591020737,
                -3.08469654621635,
                -0.072457348243758
            ],