{
    "uid": "62592434-65b4-4914-b27f-07bea6a33f5e",
    "scenario_uid": "b56e398eaedbdad34cec9e8a634c0fba",
    "iteration_uid": "cf4693c65dbb398167d9e7595c36b3f0",
    "PD_subj": [
        {
            "mean": [
                0.442458001639693,
                1.21297194273286,
                0.529949350115111,
                -0.463087527643413,
                -1.49245109876883,
                -1.15092909872353,
                0.0554843583768284,
                -2.47784754353689,
                -2.61632906366816
            ],
            "median": [
                0.4420977183318,
                1.40394888677393,
                0.344127711117142,
                -0.460375325075519,
                -1.52935708748256,
                -1.10399474701891,
                0.0582564410937503,
                -2.47580123540957,
                -2.62084400869648
            ],
            "SE": [
                0.281221022703333,
                0.63278728872248,
                0.631022713433988,
                0.295391090584125,
                0.398755330521033,
                0.413641781429342,
                0.301998277852005,
                0.313114485169171,
                0.325892650809145
            ]
        },
        {
            "mean": [
                -0.758870788800362,
                -0.928941600521135,
                1.89333915146811,
                0.875086933102834,
                0.366959028781488,
                1.32198955489718,
                -0.0591152753700875,
                -2.3470426326363,
                -4.34298407793003
            ],
            "median": [
                -0.750613086953338,
                -0.929021690778898,
                1.89708840131092,
                0.864312372971234,
                0.365139091778866,
                1.31952275980894,
                -0.0554638058272767,
                -2.347065354698,
                -4.33857557230325
            ],
            "SE": [
                0.276749602181953,
                0.288594824025771,
                0.298945913926993,
                0.292920056397395,
                0.300559288668754,
                0.294801122634543,
                0.309295714600419,
                0.29183117289987,
                0.310716416825972
            ]
        },
        {
            "mean": [
                0.0931493611842329,
                -0.291003160947336,
                4.73424897403234,
                1.07077842929977,
                -4.05067833338473,
                0.902119605487681,
                0.656252983153352,
                -0.776750178124704,
                2.37327157322132
            ],
            "median": [
                0.0969952277426528,
                -0.292757525572828,
                4.74143919323329,
                1.05762148255943,
                -4.05152206228603,
                0.900127255001082,
                0.66467143787535,
                -0.772902597042861,
                2.37429035232477
            ],
            "SE": [
                0.375013465294621,
                0.297593599898306,
                0.295215062983438,
                0.453937884429187,
                0.297983053831406,
                0.286900825441252,
                0.519457661214668,
                0.288199604959422,
                0.305981740326992
            ]
        },
        {
            "mean": [
                0.541516489258932,
                -2.19810857223628,
                2.92020182778967,
                1.3846882574501,
                0.0927477993311874,
                -0.412593836810527,
                0.407733836975339,
                -1.67989102544334,
                -0.931635141406807
            ],
            "median": [
                0.548109215945053,
                -2.19894562901187,
                2.92774554271242,
                1.38911810036931,
                0.0905735614278925,
                -0.409819895164289,
                0.418152275677696,
                -1.67805884669737,
                -0.923139907912089
            ],
            "SE": [
                0.273270937090781,
                0.299052153197753,
                0.299733765432933,
                0.290170059105009,
                0.300297415483066,
                0.296519442223421,
                0.314962315605826,
                0.284851665870593,
                0.306566770016529
            ]
        },
        {
            "mean": [
                0.470692224392118,
                -1.38039062265589,
                0.670765547627682,
                2.33599891929849,
                -4.68435997961452,
                0.227531747746858,
                0.95828060407175,
                -1.75179916788115,
                0.12740443090058
            ],
            "median": [
                0.478569966525489,
                -1.38120376906851,
                0.673314562545866,
                2.33238149181116,
                -4.68617512598965,
                0.227371853969737,
                0.955512231618156,
                -1.7552896856679,
                0.131077421483543
            ],
            "SE": [
                0.269866535194946,
                0.29653616531649,
                0.300303948937267,
                0.286954795779254,
                0.297107157264298,
                0.30022543716144,
                0.300652542939833,
                0.287036621982256,
                0.306555018329837
            ]
        },
        {
            "mean": [
                -0.443453131268214,
                0.955461757045399,
                -0.660782288494153,
                -0.139122032629884,
                -0.758793811605445,
                -2.04311547810704,
                -0.343783534550448,
                -0.637800250393389,
                -3.94185047816401
            ],
            "median": [
                -0.44618544402556,
                0.952550937653476,
                -0.662625042085447,
                -0.145147561235067,
                -0.760287210462471,
                -2.04616411689529,
                -0.33899363617839,
                -0.630690105045369,
                -3.94657570925365
            ],
            "SE": [
                0.280003410442642,
                0.297220767514895,
                0.295217833687403,
                0.281783709582209,
                0.299862440023632,
                0.299532346661891,
                0.309065989461822,
                0.297074048147921,
                0.297446716432561
            ]
        },
        {
            "mean": [
                1.37544839354325,
                -0.0560480553719361,
                -0.0704804973311923,
                1.86741357562812,
                -4.04224175063961,
                -4.0376440999321,
                1.15987992676957,
                1.91984575274007,
                1.92992634125928
            ],
            "median": [
                1.36589982716401,
                -0.060191176780997,
                -0.071265628537884,
                1.87155431934649,
                -4.0264796426431,
                -4.03851922725279,
                1.15604546842114,
                1.91871813942485,
                1.92704724156003
            ],