{
    "uid": "d6902fa3-e975-4972-83ee-2e06444c20ff",
    "scenario_uid": "b56e398eaedbdad34cec9e8a634c0fba",
    "iteration_uid": "d013bc5e2b7a1ec9fba5cfbcad5304f8",
    "PD_subj": [
        {
            "mean": [
                2.17675927723224,
                1.82569588175789,
                2.35723558994857,
                1.00341446413741,
                0.186008599271556,
                0.97780684151426,
                0.336667785130829,
                -1.87239607985982,
                0.1480533043437
            ],
            "median": [
                2.31412996772729,
                1.827637227828,
                2.35698357576227,
                1.00192220293368,
                0.189368913231636,
                1.00053662767686,
                0.233235031744256,
                -1.87075619073407,
                0.137595473908188
            ],
            "SE": [
                0.736263331960353,
                0.29440581468547,
                0.382656797782702,
                0.629076395998565,
                0.357065516173004,
                0.525213197077986,
                0.720102967231726,
                0.297054238020393,
                0.439488988585714
            ]
        },
        {
            "mean": [
                0.954358302933763,
                -0.773548227519376,
                -2.27659380929166,
                2.33123256101074,
                -0.768556131071692,
                -0.286027110345584,
                2.23161063768992,
                -0.738469625892728,
                0.952937078871743
            ],
            "median": [
                0.958797601901481,
                -0.461623843117313,
                -2.27710817897531,
                2.33355975729107,
                -0.719686239904391,
                -0.288811121894476,
                2.22719308707275,
                -1.10126398203195,
                0.953853049429145
            ],
            "SE": [
                0.313828016665566,
                0.967954332946477,
                0.29799418413554,
                0.388574092285618,
                0.604703704367868,
                0.311330707666761,
                0.339934514164155,
                1.10429695087156,
                0.288188752745812
            ]
        },
        {
            "mean": [
                -0.226529013604819,
                -0.634565604987834,
                0.875695225390816,
                0.124991894738816,
                -1.31187980225027,
                -1.09389330883163,
                -0.0725882398264841,
                -0.829251374632697,
                -0.184292115146995
            ],
            "median": [
                -0.378115259093138,
                -0.638675631027105,
                0.889064584213966,
                -0.123397310266364,
                -1.46585301047955,
                -1.08716054666409,
                -0.767190177254908,
                -0.817175630997436,
                -0.184833828667882
            ],
            "SE": [
                0.637889807888591,
                0.302084497140973,
                0.298823259669151,
                1.33207137211087,
                0.705558664903823,
                0.316328999408415,
                1.45957618510141,
                0.372603332091288,
                0.285223700398474
            ]
        },
        {
            "mean": [
                1.68596657679651,
                -0.660096651537653,
                0.841079628622656,
                2.39158167063811,
                -1.80178598716313,
                2.35831520476775,
                0.44872576926017,
                -0.846167679075357,
                -1.03494225067109
            ],
            "median": [
                1.68069560758664,
                -0.660695532872647,
                0.83731229528933,
                2.39659646758441,
                -1.8078527689588,
                2.35536732673338,
                0.450641822845487,
                -0.85087616745523,
                -1.03095901627506
            ],
            "SE": [
                0.320961627932488,
                0.299569549212553,
                0.294786148593707,
                0.384943231258806,
                0.342897199610701,
                0.313055332761286,
                0.351699970997184,
                0.293234520311322,
                0.279787066349188
            ]
        },
        {
            "mean": [
                -0.681144081160731,
                -0.38442288206302,
                3.11098754819611,
                -0.279900346482924,
                -2.43377300106748,
                -1.05994260703133,
                1.70999224113615,
                -2.73689043216021,
                0.778409612849476
            ],
            "median": [
                -0.681967143761678,
                -0.375221488967034,
                3.10731602982879,
                -0.279658179873639,
                -2.43756105753711,
                -1.06488107040763,
                1.70833872087657,
                -2.72426340754761,
                0.773366627896763
            ],
            "SE": [
                0.311794559688017,
                0.3013224585395,
                0.294925794774431,
                0.38730185676989,
                0.345008791660893,
                0.319027423530748,
                0.357624345298579,
                0.305840980677869,
                0.298449333926761
            ]
        },
        {
            "mean": [
                -0.356692353193452,
                0.0749650790333478,
                0.44888741204508,
                1.36732281413044,
                -0.544410522487476,
                3.60306750392507,
                2.70018906503123,
                -2.52792813513627,
                -0.332026912916408
            ],
            "median": [
                -0.358692265831166,
                0.0820589282707394,
                0.446475238988571,
                1.37352865595875,
                -0.54407900311599,
                3.59924803385085,
                2.68867893056843,
                -2.5274884031871,
                -0.33821186564267
            ],
            "SE": [
                0.315112219775381,
                0.293630833959709,
                0.305289381772322,
                0.392732170420257,
                0.341388493855524,
                0.311577953923636,
                0.357257897855231,
                0.294793721533323,
                0.29306132606775
            ]
        },
        {
            "mean": [
                -0.963725297020932,
                -1.90899025414837,
                2.08292786231105,
                1.96614302662025,
                0.338612111751215,
                -2.27738047329478,
                1.96164054474673,
                -0.636892370394411,
                0.990037833628324
            ],
            "median": [
                -0.972843648151554,
                -1.91468930322232,
                2.08467720701232,
                1.96045211228453,
                0.339515411720616,
                -2.28054315907543,
                1.95067990908414,
                -0.631029841112693,
                0.985990009551188
            ],