{
    "uid": "400ed1d0-c626-4cef-8883-4e4702710309",
    "scenario_uid": "b56e398eaedbdad34cec9e8a634c0fba",
    "iteration_uid": "d085061fead6a8229a9d9284b10007b9",
    "PD_subj": [
        {
            "mean": [
                -0.532904673064576,
                1.26221285780006,
                1.49016416329811,
                3.44878175299763,
                -0.18356484755585,
                -1.71981065006881,
                1.07039530799815,
                -1.46258665933725,
                -1.99414238601682
            ],
            "median": [
                -0.535043295400127,
                1.27139507152952,
                1.49580412005603,
                3.44306130996022,
                -0.164544878256164,
                -1.74863279473459,
                1.06721350567737,
                -1.47359082386969,
                -1.99961581433035
            ],
            "SE": [
                0.267955817261676,
                0.363911562336467,
                0.273558526988158,
                0.31001070345588,
                0.372437755161973,
                0.387436864553972,
                0.297827363851193,
                0.323197530755755,
                0.446418402452471
            ]
        },
        {
            "mean": [
                -0.555440101417209,
                -0.101398068239607,
                0.778648376150027,
                -3.72795009266016,
                -0.667253388656907,
                1.06150188766743,
                0.916484290813285,
                -0.0342230665484325,
                -1.75349232430493
            ],
            "median": [
                -0.548653367681412,
                -0.10450830133562,
                0.778327168397348,
                -3.73201905564572,
                -0.670355311581257,
                1.0662242718853,
                0.918010837309029,
                -0.036529268815229,
                -1.75510020477317
            ],
            "SE": [
                0.271584666877044,
                0.303503513026623,
                0.279198865190153,
                0.306966924658889,
                0.292300195926298,
                0.324972931176446,
                0.29657083350734,
                0.29191653482054,
                0.428085457047885
            ]
        },
        {
            "mean": [
                -1.67818468666753,
                -0.0702920486631618,
                1.13988963349466,
                -0.0279127738563026,
                -1.30266973160891,
                1.33148112418889,
                -1.71637484964159,
                -1.31281491093392,
                -0.63223287005968
            ],
            "median": [
                -1.68417201037734,
                -0.0630190514833607,
                1.1347972134697,
                -0.0282422835150456,
                -1.29691108513789,
                1.32714283673922,
                -1.7172567384749,
                -1.31502101477733,
                -0.633262645365685
            ],
            "SE": [
                0.262190466541016,
                0.303123333316393,
                0.27383897060565,
                0.303361264053674,
                0.288515708429213,
                0.314063230382634,
                0.302828779003684,
                0.291111381385716,
                0.43695599244138
            ]
        },
        {
            "mean": [
                0.38692399197531,
                -0.658018062221096,
                0.141351393534754,
                -0.548484891041181,
                -1.64413738367802,
                1.17510558418453,
                -0.942558783122572,
                -1.40713809605352,
                -1.18428115304828
            ],
            "median": [
                0.389202903316358,
                -0.663736762533639,
                0.141696513785502,
                -0.542376331280773,
                -1.64686468783629,
                1.17409119417837,
                -0.938407471046842,
                -1.4045728136321,
                -1.19289008514196
            ],
            "SE": [
                0.272355435580381,
                0.298093412667501,
                0.275234762192297,
                0.311327648497597,
                0.291795738344383,
                0.320139073195781,
                0.299360025134659,
                0.286642461687449,
                0.433311056930221
            ]
        },
        {
            "mean": [
                0.068890843424769,
                -1.22600224051676,
                -0.00930757220470474,
                -1.37681030731919,
                -0.934690158869452,
                -1.06265708646477,
                3.37473644922273,
                -1.55429667663879,
                0.737853216061924
            ],
            "median": [
                0.0774397325441997,
                -1.22391127866357,
                -0.0128279196136945,
                -1.37194756036338,
                -0.939906646907914,
                -1.06200832390512,
                3.37560751229261,
                -1.54420651019777,
                0.731090226249039
            ],
            "SE": [
                0.26582727293183,
                0.304724981902628,
                0.284651908739295,
                0.306092609299084,
                0.288025309704976,
                0.321493422189079,
                0.300850553327722,
                0.290508838068801,
                0.438524522246724
            ]
        },
        {
            "mean": [
                -1.67563799790801,
                -1.95293258681841,
                -0.487304205149124,
                0.562021649569282,
                -2.66302802278589,
                -1.73788647926601,
                -0.832327717507419,
                0.577427354273187,
                0.527471396826108
            ],
            "median": [
                -1.6755283171379,
                -1.95099045599626,
                -0.480302666466953,
                0.566578260814192,
                -2.66512750766468,
                -1.73992214668375,
                -0.82628408397788,
                0.564883654965281,
                0.523525496549964
            ],
            "SE": [
                0.265484876907227,
                0.296423047430394,
                0.283016519167442,
                0.309871207147605,
                0.28678768204077,
                0.310395604464101,
                0.295007818251535,
                0.294366690946207,
                0.440495249509026
            ]
        },
        {
            "mean": [
                -1.17649584410745,
                -2.62210558323747,
                -0.217821954105411,
                -0.606706658708457,
                -0.644361737400322,
                -1.57175816378881,
                0.954082332177011,
                0.50903741112772,
                0.356527535521621
            ],
            "median": [
                -1.1675081535346,
                -2.61574222856347,
                -0.211416881053407,
                -0.609026413033031,
                -0.643220512194366,
                -1.56981622215875,
                0.949551850876829,
                0.505779278988948,
                0.364275320592954
            ],