{
    "uid": "78dfb094-80d7-488e-bf94-7b36568441c5",
    "scenario_uid": "b56e398eaedbdad34cec9e8a634c0fba",
    "iteration_uid": "d0c425454f0d6aa95c50fc18a56194b8",
    "PD_subj": [
        {
            "mean": [
                -0.322733360094202,
                0.960823583405322,
                0.735809135911044,
                1.64715004637595,
                -2.53351547907075,
                -1.24420195100615,
                1.28623272722596,
                -2.17104874707079,
                1.6673960006685
            ],
            "median": [
                -0.327649263171523,
                0.962337540880081,
                0.739413240997179,
                1.64357676755092,
                -2.53347314120306,
                -1.24581511818982,
                1.2812979980603,
                -2.17085561841487,
                1.66991621986268
            ],
            "SE": [
                0.285333324592095,
                0.29285305799246,
                0.274770109888812,
                0.288689707039935,
                0.332527940096825,
                0.272248454021814,
                0.296658559211136,
                0.330232352256646,
                0.297774025266614
            ]
        },
        {
            "mean": [
                0.780459182581492,
                2.11210043667661,
                2.006336919349,
                2.40691668706164,
                -2.09985263089047,
                -0.765568787729319,
                -0.0127612657501528,
                -0.629308906147174,
                0.912507290597021
            ],
            "median": [
                0.778676412381015,
                2.10838705330092,
                2.00485370723169,
                2.4058123089291,
                -2.10083300047669,
                -0.75978610333199,
                -0.0214054704457435,
                -0.625210985461688,
                0.918983341381985
            ],
            "SE": [
                0.28849816093971,
                0.298334686902806,
                0.277841335730211,
                0.30216964828785,
                0.327165365770157,
                0.272410306889099,
                0.298343406968194,
                0.330543357826797,
                0.290092918369294
            ]
        },
        {
            "mean": [
                0.926650017961865,
                0.280253923754073,
                0.747479548744817,
                1.51551318994098,
                -1.94037540396865,
                -0.429185440162293,
                -1.01069260424638,
                1.36428460890112,
                -1.48606217622007
            ],
            "median": [
                0.934995501273354,
                0.285453578994459,
                0.751051690556414,
                1.50994123783676,
                -1.94643915606508,
                -0.429310714901175,
                -1.00146090695351,
                1.37209540913916,
                -1.48747655489124
            ],
            "SE": [
                0.281338896926804,
                0.29082734817596,
                0.271531233041549,
                0.288557876869943,
                0.326744776179264,
                0.266815060229139,
                0.290835390702737,
                0.322553328398116,
                0.292920991384586
            ]
        },
        {
            "mean": [
                1.78850940443971,
                0.159388744538564,
                2.08668278131987,
                -1.36843031975775,
                -1.36726317775555,
                -1.05267133081436,
                0.0381411368461773,
                -2.90013727132461,
                1.90181272186368
            ],
            "median": [
                1.78927332271375,
                0.15970605532731,
                2.0889705253574,
                -1.36614310637678,
                -1.36607398747694,
                -1.05292206083429,
                0.0465603522664295,
                -2.90176490760512,
                1.90686936050071
            ],
            "SE": [
                0.280856140473107,
                0.295438116748565,
                0.269347472749366,
                0.289691923645953,
                0.33424801059222,
                0.268009956229691,
                0.289451079828155,
                0.326133553418352,
                0.287537991229785
            ]
        },
        {
            "mean": [
                0.680786380860926,
                -1.54009319088415,
                2.11063215884143,
                1.8811756009551,
                -1.53212921439884,
                -0.614042450042312,
                1.20026600214774,
                -0.236649221754068,
                -1.3338155176968
            ],
            "median": [
                0.686337366685088,
                -1.54496683457772,
                2.10741810068666,
                1.88058274811022,
                -1.5445664141638,
                -0.616671736091792,
                1.21104581936991,
                -0.237404414086617,
                -1.33435896895523
            ],
            "SE": [
                0.278092376067241,
                0.282650557990117,
                0.278947595788908,
                0.286464926937381,
                0.331611824325732,
                0.265186338744271,
                0.293140573444984,
                0.331725759432343,
                0.285803331711994
            ]
        },
        {
            "mean": [
                -0.92250845165271,
                -0.729919385721925,
                1.24418038729136,
                1.15182670662367,
                -2.69085234314719,
                0.32555696302706,
                1.62943412985953,
                -3.58468666398132,
                2.18700253649223
            ],
            "median": [
                -0.924122207642156,
                -0.726851923978187,
                1.24566013565418,
                1.14402044191206,
                -2.6961287776481,
                0.321559077829765,
                1.62617842742458,
                -3.58429693578818,
                2.18897719550618
            ],
            "SE": [
                0.290076133902797,
                0.286787135784364,
                0.272856172815698,
                0.289395918148121,
                0.334264482209543,
                0.269079011560757,
                0.29186594653303,
                0.330425854419403,
                0.291061909220012
            ]
        },
        {
            "mean": [
                -1.02719489751377,
                -1.0162142192877,
                1.62197603378003,
                0.539079062676412,
                0.368319416966069,
                -1.48034256199409,
                -0.77877239199596,
                -0.941410360360989,
                0.22660522036872
            ],
            "median": [
                -1.02945836454058,
                -1.02127042063322,
                1.6177677937799,
                0.664375369833343,
                0.286579519712583,
                -1.48147477702006,
                -0.670176668453707,
                -0.999092868360153,
                0.226221558465417
            ],