{
    "uid": "242eb9b3-1676-4ca2-bfbe-33b035079890",
    "scenario_uid": "b56e398eaedbdad34cec9e8a634c0fba",
    "iteration_uid": "d1e2686ceb26175b02a6f7273f99c3d1",
    "PD_subj": [
        {
            "mean": [
                3.05060102111749,
                -0.325723733392267,
                -0.530076302245569,
                -1.18638920921409,
                -3.10198598392823,
                0.782425337731135,
                3.1495678612321,
                0.273415784286032,
                1.45836011008021
            ],
            "median": [
                3.05447634256413,
                -0.323017278669098,
                -0.523131019159212,
                -1.18455173626831,
                -3.09406052150423,
                0.784928413920212,
                3.1521460386712,
                0.280371221514696,
                1.46091532442338
            ],
            "SE": [
                0.292908343876733,
                0.291919689806017,
                0.280691517092893,
                0.302432974816714,
                0.301056664454427,
                0.300220008054278,
                0.295892788644681,
                0.294257110641613,
                0.289984423768453
            ]
        },
        {
            "mean": [
                -0.725395242996505,
                0.175662098084753,
                0.189529822339374,
                0.363092892388418,
                -0.881248577793337,
                -0.75438630184922,
                0.372529090573339,
                -1.65580949826679,
                -1.61414767031277
            ],
            "median": [
                -0.726251936081315,
                0.17838731568918,
                0.181221442150623,
                0.356777380947795,
                -0.973895175952462,
                -0.763725679010699,
                0.372037600831126,
                -1.65906198127273,
                -1.61264823945848
            ],
            "SE": [
                0.290906345178932,
                0.295969326180543,
                0.293308340890898,
                0.299087521427909,
                0.517729492012001,
                0.513831069703293,
                0.294026792748293,
                0.353036370323171,
                0.343719929332273
            ]
        },
        {
            "mean": [
                -1.74933305891366,
                -2.72507496377122,
                0.00787206166452397,
                2.07379207839399,
                -3.26507584286557,
                1.68146553089643,
                -1.82659699959687,
                -1.55106180444201,
                -0.198627778003328
            ],
            "median": [
                -1.74800456771571,
                -2.72951326594622,
                0.00723663504649214,
                2.0793453461703,
                -3.26409496806598,
                1.67642521459176,
                -1.82375053287424,
                -1.55596846797369,
                -0.197789764109508
            ],
            "SE": [
                0.295522321208365,
                0.29098728474163,
                0.281754983663671,
                0.309009690870793,
                0.302272506109198,
                0.304605611446714,
                0.301292662495446,
                0.301161252066123,
                0.287173313426686
            ]
        },
        {
            "mean": [
                -0.615316523619527,
                -0.188141340778265,
                2.59051040053031,
                2.45218118764162,
                -0.283867812004035,
                -0.753843448905745,
                2.70785081360765,
                -2.91030168279629,
                0.210029320729176
            ],
            "median": [
                -0.607124039359065,
                -0.18887461496655,
                2.58516196143469,
                2.44654233331101,
                -0.283653362534909,
                -0.756261684442261,
                2.70807736066017,
                -2.91472591789891,
                0.211638659215179
            ],
            "SE": [
                0.291951172048073,
                0.300365249949647,
                0.288807619646531,
                0.323770573779059,
                0.298785068640462,
                0.292905627358076,
                0.297081989709915,
                0.295950323844498,
                0.290531502088807
            ]
        },
        {
            "mean": [
                0.850261512906332,
                1.45351380539904,
                0.0105983300398241,
                2.39213613231342,
                -4.1924885033276,
                -0.78826501964134,
                0.490059376591487,
                -2.05995307160989,
                -1.43506797054635
            ],
            "median": [
                0.850990915524065,
                1.45249891619593,
                0.00678093646448746,
                2.38978216236688,
                -4.20229820156377,
                -0.788945245009855,
                0.492225120337558,
                -2.06392409422944,
                -1.43109276201528
            ],
            "SE": [
                0.281532800535829,
                0.286681434163643,
                0.28251053085537,
                0.314376445438062,
                0.30695191413114,
                0.305884777261795,
                0.2956731131932,
                0.301602822190998,
                0.291729317896824
            ]
        },
        {
            "mean": [
                0.115389109465357,
                0.798542191182995,
                1.13753445421902,
                -3.43867859986384,
                -2.90224156073565,
                0.0174644918964465,
                3.53219221372429,
                -1.45546546655127,
                -2.09202641997066
            ],
            "median": [
                0.111164093783865,
                0.799944376390711,
                1.13789352894694,
                -3.43448790513028,
                -2.89870388861545,
                0.0175837094265378,
                3.53498766792582,
                -1.46330211570195,
                -2.09797093598286
            ],
            "SE": [
                0.281581751910597,
                0.287960415048965,
                0.292065536087862,
                0.312449321818885,
                0.29949412539844,
                0.303378839765156,
                0.300413404979438,
                0.29323346325027,
                0.293803875291988
            ]
        },
        {
            "mean": [
                0.843838114830091,
                -0.749809966301421,
                0.849985296270187,
                -0.834943017688716,
                -1.60607176952007,
                -0.745807378418759,
                0.492613763266792,
                -0.284658721707439,
                0.542195699112397
            ],
            "median": [
                0.849085697641979,
                -0.746857216539874,
                0.853321919021107,
                -0.840211576712929,
                -1.60624944370761,
                -0.691332521637187,
                0.496555895900278,
                -0.283961224592257,
                0.548316265394628
            ],