{
    "uid": "caad76ef-f335-47ac-91f4-440caec32393",
    "scenario_uid": "b56e398eaedbdad34cec9e8a634c0fba",
    "iteration_uid": "d211a325f930d66a8298ea0fd3f981ca",
    "PD_subj": [
        {
            "mean": [
                -0.733997360345532,
                0.250845892556705,
                -0.761953608163936,
                -1.51596254765743,
                -2.71931321249954,
                0.00330729861126253,
                1.23578111522183,
                -3.16824511586079,
                1.20274967800432
            ],
            "median": [
                -0.734712254998991,
                0.254432741961084,
                -0.757027440028739,
                -1.51914708477134,
                -2.71671656489657,
                0.014644969157654,
                1.23705294009445,
                -3.17099892868225,
                1.19002782274011
            ],
            "SE": [
                0.305938009950125,
                0.288605644499477,
                0.295972712375065,
                0.32578118723741,
                0.295636042771817,
                0.304480861336015,
                0.306501590340124,
                0.304486088941708,
                0.315341858193173
            ]
        },
        {
            "mean": [
                -1.02798111489072,
                -1.3383833008743,
                -0.678895735534411,
                3.06704446174611,
                -3.03689959088143,
                -1.25520862009621,
                2.7991361028817,
                -0.754352223895121,
                -4.31365925936692
            ],
            "median": [
                -1.03415247418248,
                -1.34155449723834,
                -0.672595457062943,
                3.07248622633835,
                -3.03631846678204,
                -1.25915247791314,
                2.79285597276336,
                -0.751594376948424,
                -4.30814370670299
            ],
            "SE": [
                0.323936106869026,
                0.289622884813224,
                0.291425429771452,
                0.306692326088163,
                0.298183214814291,
                0.302780162237686,
                0.306839842378345,
                0.304633607908997,
                0.307275359726656
            ]
        },
        {
            "mean": [
                -1.49623881196182,
                -1.18607926219663,
                0.611294400347572,
                0.901118940154121,
                0.332703671327355,
                0.866089917037709,
                2.17759293431966,
                -2.49795014116729,
                1.84467409691075
            ],
            "median": [
                -1.50162702840875,
                -1.19380523405058,
                0.618090835484748,
                0.902884417029776,
                0.337611218543294,
                0.869887571270711,
                2.18011047239443,
                -2.50239166589603,
                1.84542444109436
            ],
            "SE": [
                0.311708623928519,
                0.294554482501614,
                0.304385196112918,
                0.298587069497461,
                0.300014972491118,
                0.301239474191977,
                0.301717709050464,
                0.299344004263077,
                0.308662902462765
            ]
        },
        {
            "mean": [
                2.51584869362188,
                -1.89630568635419,
                0.852228427951682,
                2.62280065261646,
                -2.50080612037615,
                -2.13537144477349,
                0.96528707781892,
                -1.42557818820709,
                2.7294952115346
            ],
            "median": [
                2.51195266947775,
                -1.89313456510137,
                0.859939405709714,
                2.62711858622829,
                -2.50363871188052,
                -2.13798080143797,
                0.964277168263014,
                -1.42349351306781,
                2.7415917557302
            ],
            "SE": [
                0.308956046269362,
                0.291890627334958,
                0.304978689305065,
                0.310514209106216,
                0.302589939369815,
                0.298729000661202,
                0.299710213964921,
                0.310137994996935,
                0.302335968459445
            ]
        },
        {
            "mean": [
                -2.68112082230019,
                0.664691484056845,
                0.559146184369606,
                -0.55435363260774,
                -2.48063360099271,
                2.47054861234301,
                2.47648741735909,
                -0.770242103472952,
                -0.0443783549453637
            ],
            "median": [
                -2.68008279038879,
                0.665543823817217,
                0.566264147890719,
                -0.544191292585389,
                -2.4841435376414,
                2.46866746228535,
                2.48351547667824,
                -0.775086732696088,
                -0.0473918427999111
            ],
            "SE": [
                0.302447942757796,
                0.290084630992247,
                0.295552961568157,
                0.303196075124379,
                0.291669554588219,
                0.30207438020442,
                0.312452025025323,
                0.308658200059687,
                0.312541922157726
            ]
        },
        {
            "mean": [
                -1.28390946362985,
                -0.907236277086888,
                1.68909431860911,
                -0.129807411914265,
                -0.0479251310540946,
                0.810655678966613,
                -0.322066461656281,
                -0.885540518548902,
                1.00728566363387
            ],
            "median": [
                -1.35843820599131,
                -0.817990272716807,
                1.68978882436592,
                -0.135821172710617,
                -0.040697842669729,
                0.80452785872954,
                -0.105419207517095,
                -1.07469099429612,
                1.00648066421462
            ],
            "SE": [
                0.469856439398858,
                0.484221390472556,
                0.294666063112404,
                0.315187008769866,
                0.304353146668726,
                0.302381806572583,
                0.648178400166103,
                0.650559005182136,
                0.310159031347011
            ]
        },
        {
            "mean": [
                0.977848255576643,
                -1.55168613365513,
                2.3952577404078,
                0.36698677760833,
                -1.11050474835403,
                1.91549766070113,
                1.20826302161389,
                -0.444422319077845,
                0.557650266960591
            ],
            "median": [
                0.976117718699849,
                -1.54616369214654,
                2.39356306244001,
                0.366984891753706,
                -1.11424978903411,
                1.90984717257196,
                1.1995542805866,
                -0.454279615052143,
                0.54918189278528
            ],