{
    "uid": "0ae2d5c6-db66-4c22-92d3-37ca3bec9a65",
    "scenario_uid": "b56e398eaedbdad34cec9e8a634c0fba",
    "iteration_uid": "d455770b5b251ae01463550019c0125a",
    "PD_subj": [
        {
            "mean": [
                -0.453618921445183,
                0.57436161130202,
                1.72555757375915,
                1.21096894168687,
                0.0124819895865572,
                -1.92755854314992,
                1.53997074934268,
                -1.05246340276848,
                -0.703276637904961
            ],
            "median": [
                -0.454780779503202,
                0.575136748990978,
                1.73155403932818,
                1.20072545099342,
                0.0176833343749392,
                -1.92535642979211,
                1.54098716258654,
                -1.05776541946906,
                -0.708732683121032
            ],
            "SE": [
                0.30105874212998,
                0.304113484214384,
                0.306951553506745,
                0.28559702156405,
                0.301390049670884,
                0.303104863470995,
                0.303492192603511,
                0.299151494486913,
                0.314020984740208
            ]
        },
        {
            "mean": [
                0.717183820318949,
                -2.08310775243167,
                -0.66688304786549,
                0.765316868026606,
                0.656684220404134,
                -1.7595831518468,
                1.95997028972422,
                -1.55986019875484,
                2.98201499904651
            ],
            "median": [
                0.721957524410999,
                -2.08279538073307,
                -0.670251691889148,
                0.763869617385981,
                0.663679371063783,
                -1.75553353688975,
                1.95685051757208,
                -1.5687282595192,
                2.9831394014488
            ],
            "SE": [
                0.3039452234954,
                0.300866254692615,
                0.306502859241707,
                0.291723828994497,
                0.300679288105727,
                0.305781397996629,
                0.306339665957143,
                0.290400451165134,
                0.306488953850418
            ]
        },
        {
            "mean": [
                -1.3077921366788,
                -2.14767563052179,
                2.01451066171614,
                1.59717939304266,
                -0.8164259499922,
                -1.61890497033445,
                -1.0348942239153,
                -1.03395681391019,
                -1.82419799423313
            ],
            "median": [
                -1.304297935175,
                -2.13434975754282,
                2.01237076328874,
                1.60172824592954,
                -0.813507002226947,
                -1.61798630146396,
                -1.03997329395662,
                -1.03571305778222,
                -1.82152669180227
            ],
            "SE": [
                0.295555862107724,
                0.303669664923411,
                0.301873867041196,
                0.292583959033693,
                0.301437441191919,
                0.301147691401786,
                0.313393551780964,
                0.295389334140158,
                0.310762621361328
            ]
        },
        {
            "mean": [
                -2.23816085265956,
                0.211397932481523,
                2.6274279368904,
                -0.214761740867524,
                -0.870161407472122,
                1.02043076079271,
                -0.943172927868909,
                -0.398854401285045,
                -0.0746878524805945
            ],
            "median": [
                -2.23004501790883,
                0.207989465735216,
                2.62448752620685,
                -0.222051797735586,
                -0.878346213940043,
                1.03004985443643,
                -0.944384334218174,
                -0.398362159629017,
                -0.0701691261458312
            ],
            "SE": [
                0.297874447662492,
                0.300625964139846,
                0.29811525275655,
                0.301558909840473,
                0.306415242256258,
                0.29942545987868,
                0.304591165785219,
                0.29337067194183,
                0.312916745087818
            ]
        },
        {
            "mean": [
                -0.0789500064889085,
                0.875231986352694,
                -1.14141041768177,
                1.45479014088321,
                -0.960189925780466,
                2.04345227435356,
                2.68718098929782,
                -1.39466319446239,
                -0.500723198137695
            ],
            "median": [
                -0.085064033768356,
                0.877630507862888,
                -1.14072558074506,
                1.45347431160959,
                -0.951085959223334,
                2.04861652782807,
                2.68749020543105,
                -1.39480931936389,
                -0.50441075084398
            ],
            "SE": [
                0.296749411010211,
                0.301924676730241,
                0.298265273387684,
                0.287331039515447,
                0.312994451850177,
                0.303516931580264,
                0.304419857615538,
                0.30064141107879,
                0.298550016275868
            ]
        },
        {
            "mean": [
                1.20884479169312,
                -0.0813396321705926,
                -0.283614050462522,
                1.79135935556221,
                -2.90871523320764,
                -2.33524277189152,
                2.94785312357975,
                -1.69268009353472,
                -1.69773109407029
            ],
            "median": [
                1.20800194298107,
                -0.0410900641498006,
                -0.321344322135592,
                1.80571124924919,
                -3.19242551516796,
                -2.02364097254732,
                2.93708968679673,
                -1.69511891853686,
                -1.70372525865916
            ],
            "SE": [
                0.297068312676273,
                0.417258757278896,
                0.425570506302885,
                0.295562509182848,
                0.779340103457457,
                0.781611327931245,
                0.29498468246058,
                0.292661420716263,
                0.304562828177434
            ]
        },
        {
            "mean": [
                -1.23406362057468,
                -1.50203283472251,
                1.11113801165204,
                2.47482856331877,
                -1.00077236711187,
                2.39390266322963,
                0.673105376559076,
                1.84296674125373,
                -1.91929328488452
            ],
            "median": [
                -1.23181363088253,
                -1.49593673818611,
                1.10530130945536,
                2.4757832400464,
                -0.98602254855264,
                2.39899454265837,
                0.672184781143407,
                1.83869774372779,
                -1.92053526509727
            ],