{
    "uid": "0c5bba50-a4ce-44d2-9574-54d417b1ac4a",
    "scenario_uid": "b56e398eaedbdad34cec9e8a634c0fba",
    "iteration_uid": "d522112e4d020aea53c7c0ca1ab9db4c",
    "PD_subj": [
        {
            "mean": [
                -2.35577147787347,
                -0.595549642075908,
                2.12651438968915,
                2.41486624540333,
                0.842219776394768,
                -1.18052769737721,
                -0.865182204010429,
                -2.26321717003481,
                -0.0159851757657859
            ],
            "median": [
                -2.35560296043661,
                -0.591782736117172,
                2.12556967609464,
                2.41382708334177,
                0.84418854043261,
                -1.1822270790764,
                -0.861201906716914,
                -2.26543134832599,
                -0.0148598206870941
            ],
            "SE": [
                0.306580271093009,
                0.309298883758497,
                0.306840512369341,
                0.296263508255103,
                0.374435308025573,
                0.292192025209835,
                0.287540094989583,
                0.615610348518468,
                0.285617049565417
            ]
        },
        {
            "mean": [
                -0.372061177004422,
                -1.99566745636225,
                -1.57274852303367,
                0.96334324606027,
                1.95847069529745,
                -1.24289056799282,
                2.75362588145651,
                1.7691595908336,
                -0.323348726393725
            ],
            "median": [
                -0.370324750703844,
                -1.99685603197828,
                -1.57099309826968,
                0.962532523339727,
                1.97008418454006,
                -1.24986358655145,
                2.76081121280193,
                1.76934593411311,
                -0.319682264946626
            ],
            "SE": [
                0.299058810932223,
                0.302469371115544,
                0.306085031744126,
                0.284981570004941,
                0.366501879055791,
                0.293996610482774,
                0.29230984299985,
                0.606898222592746,
                0.276924171936478
            ]
        },
        {
            "mean": [
                -0.1529678616962,
                0.249589775127206,
                3.34854517650104,
                0.0756706736347815,
                -2.6786585898235,
                -0.800319239233664,
                -1.34818856208594,
                -0.485414396482018,
                2.02109046480911
            ],
            "median": [
                -0.15352513924743,
                0.239400873857162,
                3.34468767841156,
                0.0781928558667976,
                -2.6756438412131,
                -0.799631478311939,
                -1.34698785190129,
                -0.486276146667171,
                2.01639212703234
            ],
            "SE": [
                0.294408619081793,
                0.306148374658655,
                0.291418566564371,
                0.29314999498506,
                0.381928069087022,
                0.293838161584469,
                0.293474094100174,
                0.61171223197869,
                0.280992833235505
            ]
        },
        {
            "mean": [
                3.11002337831992,
                1.27063998142294,
                0.849219140428985,
                -1.32808413816039,
                -2.07510897557318,
                -0.814452108190518,
                -0.0683746859315798,
                -1.9190061307855,
                -0.143797161789801
            ],
            "median": [
                3.1111811120302,
                1.26871676493227,
                0.854890991578576,
                -1.33567279858905,
                -2.07463070794007,
                -0.812184609709109,
                -0.0750345401300878,
                -1.92325663420538,
                -0.144923058563428
            ],
            "SE": [
                0.300000118654382,
                0.317678455365174,
                0.300001130859007,
                0.300516940521754,
                0.364803484349831,
                0.294269734592714,
                0.303629059311416,
                0.608630494903455,
                0.282844728401249
            ]
        },
        {
            "mean": [
                -1.10970302176026,
                -1.26709390202831,
                2.33654765771616,
                0.827788247940786,
                -2.85515564257728,
                0.374653270337471,
                0.0599533535967542,
                -2.23977042132699,
                2.3141696284178
            ],
            "median": [
                -1.11279844852806,
                -1.26481122262869,
                2.33293803768564,
                0.826222566519412,
                -2.8470979373635,
                0.379176960566477,
                0.058918578557541,
                -2.24379334526925,
                2.31381555636233
            ],
            "SE": [
                0.300024915853732,
                0.306208086727113,
                0.299465025453959,
                0.29514126329584,
                0.374066442415342,
                0.291503597498813,
                0.297572265564189,
                0.597992165781644,
                0.28222157227005
            ]
        },
        {
            "mean": [
                -0.576229264713083,
                -0.204382532934523,
                -0.179669744900616,
                0.0330320188652577,
                -1.1709705905973,
                -0.907578450444058,
                0.580957110127733,
                0.122212804690785,
                0.216202843261548
            ],
            "median": [
                -0.454957189203699,
                0.182019127552709,
                -0.0600219289317711,
                0.0802636510096278,
                -1.31767209900661,
                -0.731128651873394,
                0.596794980345787,
                0.0922256919203121,
                0.181539765482069
            ],
            "SE": [
                0.524438402009376,
                0.941341239361047,
                0.8526821675353,
                0.42621166906385,
                0.807838035641351,
                0.905565106109805,
                0.35390879875818,
                0.632550792948315,
                0.411937282889726
            ]
        },
        {
            "mean": [
                -0.660075165400866,
                -0.842750440962712,
                0.950517146674946,
                0.952858936834146,
                -0.684644034258453,
                -0.417456475077941,
                1.71546711512156,
                -0.0555852872893567,
                0.838374211837275
            ],
            "median": [
                -0.659275335464157,
                -0.841493424686059,
                0.946271619203575,
                0.963576547375637,
                -0.680694641203552,
                -0.415725570781635,
                1.71915038654753,
                -0.0607910112307185,
                0.837674584808533
            ],