{
    "uid": "7e163596-acaa-4662-a6bc-b92e06eb186c",
    "scenario_uid": "b56e398eaedbdad34cec9e8a634c0fba",
    "iteration_uid": "d6094bfc472a4797ad88234122430651",
    "PD_subj": [
        {
            "mean": [
                0.607576143369452,
                2.1415136860479,
                1.64890560910332,
                2.6854066414707,
                -1.90027101026667,
                0.749384780433222,
                0.897216895290498,
                -0.218399648779929,
                1.7700256473992
            ],
            "median": [
                0.609039922506508,
                2.14123685648782,
                1.64955616365302,
                2.68025653947378,
                -1.89402713276077,
                0.752217042362762,
                0.891702451838577,
                -0.222287694939019,
                1.77319617554591
            ],
            "SE": [
                0.273801700641381,
                0.301526892559609,
                0.291319295695061,
                0.29898186655243,
                0.295313198179438,
                0.308784662976231,
                0.296369206608905,
                0.302803292755038,
                0.304481965972105
            ]
        },
        {
            "mean": [
                -1.08170954558097,
                0.377905057691975,
                0.982786324333742,
                1.09020557042757,
                -0.718511220291629,
                -4.10559636111214,
                2.64652720588744,
                -2.76952249996768,
                -3.64155699413085
            ],
            "median": [
                -1.09172073089203,
                0.37647606422986,
                0.983039608267846,
                1.09348149860374,
                -0.710759689886456,
                -4.10724307176084,
                2.64740818190195,
                -2.77547296947495,
                -3.64523968426437
            ],
            "SE": [
                0.26812111577996,
                0.299907348287768,
                0.290513169483913,
                0.294765966510147,
                0.299572224627231,
                0.301599572842893,
                0.298678195381467,
                0.296944450658028,
                0.323061365393301
            ]
        },
        {
            "mean": [
                -1.36294762285533,
                1.46453199082018,
                0.815125944435355,
                1.29999355805378,
                -1.91710861714305,
                -0.728928772045489,
                -0.95509149879376,
                -0.751014474208809,
                -3.12059854603807
            ],
            "median": [
                -1.35945026290221,
                1.45806641600339,
                0.81360386933145,
                1.2975670713932,
                -1.91658717221728,
                -0.738103770830201,
                -0.954457913622252,
                -0.739590187615711,
                -3.1182511355983
            ],
            "SE": [
                0.26416069552208,
                0.298468065375051,
                0.287022399623761,
                0.298140961294315,
                0.311996685178035,
                0.302899239166385,
                0.298287749936541,
                0.29132885542391,
                0.310599990443502
            ]
        },
        {
            "mean": [
                -0.585339701583266,
                -0.162822449161307,
                0.275557587328134,
                2.99698657874042,
                -3.21882626532586,
                -2.40725719107331,
                -0.992493253062662,
                -3.45019927073886,
                0.767298903014556
            ],
            "median": [
                -0.585206972391112,
                -0.166031808224309,
                0.272823202539163,
                2.99549225206494,
                -3.21181271047584,
                -2.40373072591195,
                -0.993236280210073,
                -3.45677013625105,
                0.774486206751318
            ],
            "SE": [
                0.271632640627648,
                0.299863595976664,
                0.29770732362011,
                0.300960364997329,
                0.302344755264337,
                0.299879552906184,
                0.303989761213147,
                0.291211989901132,
                0.316057966271621
            ]
        },
        {
            "mean": [
                -1.04907958509522,
                -2.43665215914779,
                0.614503480387666,
                -0.918735821476011,
                -2.11920690035007,
                3.95118520127886,
                3.38829115219297,
                0.364153604069842,
                -1.35285020369803
            ],
            "median": [
                -1.04510182983251,
                -2.43555061292238,
                0.610634701916715,
                -0.916023551093436,
                -2.10992882097423,
                3.95055872325008,
                3.38966378122416,
                0.366543861448164,
                -1.34863040212276
            ],
            "SE": [
                0.271780473600891,
                0.294998618068864,
                0.295990888176516,
                0.295634186827506,
                0.307379688356543,
                0.303941197147102,
                0.300298525617188,
                0.304221919097303,
                0.311927527001341
            ]
        },
        {
            "mean": [
                -0.348415136299605,
                0.174604878063615,
                3.04381748684311,
                -1.45965801807542,
                0.629415817565546,
                2.91819090610797,
                1.65493021889073,
                -0.834924008789545,
                0.784856335898457
            ],
            "median": [
                -0.353230052605365,
                0.168468374444853,
                3.04694100428365,
                -1.46269422682537,
                0.625796254878901,
                2.91384203262288,
                1.65520174738268,
                -0.830161311759292,
                0.784181198072827
            ],
            "SE": [
                0.273683079203179,
                0.306892639141375,
                0.292741427851136,
                0.296890257082239,
                0.306833555563961,
                0.304446274727317,
                0.294074451332869,
                0.298343450674286,
                0.305676577010985
            ]
        },
        {
            "mean": [
                -1.35443721907732,
                -0.116939537806426,
                -0.062374364648466,
                1.73634035778113,
                -1.32315203346052,
                -1.21044967370803,
                -0.0837001753511106,
                -0.837189050773082,
                -0.783669493549347
            ],
            "median": [
                -1.35470763932738,
                -0.119561581406372,
                -0.0517167966708472,
                1.73760054638053,
                -1.40523600065512,
                -1.2209475507644,
                -0.0777103662966009,
                -0.836910028278167,
                -0.778844253423555
            ],