{
    "uid": "2832fc0c-f7b7-4dff-9586-d2676849b867",
    "scenario_uid": "b56e398eaedbdad34cec9e8a634c0fba",
    "iteration_uid": "d67d1a002efcab5400dd9c5702f987b8",
    "PD_subj": [
        {
            "mean": [
                -0.0353779213202688,
                1.08556681766999,
                0.702391233226658,
                2.43804186100059,
                -1.02532515564818,
                -0.536371569871142,
                2.50502553600434,
                -1.12913972081955,
                -0.297816505892268
            ],
            "median": [
                -0.0363502700293883,
                1.15629138847957,
                0.700547223107563,
                2.44144908266059,
                -1.02912400304367,
                -0.542115791312252,
                2.50089767625427,
                -1.13673223063262,
                -0.289745956934904
            ],
            "SE": [
                0.271146938373685,
                0.787547110161868,
                0.293148445150626,
                0.288637973980896,
                0.609379962881283,
                0.295953605619158,
                0.30492387188721,
                0.652260788795127,
                0.303927040132018
            ]
        },
        {
            "mean": [
                -2.36986296386775,
                -2.73829394090381,
                1.79064995770563,
                0.78508557431352,
                1.40528218644796,
                -2.25043616112428,
                0.401794179956967,
                -2.03699198545619,
                -0.610259550284668
            ],
            "median": [
                -2.37485960603966,
                -2.73776584686966,
                1.79605137272204,
                0.786322412753157,
                1.40232126036411,
                -2.25267389514477,
                0.397379223274808,
                -2.02705829264032,
                -0.608854082712065
            ],
            "SE": [
                0.276559503616245,
                0.608629741716391,
                0.287421693433319,
                0.291169101075092,
                0.567838175737095,
                0.283918363546142,
                0.299866353585639,
                0.605982783112406,
                0.295570864022445
            ]
        },
        {
            "mean": [
                -0.622638804273577,
                -0.167127736503628,
                1.95159363921672,
                0.0172371909095471,
                -1.84781111997398,
                1.27674991561747,
                0.352480050298438,
                -1.15282113259741,
                0.652391930884666
            ],
            "median": [
                -0.617068228071754,
                -0.190782126146544,
                1.94754143443719,
                0.022389583919334,
                -1.8536563150625,
                1.27477574328117,
                0.352623889195203,
                -1.14648564800625,
                0.652295409400435
            ],
            "SE": [
                0.27061288457196,
                0.62454013833607,
                0.286040586943037,
                0.297610651413338,
                0.567192521203139,
                0.29611508825957,
                0.311335161195878,
                0.587056950467764,
                0.296732459599626
            ]
        },
        {
            "mean": [
                0.877163907279149,
                -0.0206979210554784,
                0.87361996537249,
                1.14650213506853,
                -1.88731870385488,
                1.14545741736062,
                -0.537517017435113,
                -0.858154877870622,
                -0.539774540595829
            ],
            "median": [
                0.882778160120376,
                -0.019889699323892,
                0.876753885469769,
                1.14009154449011,
                -1.8970000214992,
                1.148288559851,
                -0.531533113557735,
                -0.860213669208231,
                -0.546356392590832
            ],
            "SE": [
                0.297072000736812,
                0.629937469891938,
                0.29117268969876,
                0.309916512122857,
                0.568945656865322,
                0.305822255318535,
                0.31524377231223,
                0.58963174595862,
                0.303656141007305
            ]
        },
        {
            "mean": [
                -0.553161710387052,
                -0.263889735570876,
                -0.648274260454655,
                -0.198243696164523,
                0.696287670100729,
                -0.144037076181832,
                3.53639194852699,
                -0.362052944858437,
                0.16689161323403
            ],
            "median": [
                -0.555160782304487,
                -0.271151531440284,
                -0.659326685579722,
                -0.199017701326383,
                0.768936095139661,
                -0.201579394850292,
                3.52764195303252,
                -0.388091268663658,
                0.191595096295862
            ],
            "SE": [
                0.272563852754119,
                0.661547207596019,
                0.317990856010201,
                0.284390991395592,
                0.708199379838952,
                0.434936045406363,
                0.308704814755459,
                0.665272858103096,
                0.345328663867369
            ]
        },
        {
            "mean": [
                0.20414074183705,
                1.04652373354895,
                0.41546860681994,
                2.13942254604682,
                -3.25456237822951,
                -1.26045709209684,
                0.182740774190536,
                -1.81574332576106,
                -0.0930009118807827
            ],
            "median": [
                0.199345722043259,
                1.04983924913356,
                0.415683222156621,
                2.13987922425621,
                -3.2600287803897,
                -1.2544436892888,
                0.181337236428694,
                -1.81627837282285,
                -0.0878337622197132
            ],
            "SE": [
                0.273916475826983,
                0.624508369057923,
                0.284945130072537,
                0.284646879077785,
                0.580188926252392,
                0.293164005430268,
                0.307117011734421,
                0.599058241095588,
                0.287927578746889
            ]
        },
        {
            "mean": [
                -0.901924351237048,
                -1.41045432090612,
                1.32206526378258,
                -1.60708553054008,
                -1.95435517779663,
                -0.122876865573615,
                1.99879709179709,
                -0.885004807788745,
                0.46347278839511
            ],
            "median": [
                -0.898686818653019,
                -1.43919697395325,
                1.32266865808843,
                -1.60564151263547,
                -1.95026595674882,
                -0.12216791036368,
                2.00684369206514,
                -0.900730988730964,
                0.470161842690642
            ],