{
    "uid": "64590045-5603-419a-a629-d943f0a620ff",
    "scenario_uid": "b56e398eaedbdad34cec9e8a634c0fba",
    "iteration_uid": "d6a0c2188ab9bcaeae59e28643dc9b47",
    "PD_subj": [
        {
            "mean": [
                0.43310848643122,
                1.60570492715364,
                1.0060887353907,
                2.3637752254022,
                -2.69943239161638,
                -1.92546265876275,
                1.74559284151013,
                -1.61462740145716,
                0.600425766277373
            ],
            "median": [
                0.433685625212896,
                1.60412223299429,
                1.00649638581909,
                2.35584489511196,
                -2.69344642578682,
                -1.92121960264621,
                1.74208111330298,
                -1.61801157058066,
                0.59651521025052
            ],
            "SE": [
                0.283776886449238,
                0.313995861269622,
                0.284993962037784,
                0.292958243294017,
                0.427415054877698,
                0.293622397570162,
                0.28497899378643,
                0.317366484063093,
                0.248682536468331
            ]
        },
        {
            "mean": [
                -0.735518070765763,
                -1.36264094645745,
                -0.135147976292234,
                1.48245459598198,
                -3.14639410646324,
                0.420133916677767,
                2.78090908488807,
                -2.10261374199536,
                0.250797252672288
            ],
            "median": [
                -0.73266444839192,
                -1.36470245222955,
                -0.12882841105554,
                1.48200639853387,
                -3.14990510601284,
                0.417099222622508,
                2.77888695261812,
                -2.10134817588405,
                0.245726918453194
            ],
            "SE": [
                0.280254740885991,
                0.309581110416205,
                0.297334217788137,
                0.294157929505391,
                0.421983075336755,
                0.28493349212443,
                0.277994167421723,
                0.324420969990353,
                0.250025443867492
            ]
        },
        {
            "mean": [
                -1.26504219939761,
                -1.51420297127134,
                1.39980804575615,
                -1.51597440671558,
                -0.10857502269661,
                -3.02303506455104,
                0.579959781350247,
                -0.198284133628912,
                -0.854654502787115
            ],
            "median": [
                -1.26967039975472,
                -1.5272924495742,
                1.3892761115591,
                -1.61057366672627,
                -0.0196164472369085,
                -3.02468691756571,
                0.615657797501836,
                -0.243927689041513,
                -0.850454980325469
            ],
            "SE": [
                0.28729695281902,
                0.319613028553205,
                0.291907145974741,
                0.527914216973669,
                0.608112356315233,
                0.289960476856677,
                0.380585801223843,
                0.397758527616185,
                0.246905557443181
            ]
        },
        {
            "mean": [
                -1.02443312435712,
                -2.6714701808379,
                2.13237558078429,
                1.19952011502688,
                1.12231831166324,
                -1.63820258279566,
                -0.405162059295157,
                -1.60078750473906,
                0.245059884948768
            ],
            "median": [
                -1.03063076746163,
                -2.66917992867444,
                2.13092897967027,
                1.19690074783944,
                1.13411499620244,
                -1.63414420988208,
                -0.413249634248047,
                -1.59623074670231,
                0.24971479084686
            ],
            "SE": [
                0.277980799057555,
                0.310097660211131,
                0.282272216827172,
                0.29201443667291,
                0.430069832195052,
                0.289177868666148,
                0.280244771266252,
                0.314871985626452,
                0.249325777644122
            ]
        },
        {
            "mean": [
                1.70172923592579,
                -0.875041585884671,
                0.921043512665998,
                2.46381835006465,
                2.02137466035306,
                -0.714831291830532,
                1.58349062678905,
                -1.99314322842998,
                0.430162228652821
            ],
            "median": [
                1.69977011520688,
                -0.880380604670176,
                0.919957794868353,
                2.4591223854647,
                2.02164946415105,
                -0.713055974120768,
                1.58274960003834,
                -1.98925542340269,
                0.425664105153225
            ],
            "SE": [
                0.275943817861274,
                0.309179882151637,
                0.296214649121515,
                0.286824214757604,
                0.422906670452614,
                0.295606239735546,
                0.286180605573011,
                0.314590746586894,
                0.253355834894292
            ]
        },
        {
            "mean": [
                1.12984137564127,
                0.667495590453973,
                1.87003476314708,
                -0.0938121878181942,
                -4.38208361828386,
                -0.880323036757258,
                0.833553713248554,
                -1.17192959177172,
                0.765907918635387
            ],
            "median": [
                1.6426756254305,
                0.664445315343975,
                1.87440087040235,
                -0.666234566550942,
                -4.38279949394383,
                -0.875473431190125,
                0.819636886627645,
                -1.1687256214271,
                0.761961880606644
            ],
            "SE": [
                1.06196251488114,
                0.31112920933321,
                0.299138321158524,
                1.13095671839285,
                0.425088027642491,
                0.28888967435861,
                0.374123656343718,
                0.320585977092996,
                0.253731659980465
            ]
        },
        {
            "mean": [
                0.322565535991624,
                -2.756594051153,
                2.71943026154857,
                2.1247169551982,
                -3.11032896620169,
                -2.03134997681068,
                0.703871877117174,
                0.782202321752804,
                0.0694159160763129
            ],
            "median": [
                0.321019083417817,
                -2.75211154788041,
                2.71966502022184,
                2.11929607738201,
                -3.10706352494891,
                -2.02593000103403,
                0.700323675582822,
                0.778237808723443,
                0.0727701055423025
            ],