{
    "uid": "845137a5-2c42-4039-b342-64f2c6597236",
    "scenario_uid": "b56e398eaedbdad34cec9e8a634c0fba",
    "iteration_uid": "d7d19c61bf057e14a11a1642b39814a6",
    "PD_subj": [
        {
            "mean": [
                0.0132026099678907,
                -3.60147203070162,
                1.40969095031886,
                2.06519379415717,
                -1.61604698510384,
                -0.105114006058553,
                0.0767396512746186,
                -0.214214339367014,
                -0.88307496650925
            ],
            "median": [
                0.0144730405851504,
                -3.59818095871306,
                1.40570726966878,
                2.05715005053101,
                -1.61729674286531,
                -0.110830189967978,
                0.0672193858559657,
                -0.215855378554196,
                -0.876907581340561
            ],
            "SE": [
                0.27787050951065,
                0.29191532510297,
                0.29208778635014,
                0.309577410139863,
                0.299896955295582,
                0.298164546160547,
                0.289911315065302,
                0.299504288246601,
                0.281982496397306
            ]
        },
        {
            "mean": [
                -0.398249207964835,
                -1.10406746399468,
                0.756850809549147,
                1.24960679680144,
                -2.8702733728312,
                0.252730573672318,
                -0.682551890459473,
                -1.72259857753404,
                -1.54179411071967
            ],
            "median": [
                -0.394197122949206,
                -1.09545663054385,
                0.766512432549809,
                1.25049532904834,
                -2.86864918046472,
                0.252942476265449,
                -0.678175258101491,
                -1.72126193205035,
                -1.54237877214027
            ],
            "SE": [
                0.288400044049978,
                0.296525332966603,
                0.286106949566459,
                0.289869381198456,
                0.293996220593848,
                0.298720718750466,
                0.286197704408946,
                0.301101763746659,
                0.286397843845696
            ]
        },
        {
            "mean": [
                -1.58557720478686,
                -2.71364027242045,
                -0.16456379587482,
                -0.253750498274367,
                -2.31530081135196,
                -1.00130788659506,
                0.0162189251913281,
                -0.136814015567892,
                -0.675029658684659
            ],
            "median": [
                -1.58024096291184,
                -2.71281263420257,
                -0.163267450936261,
                -0.254585469544505,
                -2.31484804410657,
                -1.00515517748122,
                0.0121496212730191,
                -0.130606264744856,
                -0.670117633948493
            ],
            "SE": [
                0.290386873221716,
                0.291861307464426,
                0.292947038261234,
                0.295839223673288,
                0.295539844882068,
                0.298866931356409,
                0.296780636193437,
                0.296293429145493,
                0.292458202683341
            ]
        },
        {
            "mean": [
                -0.876848840097949,
                -2.1611213231461,
                1.53075728452802,
                2.87908822044642,
                -1.51060180045532,
                0.728341995522355,
                1.04220501790149,
                -2.29591148784478,
                -1.55763931593584
            ],
            "median": [
                -0.871629393892649,
                -2.16173668731429,
                1.52455803370421,
                2.87338690391912,
                -1.50346206361578,
                0.735049927503897,
                1.03094085192529,
                -2.29330707482349,
                -1.56478054109467
            ],
            "SE": [
                0.284812875737963,
                0.29462686589109,
                0.283171266573935,
                0.303086303414937,
                0.294629175266612,
                0.306422255199752,
                0.290535965187162,
                0.285814082243198,
                0.282597539623397
            ]
        },
        {
            "mean": [
                0.0415292246099168,
                -1.09093063714695,
                -1.28756482489065,
                -0.801748518464066,
                -1.17943160338629,
                0.568603850435658,
                1.71326027780433,
                -2.15060870360168,
                1.45430650346566
            ],
            "median": [
                0.0396376284678775,
                -1.08759844785378,
                -1.30334127281095,
                -0.798075674628557,
                -1.17553490967763,
                0.560039254009854,
                1.72118764927885,
                -2.1499245275367,
                1.4617922591124
            ],
            "SE": [
                0.291015814700993,
                0.295942719714647,
                0.288002313598508,
                0.297094099969414,
                0.290414903531689,
                0.287732287759143,
                0.299157136700481,
                0.298089862193407,
                0.284770247711778
            ]
        },
        {
            "mean": [
                0.655621581689828,
                0.718378491065088,
                1.18716239971818,
                0.624438440813712,
                0.628683201806361,
                1.25349226613243,
                0.457696731140761,
                0.382066533518457,
                -1.79592553587949
            ],
            "median": [
                0.627737917124574,
                0.763229018071164,
                1.18703372624543,
                0.630191422951363,
                0.643934351191688,
                1.24959983815797,
                0.476796752609771,
                0.341237388269892,
                -1.79783939785672
            ],
            "SE": [
                0.484044367571499,
                0.508072747167584,
                0.294537332309175,
                0.316002693928566,
                0.319451619380737,
                0.294928248095972,
                0.490373175620295,
                0.473822383274423,
                0.28038079283685
            ]
        },
        {
            "mean": [
                0.810612304125823,
                -2.040438139128,
                0.49854903290383,
                -3.02894814161307,
                -0.620599804388901,
                2.62105194598645,
                -2.14700093678461,
                0.708569326326788,
                -0.991811734855337
            ],
            "median": [
                0.805878577831932,
                -2.04453298215646,
                0.498859168877925,
                -3.03210177908999,
                -0.628251679711609,
                2.62359974540498,
                -2.14590276886507,
                0.708368663968626,
                -0.985536304994744
            ],