{
    "uid": "b3b11d10-119c-4d77-99ce-19cb9aea252a",
    "scenario_uid": "b56e398eaedbdad34cec9e8a634c0fba",
    "iteration_uid": "d93babbe9d9c55c4fd514ccfe5368e33",
    "PD_subj": [
        {
            "mean": [
                -3.01124110918639,
                -0.0399207757653204,
                -0.259878557768305,
                0.127673052009604,
                0.229836860751327,
                2.54860528502271,
                0.734552137025088,
                -3.02233081708132,
                -0.0778086731342737
            ],
            "median": [
                -3.00889150249437,
                -0.0368986864041547,
                -0.262367766794435,
                0.124908851016029,
                0.236469905022479,
                2.54086820520817,
                0.734776300342238,
                -3.01097559783523,
                -0.0837986364772434
            ],
            "SE": [
                0.302747235689219,
                0.435945402193845,
                0.291326260733885,
                0.303517373723639,
                0.366313955280324,
                0.301060624138957,
                0.295636010195375,
                0.335381807611396,
                0.296807759409474
            ]
        },
        {
            "mean": [
                0.220979261841426,
                1.16199443057573,
                0.359336216574102,
                0.171870860077623,
                -4.07628492638979,
                0.854619965804351,
                1.19234988799838,
                -1.36057456267123,
                -1.01431349695604
            ],
            "median": [
                0.22309938041995,
                1.15468422007423,
                0.356709062129082,
                0.181339130893648,
                -4.07917879461157,
                0.848311586092057,
                1.18555845390499,
                -1.36448397938372,
                -1.00313165249995
            ],
            "SE": [
                0.29017411774658,
                0.431154859324681,
                0.290284167091839,
                0.30685121198136,
                0.365396521547948,
                0.291004542680368,
                0.293099819161988,
                0.32788873665617,
                0.308669761473575
            ]
        },
        {
            "mean": [
                0.294030645896383,
                -1.68507643778124,
                -0.478333015985893,
                1.40401812787332,
                -0.148618322876281,
                -1.19850113951702,
                0.528306577659545,
                -2.71428754778587,
                1.10713167912135
            ],
            "median": [
                0.291052969715558,
                -1.69391115666461,
                -0.490308926234921,
                1.40623221289628,
                -0.145639549341412,
                -1.1949276629609,
                0.527203314801278,
                -2.7167343605548,
                1.11263905606185
            ],
            "SE": [
                0.292060811759194,
                0.443667395802497,
                0.29924360070758,
                0.302987597122576,
                0.385153523808864,
                0.288103365559881,
                0.293493403445244,
                0.32852058128945,
                0.304187606003798
            ]
        },
        {
            "mean": [
                1.62857623321229,
                -3.22663038406928,
                0.712639592159687,
                2.95985162930355,
                -0.834401039921825,
                1.10257184266295,
                0.000548853545632009,
                0.653624127512785,
                -0.953211622537674
            ],
            "median": [
                1.62510696957975,
                -3.22433853055091,
                0.709139083162798,
                2.9585903686968,
                -0.835809320746806,
                1.10309580736686,
                0.00337558023815471,
                0.655066126164118,
                -0.949503124964313
            ],
            "SE": [
                0.298554081197589,
                0.436287708204015,
                0.291561071961941,
                0.305389902427363,
                0.3660501567478,
                0.293418420309006,
                0.293196924908188,
                0.324291401520526,
                0.301640909082832
            ]
        },
        {
            "mean": [
                -0.22608299859134,
                -0.846757959381888,
                -0.915001872744644,
                2.00979807077391,
                0.0849886759485254,
                -0.326346411558358,
                0.171501052158103,
                2.92656767380886,
                0.611902134834857
            ],
            "median": [
                -0.227961724012996,
                -0.847798128258364,
                -0.910157839753098,
                2.0046355509941,
                0.0849024715595006,
                -0.332357187568819,
                0.173633393952282,
                2.91791315720171,
                0.603052022590425
            ],
            "SE": [
                0.298095451795285,
                0.442884442119642,
                0.293203100430011,
                0.312278995326397,
                0.3644912638714,
                0.291226126772408,
                0.292582875327254,
                0.334116179580347,
                0.308474089568818
            ]
        },
        {
            "mean": [
                1.52190107287592,
                1.18881987675456,
                2.71226565740184,
                1.29183551335797,
                0.700644070529702,
                -0.0669558277518681,
                0.781431491461652,
                2.34958702786283,
                -2.54501478969668
            ],
            "median": [
                1.51632417338159,
                1.20402692468084,
                2.71279740070678,
                1.30184454860945,
                0.69865409639195,
                -0.0665368661943223,
                0.788371252106053,
                2.34544850177302,
                -2.55488005564657
            ],
            "SE": [
                0.295657496832235,
                0.439589115087674,
                0.291138152295567,
                0.307286709861898,
                0.362876631450898,
                0.29090636701874,
                0.286302750005873,
                0.327631629227464,
                0.310361217252485
            ]
        },
        {
            "mean": [
                0.684708846547264,
                -1.11690069963357,
                0.994448770102374,
                -0.184174655666484,
                -1.09911320422495,
                -1.23836274871232,
                3.52192816346021,
                0.410894418964695,
                1.84122950863552
            ],
            "median": [
                0.678043509087531,
                -1.16977003892199,
                0.938567362750172,
                -0.184441657243548,
                -1.08905423148956,
                -0.50532036385926,
                3.51465138689333,
                0.398321334810452,
                3.18099262859942
            ],