{
    "uid": "9ca1ca5d-a0d2-41fd-995e-3ce33640952d",
    "scenario_uid": "b56e398eaedbdad34cec9e8a634c0fba",
    "iteration_uid": "d99bce647704551291c9ae6e8eb25722",
    "PD_subj": [
        {
            "mean": [
                -0.82815787091064,
                -0.0973446370645778,
                -0.238127717613214,
                -0.107025551171883,
                0.555069713796688,
                0.483185057268685,
                1.44413738725154,
                0.21796008064576,
                0.464836476663328
            ],
            "median": [
                -0.901823912771401,
                -0.0704832258309189,
                -0.17332985667781,
                -0.195900917130795,
                0.546927688781172,
                0.518368656934211,
                1.61839054003384,
                0.218459088006712,
                0.284611623769985
            ],
            "SE": [
                0.429518914335419,
                0.343172178056344,
                0.457982486689267,
                0.478918460930397,
                0.565613685574677,
                0.642442735917737,
                0.614375048069854,
                0.348612729653911,
                0.628999027220284
            ]
        },
        {
            "mean": [
                -0.0709022141717057,
                -0.707596010841509,
                -1.20905349841649,
                -0.0993008224151878,
                -3.02716677729771,
                1.07814298354635,
                0.0257804845505964,
                -0.969864293982659,
                0.117811493791958
            ],
            "median": [
                -0.0686190232751705,
                -0.710558148479018,
                -1.22011948396552,
                -0.0982692407924992,
                -3.02764609468052,
                1.07916647588339,
                0.0210934753976044,
                -0.967267176833105,
                0.117290608338702
            ],
            "SE": [
                0.284003208182445,
                0.290502389218894,
                0.29823513922543,
                0.274828889162804,
                0.301946755590568,
                0.312666184818033,
                0.275907534911081,
                0.292584740321778,
                0.285454904733775
            ]
        },
        {
            "mean": [
                -2.33095972631666,
                -2.10499052349714,
                2.0516890817833,
                0.107513790881181,
                -0.00750827147594743,
                -1.92107197628654,
                -0.126667985716409,
                -0.236281804628571,
                -1.88608626002426
            ],
            "median": [
                -2.3252911021701,
                -2.2447249488104,
                2.04520713602574,
                0.107518028422328,
                0.0561859194818197,
                -1.91571552396337,
                -0.125648120740333,
                -0.204255110247941,
                -1.88844654906545
            ],
            "SE": [
                0.293673398124029,
                0.626250710334061,
                0.299690157305486,
                0.286735414377536,
                0.481034039945466,
                0.318330633354962,
                0.281369883496829,
                0.44358234648024,
                0.285123557746691
            ]
        },
        {
            "mean": [
                -0.211845571786788,
                -2.50340530627783,
                0.360981316349857,
                -1.23923868600981,
                -1.11935381702857,
                -3.89619666524405,
                1.5153204858649,
                0.363315237742681,
                1.81768585500247
            ],
            "median": [
                -0.208012373923534,
                -2.50712675002741,
                0.367252162560441,
                -1.24272688032458,
                -1.12075933869628,
                -3.89391599118235,
                1.513850315808,
                0.347672816865534,
                1.81057303760963
            ],
            "SE": [
                0.289827965487077,
                0.298754049830539,
                0.298470390603245,
                0.278519752122631,
                0.292706397433267,
                0.312637713016359,
                0.279040484014043,
                0.296348500918522,
                0.291008680332984
            ]
        },
        {
            "mean": [
                -0.994678322040805,
                -0.926129313982398,
                2.90895531466584,
                0.707239744309785,
                0.67944014401502,
                -0.0727129063105261,
                -1.05802130452144,
                -1.21617323958508,
                -0.567522748440806
            ],
            "median": [
                -0.990128041414573,
                -0.916853922298812,
                2.90078882344516,
                0.730543467926914,
                0.779654589055518,
                -0.073346725291543,
                -1.22558660542967,
                -1.25225029341226,
                -0.564026824810183
            ],
            "SE": [
                0.332003790973088,
                0.363504417548945,
                0.299160136864204,
                0.390564534157541,
                0.603146410661689,
                0.308665349919568,
                0.669317871547164,
                0.407438068129029,
                0.288271460029469
            ]
        },
        {
            "mean": [
                -3.74732247099029,
                -1.39942044138095,
                1.61050822959054,
                1.1228885140067,
                -0.622920923413002,
                -2.40924715269333,
                1.05598421949217,
                -1.36329968613788,
                -0.461418260560988
            ],
            "median": [
                -3.75387617019872,
                -1.40333741007618,
                1.61531748509918,
                1.12395877637106,
                -0.614638828076937,
                -2.40985548172893,
                1.06097314909507,
                -1.35525209888783,
                -0.46189174425512
            ],
            "SE": [
                0.283937261728553,
                0.289552270855372,
                0.302999299196148,
                0.27768505252042,
                0.294480505609804,
                0.312544930554331,
                0.279007374283407,
                0.297744362050748,
                0.287831771710533
            ]
        },
        {
            "mean": [
                -1.96969647041335,
                -1.94518483975499,
                1.8007433277369,
                0.401788910227916,
                0.455064170234897,
                0.65627043603267,
                -0.280686296966877,
                -0.451643818560746,
                1.0352470129338
            ],
            "median": [
                -1.96686413490218,
                -1.9483088974378,
                1.79982621195115,
                0.39541728252858,
                0.461988014600254,
                0.65551070031085,
                -0.129469918651395,
                -0.566717016745887,
                1.0377154789175
            ],