{
    "uid": "69a46184-6707-4836-ae3a-6e332d090dac",
    "scenario_uid": "b56e398eaedbdad34cec9e8a634c0fba",
    "iteration_uid": "da54738ce08acffacffe5f21b498963e",
    "PD_subj": [
        {
            "mean": [
                -1.50108879688868,
                -4.46824872228284,
                0.655409845529824,
                0.649038762362298,
                -3.67963612845323,
                0.68914127397865,
                1.02935208967242,
                -2.09350899033768,
                -0.166534481154148
            ],
            "median": [
                -1.50179929931687,
                -4.47177568779287,
                0.664453909039432,
                0.64398595326451,
                -3.67728298829614,
                0.691234075648437,
                1.02993375640236,
                -2.09743086160906,
                -0.160075284310512
            ],
            "SE": [
                0.282493028503453,
                0.284012808948235,
                0.289874635379809,
                0.286080697431779,
                0.3037360544463,
                0.301449230872105,
                0.312944632007497,
                0.308061635676115,
                0.293401533259548
            ]
        },
        {
            "mean": [
                -1.47176473820309,
                -0.861534533859388,
                -0.452222207921398,
                0.740410116546813,
                -0.217828983551544,
                -3.42334754052444,
                0.14249068966229,
                -1.9799484751884,
                0.73787529365963
            ],
            "median": [
                -1.47488644756819,
                -0.865872508253396,
                -0.464566632314596,
                0.739622727863599,
                -0.217093751881846,
                -3.42176894281463,
                0.140396234647332,
                -1.99627270709187,
                0.740724872756934
            ],
            "SE": [
                0.292621919107747,
                0.285200567135336,
                0.290340403522538,
                0.282973870139665,
                0.302660264753719,
                0.29968702551724,
                0.305426748735615,
                0.305943448044488,
                0.295802934080017
            ]
        },
        {
            "mean": [
                -0.104369151782507,
                -0.73045068420658,
                0.0525114548419525,
                1.91067880731888,
                0.0468235412322249,
                1.35930653018799,
                4.05704912555934,
                -0.574029027359839,
                0.442309985520401
            ],
            "median": [
                -0.10466195950539,
                -0.737124431904117,
                0.0482949013505383,
                1.91749034922434,
                0.046086416632379,
                1.35587548901179,
                4.06046601166425,
                -0.574192111566841,
                0.44151106213871
            ],
            "SE": [
                0.281874796900285,
                0.288018242060782,
                0.297738521181352,
                0.291068597776989,
                0.306941453730967,
                0.305320976237261,
                0.302266716781514,
                0.300310684999825,
                0.286800077574331
            ]
        },
        {
            "mean": [
                -0.836048389342908,
                -2.34140869304669,
                0.784724869969257,
                2.41228209796732,
                -0.73495874021769,
                -0.299788291906403,
                -1.80127742832872,
                -1.54151810825776,
                0.584111358247429
            ],
            "median": [
                -0.834532944281904,
                -2.34109671461243,
                0.789259727942731,
                2.41173171578562,
                -0.730441760537401,
                -0.29663167823238,
                -1.80479941036036,
                -1.53876789524233,
                0.589237091371141
            ],
            "SE": [
                0.284376522349538,
                0.293957981058909,
                0.292047173802073,
                0.284567723464615,
                0.302567067131014,
                0.303694998185191,
                0.297330477379347,
                0.305752392123181,
                0.284902569455681
            ]
        },
        {
            "mean": [
                -2.45947331480051,
                -1.48061074269401,
                0.446660631447244,
                1.08042603446985,
                -1.27528963733614,
                -0.126334501128925,
                2.67130826237047,
                -0.713995608642484,
                -1.67159303243428
            ],
            "median": [
                -2.45729557024262,
                -1.48347570779178,
                0.43961814672112,
                1.07132437398506,
                -1.27365856189454,
                -0.121245764385844,
                2.66602698180374,
                -0.707019620610494,
                -1.67190156451428
            ],
            "SE": [
                0.285316015823783,
                0.289683956058115,
                0.297807870981914,
                0.285507572634734,
                0.309940434612731,
                0.302900636208583,
                0.300645805129393,
                0.306755623583993,
                0.290491547855862
            ]
        },
        {
            "mean": [
                0.829873073436226,
                -1.26127243308338,
                1.10141974271809,
                1.9029100228464,
                -1.48001723981088,
                0.153674046606837,
                3.07721877995836,
                -1.74063233597895,
                0.270135055138932
            ],
            "median": [
                0.821172662159429,
                -1.25937419754724,
                1.09218288468513,
                1.90041626897408,
                -1.4866006444403,
                0.14886075306158,
                3.07674349305189,
                -1.73334921342577,
                0.260248923144213
            ],
            "SE": [
                0.288597859953025,
                0.295273593067699,
                0.288589228373326,
                0.286554690671382,
                0.303745330875375,
                0.3034298534438,
                0.30223950898798,
                0.301916273128139,
                0.288774450227294
            ]
        },
        {
            "mean": [
                0.00154939729074336,
                -0.0750748987534153,
                0.196899555713186,
                -1.54328709159739,
                -0.791413384983387,
                0.934184949631676,
                2.33157653793165,
                -2.4835263179508,
                -0.978529393222331
            ],
            "median": [
                0.00335382878092229,
                -0.0784897566101246,
                0.193837899446314,
                -1.54605186121588,
                -0.790789144426368,
                0.940720443958704,
                2.33024045885943,
                -2.47687946806063,
                -0.980416068645344
            ],