{
    "uid": "d481cbaa-c3b4-4e60-b9d9-98105ace943d",
    "scenario_uid": "b56e398eaedbdad34cec9e8a634c0fba",
    "iteration_uid": "e1d7339cd17bb03d5be2d58b12232cbe",
    "PD_subj": [
        {
            "mean": [
                -4.06634441203924,
                -1.70470207164263,
                0.414773537016832,
                3.72739612738414,
                -1.50884768073833,
                1.82575696072506,
                0.544651448588025,
                -2.40952739464486,
                -0.282099843539497
            ],
            "median": [
                -4.06191087022429,
                -1.70451227269498,
                0.411152158941231,
                3.72755244938765,
                -1.50850351385311,
                1.82833409475845,
                0.537785354853106,
                -2.41127557855666,
                -0.277387241780065
            ],
            "SE": [
                0.29074547720767,
                0.299907002163599,
                0.285279434075332,
                0.304554622351847,
                0.289923448460573,
                0.304249882209341,
                0.295218505988269,
                0.300666757588733,
                0.305235738996824
            ]
        },
        {
            "mean": [
                -1.2332022174868,
                -0.329903215130038,
                -1.24882368783096,
                -0.395915042420049,
                -2.59022936696803,
                -2.27638055862885,
                1.4748200334267,
                0.398922869686365,
                2.59144841611493
            ],
            "median": [
                -1.22984017098028,
                -0.325305885699525,
                -1.25832813675417,
                -0.384515289779136,
                -2.58515008577409,
                -2.27242458850829,
                1.47288239639544,
                0.394976763343748,
                2.59191507654528
            ],
            "SE": [
                0.297792123040265,
                0.300657908954435,
                0.29198385871817,
                0.303481993466357,
                0.292652576373229,
                0.306805841088535,
                0.29822532529017,
                0.296098402001826,
                0.307560708233547
            ]
        },
        {
            "mean": [
                0.659918911408782,
                -2.43173560925763,
                1.52701628395464,
                3.30804513912963,
                -1.76904116896152,
                -2.74946340743295,
                -0.322692224388903,
                -0.895640504855433,
                0.090332526816253
            ],
            "median": [
                0.653597662087051,
                -2.43665548402519,
                1.52081118869253,
                3.30495828298756,
                -1.76649776270261,
                -2.74906192290107,
                -0.313844816807984,
                -0.891388916329724,
                0.0871283196176426
            ],
            "SE": [
                0.291535340372796,
                0.294472662340136,
                0.281361796791258,
                0.302296785836661,
                0.296860783677108,
                0.31431468046951,
                0.302300167100657,
                0.299937024648684,
                0.312471529848635
            ]
        },
        {
            "mean": [
                -2.56740763124678,
                0.240360608391946,
                0.327523595097454,
                2.67141405900424,
                -1.36764817011883,
                -1.09518713883448,
                1.36572881439107,
                -0.78869742397325,
                -0.986814865861627
            ],
            "median": [
                -2.56823277881972,
                0.235070925994076,
                0.332842584724202,
                2.67044838658977,
                -1.56001644812221,
                -0.91326817081076,
                1.36938399308669,
                -0.697751529661143,
                -1.07089341127486
            ],
            "SE": [
                0.30666456747921,
                0.345468281221392,
                0.340809296109348,
                0.309264602794816,
                0.64688163502391,
                0.658574943505425,
                0.297075261967107,
                0.526564131221322,
                0.536081877309082
            ]
        },
        {
            "mean": [
                -0.0377083433140519,
                0.734359965715746,
                0.452057890229059,
                1.7035262716401,
                -0.38264428786562,
                -2.31386021865508,
                2.52340668461916,
                -0.557825860680118,
                2.82409930979645
            ],
            "median": [
                -0.039246017255629,
                0.732006549677178,
                0.452577290433281,
                1.71070042526721,
                -0.383084120457164,
                -2.32691532957525,
                2.52129559117925,
                -0.553881319291296,
                2.82558416784449
            ],
            "SE": [
                0.295168407841719,
                0.301832750942228,
                0.287047922884235,
                0.305997706155286,
                0.286645196356195,
                0.300693106453629,
                0.300150244730985,
                0.294167041474235,
                0.310906416446015
            ]
        },
        {
            "mean": [
                -1.2554711495741,
                1.54108639157017,
                0.933106552135162,
                1.84980771640747,
                -1.53083413241182,
                -0.227209620111525,
                -0.717637114998404,
                -1.70457528722254,
                1.7253058331701
            ],
            "median": [
                -1.25383952239972,
                1.53975076490723,
                0.931835451015579,
                1.84731884494106,
                -1.52290997296511,
                -0.226930519660093,
                -0.717584011634273,
                -1.70371994227789,
                1.72959921528094
            ],
            "SE": [
                0.296277018744145,
                0.3095213907521,
                0.281417839618304,
                0.305396621111313,
                0.29240674330866,
                0.3033879411082,
                0.298892968632107,
                0.31211355380994,
                0.303325750112776
            ]
        },
        {
            "mean": [
                0.996402452675548,
                -1.38978509917034,
                0.100482378830867,
                0.0322007056252853,
                -1.42251165384328,
                -0.237912139158358,
                1.53179275364472,
                0.30971320304819,
                -2.37586538971992
            ],
            "median": [
                0.996697848050151,
                -1.39494045760131,
                0.110664507518197,
                0.0219953409919349,
                -1.42212963156866,
                -0.237714279243237,
                1.53469159982841,
                0.320268723919504,
                -2.37471879313832
            ],