{
    "uid": "5e3ccb1c-c99e-413f-8538-5226f2d18657",
    "scenario_uid": "b56e398eaedbdad34cec9e8a634c0fba",
    "iteration_uid": "e3400ead883d27669ff736e6c7d12845",
    "PD_subj": [
        {
            "mean": [
                1.63388511812011,
                -1.98598658668296,
                1.43550735280208,
                3.9681637016956,
                1.01757155020919,
                -0.0403926491957756,
                -1.27298515338573,
                -0.871022187236955,
                0.497538061886619
            ],
            "median": [
                1.63343296964108,
                -1.98537875154787,
                1.42586789396929,
                3.95819751049403,
                1.01323193691478,
                -0.0337818972614031,
                -1.26362659314895,
                -0.873767771578787,
                0.501039978430246
            ],
            "SE": [
                0.294100871092795,
                0.640359072019232,
                0.421566849670882,
                0.314920246978678,
                0.617700377948635,
                0.415162529337659,
                0.297892369708451,
                0.435315283612906,
                0.387365756385855
            ]
        },
        {
            "mean": [
                0.384527744529738,
                -1.3613977042438,
                0.206106950762988,
                1.9597679379099,
                -2.45552392429748,
                0.950632444772639,
                -1.43109701617347,
                -3.04303706953084,
                0.68609588748839
            ],
            "median": [
                0.390049283121647,
                -1.36612884841006,
                0.204715082071259,
                1.96576795659537,
                -2.43205840903485,
                0.947178050157617,
                -1.43984301318795,
                -3.03485117887239,
                0.68713079510205
            ],
            "SE": [
                0.289466924754761,
                0.648560582859637,
                0.277088472070816,
                0.305808978676712,
                0.610526296227053,
                0.270177767093442,
                0.299137838652547,
                0.426911196474752,
                0.280783971938243
            ]
        },
        {
            "mean": [
                -0.0654201111626569,
                -0.914290921925041,
                1.44711860759965,
                2.61527831050939,
                0.778022475269261,
                -0.0376203744694494,
                1.849818161206,
                -3.42187422262973,
                0.503737789558867
            ],
            "median": [
                -0.0751706888834552,
                -0.914597574209934,
                1.44364646317303,
                2.61575132418463,
                0.784225835648804,
                -0.0241807311979305,
                1.84441539346125,
                -3.41614339603015,
                0.501401574684181
            ],
            "SE": [
                0.296234979271884,
                0.64792389424276,
                0.429563998207391,
                0.313811769064302,
                0.618972312090988,
                0.412654949632734,
                0.30197772228636,
                0.423032291608469,
                0.384598667784535
            ]
        },
        {
            "mean": [
                -0.758794609365122,
                -0.408311757340131,
                2.57548934665134,
                2.80434503086514,
                0.128193327204773,
                -0.859605842719891,
                1.19860392077719,
                -0.509077472998015,
                1.93388988310468
            ],
            "median": [
                -0.757244398584457,
                -0.401101645389457,
                2.57439705834792,
                2.81202843681364,
                0.102330375452713,
                -0.85232761413828,
                1.20617596342916,
                -0.50686472186694,
                1.93942953018164
            ],
            "SE": [
                0.295454892044198,
                0.640116101569253,
                0.289937933321746,
                0.30901376701511,
                0.601363458708888,
                0.269707906260358,
                0.306580882307006,
                0.410618831810071,
                0.273837041192376
            ]
        },
        {
            "mean": [
                -0.900684880208437,
                -0.259890558577558,
                1.69228275664415,
                1.02265721957612,
                -1.716381695714,
                1.15910930061997,
                1.6061120934283,
                1.43061109761304,
                0.149469992999357
            ],
            "median": [
                -0.895784660146818,
                -0.257164575684444,
                1.69217216524037,
                1.02888320585303,
                -1.70891948536033,
                1.15865970937732,
                1.60977068464654,
                1.42971987635546,
                0.144768257236271
            ],
            "SE": [
                0.287239275539438,
                0.63504772947754,
                0.282177809626515,
                0.308075011482426,
                0.616039170080377,
                0.283037919625718,
                0.296532200485446,
                0.438278833804115,
                0.27442835742511
            ]
        },
        {
            "mean": [
                0.058521208229778,
                -0.332035335992067,
                1.26833457623973,
                -2.34082882728879,
                -1.03992451696663,
                -1.35671129601273,
                1.23484259559509,
                -1.9420025109172,
                -0.702984964019551
            ],
            "median": [
                0.0653998451844403,
                -0.348474740814598,
                1.27342973672505,
                -2.35257065647678,
                -1.04871272644587,
                -1.35470151072043,
                1.22956722931765,
                -1.93299236222449,
                -0.707733171751143
            ],
            "SE": [
                0.297094596941687,
                0.637356165302516,
                0.284227779940212,
                0.311221425588853,
                0.607353838545068,
                0.27864623577295,
                0.294301989648145,
                0.422381674914195,
                0.272086738276872
            ]
        },
        {
            "mean": [
                -1.91048945391255,
                0.820354639106253,
                2.90959985955518,
                4.47540944585605,
                -2.26949488868237,
                -0.187953165509557,
                1.86239316055595,
                -2.11641614189116,
                1.26044914338537
            ],
            "median": [
                -1.90410865679868,
                0.816138491134435,
                2.91557559493412,
                4.48267771601826,
                -2.2576077512006,
                -0.191281596534822,
                1.85674218408227,
                -2.12356133942796,
                1.25764874071828
            ],