{
    "uid": "c2af9586-e542-40d6-a16e-a7aa91cb864d",
    "scenario_uid": "b56e398eaedbdad34cec9e8a634c0fba",
    "iteration_uid": "e35ad63b148ae97279074396e5c9b388",
    "PD_subj": [
        {
            "mean": [
                -0.594570573709143,
                -1.23699691636979,
                0.0756910483603905,
                0.897545727634613,
                -2.0652912758886,
                0.378639183341169,
                1.30131953874992,
                -2.19991395149899,
                -1.46190999497862
            ],
            "median": [
                -0.605176277701727,
                -1.23159153340242,
                0.0752695448020008,
                0.901370610750976,
                -2.05296404004924,
                0.380458850226769,
                1.28783703687989,
                -2.19943557149265,
                -1.45923248427527
            ],
            "SE": [
                0.605876787187339,
                0.289216223375967,
                0.306228181376284,
                0.353598640221698,
                0.287309257913205,
                0.28027299920226,
                0.372283155874444,
                0.293871267059224,
                0.284525478257984
            ]
        },
        {
            "mean": [
                0.83004801185003,
                0.541843001495958,
                0.560382352340715,
                1.85296822373351,
                -1.00871686816885,
                -0.950173479847605,
                0.942431652148092,
                -1.34981452277056,
                -1.34656893878731
            ],
            "median": [
                0.826968696479315,
                0.543878432938127,
                0.559552562628928,
                1.85877251037143,
                -1.01313539821241,
                -0.95681666736942,
                0.943423774764803,
                -1.3500282878962,
                -1.34919644636266
            ],
            "SE": [
                0.620709959532166,
                0.301892758253929,
                0.313342557163675,
                0.362486886137446,
                0.34817461986721,
                0.339577329591376,
                0.360376038249592,
                0.304254537265667,
                0.301206159265857
            ]
        },
        {
            "mean": [
                -0.418583848111404,
                -0.00578311878530533,
                -0.123701681969993,
                -0.316710062904802,
                -1.03187125987349,
                -1.03036951827917,
                2.13080542163424,
                -1.49857166815446,
                -1.51048652539259
            ],
            "median": [
                -0.415463889754161,
                0.00973845494621375,
                -0.144253634402011,
                -0.314283255696754,
                -1.03572867172559,
                -1.03644231551444,
                2.12855241472348,
                -1.5010934118973,
                -1.52155432621128
            ],
            "SE": [
                0.624890528160789,
                0.419238856052756,
                0.438530381811399,
                0.35892146660993,
                0.303960092971834,
                0.307729317253764,
                0.363318406112654,
                0.303200049418158,
                0.30979830024517
            ]
        },
        {
            "mean": [
                -0.189143291631312,
                0.87214644599391,
                0.64784867819766,
                0.496661170121309,
                -1.81561733816602,
                -1.38965961968921,
                0.95827940232689,
                -2.8646511869518,
                -2.40063749030541
            ],
            "median": [
                -0.238860054492729,
                0.896525820972762,
                0.826084970180657,
                0.502961302700766,
                -1.82821314303984,
                -1.73462863015687,
                0.896688581952433,
                -2.90714373652106,
                -2.85075044493189
            ],
            "SE": [
                0.741504411750142,
                0.364877723970457,
                0.666981902829989,
                0.389003798294605,
                0.332800045254612,
                0.962563206568216,
                0.504844588899699,
                0.435933738249337,
                1.19991534019879
            ]
        },
        {
            "mean": [
                1.15610073269347,
                -0.541833698744605,
                -0.527647353130418,
                -2.69079142047375,
                -0.357486316476591,
                -0.264172423280974,
                0.582891301315854,
                -1.85634789155435,
                -1.84060125643835
            ],
            "median": [
                1.15569868357543,
                -0.547094597292446,
                -0.5332728440635,
                -2.68248816374966,
                -0.557617482962544,
                -0.0174700685828444,
                0.581844117381471,
                -1.85898357500259,
                -1.83979558890731
            ],
            "SE": [
                0.638811420184773,
                0.288139925920581,
                0.283476103992665,
                0.355511201671288,
                0.784834012401938,
                0.781931967476598,
                0.364497953224354,
                0.285335657143251,
                0.292083991456589
            ]
        },
        {
            "mean": [
                -0.999821975415956,
                0.119354474492444,
                0.475177705130906,
                2.39480040636707,
                -3.77817027770031,
                -0.493305641891671,
                3.32270022674424,
                0.0066652335095584,
                -3.77759144885787
            ],
            "median": [
                -1.00445059183571,
                0.126189952255862,
                0.481431937280739,
                2.40226325889588,
                -3.77716507740688,
                -0.487112407641785,
                3.31855153785213,
                0.00828341534355943,
                -3.78289149520257
            ],
            "SE": [
                0.626712548849523,
                0.285680428571409,
                0.281481417769642,
                0.364830625060886,
                0.297857406596164,
                0.288672378216104,
                0.360014721443181,
                0.285778307886208,
                0.284078044900136
            ]
        },
        {
            "mean": [
                0.708754418197825,
                -1.13953590309209,
                2.82180167262607,
                0.735784407148396,
                0.204490781816244,
                -0.519763294520124,
                1.03069626988433,
                -2.56645006368153,
                -1.60854142160792
            ],
            "median": [
                0.713679772243818,
                -1.13906977788264,
                2.82022703720157,
                0.732281454157107,
                0.198059612635041,
                -0.513248939231836,
                1.03752912447087,
                -2.57350446392786,
                -1.61165469500967
            ],