{
    "uid": "96517f29-3b52-4fa9-91bc-ab522566317d",
    "scenario_uid": "b56e398eaedbdad34cec9e8a634c0fba",
    "iteration_uid": "e3af1988aada68f561c699c7248fbee0",
    "PD_subj": [
        {
            "mean": [
                -1.09460943057237,
                1.33058190655582,
                0.667009397591601,
                1.45637859914063,
                -1.0121205133389,
                -1.93052643806662,
                -0.376119069835346,
                -3.33420346749058,
                -1.98552340143852
            ],
            "median": [
                -1.10344900858229,
                1.33137646234848,
                0.66142367529911,
                1.45428138848691,
                -1.02575463325757,
                -1.93380909229204,
                -0.372671973490082,
                -3.32482692855014,
                -1.98442562233966
            ],
            "SE": [
                0.290241006777282,
                0.366025871395747,
                0.282988616279734,
                0.280031167496746,
                0.616481345105376,
                0.289397835902965,
                0.286260452752699,
                0.342422527737346,
                0.302531364803483
            ]
        },
        {
            "mean": [
                1.37110341683108,
                -0.820180659796528,
                0.792716127405469,
                2.43813744865161,
                -0.95567760070023,
                -0.830851935258637,
                1.08710695368098,
                -2.46874032103118,
                -0.253301092952584
            ],
            "median": [
                1.35701265129428,
                -0.820774725494129,
                0.785700552502983,
                2.43463943818076,
                -0.967993375002703,
                -0.832732652019063,
                1.08238823081495,
                -2.46966217006897,
                -0.246695395100828
            ],
            "SE": [
                0.288597141011691,
                0.36230590628801,
                0.289095777345861,
                0.284394538413797,
                0.650999924242399,
                0.283052779384802,
                0.276607875430878,
                0.339556754666701,
                0.298521728548736
            ]
        },
        {
            "mean": [
                -1.52872038526272,
                0.783054379267713,
                1.78045481392335,
                0.448804838571949,
                -0.409819554459396,
                -0.163348577986634,
                2.03684595980664,
                0.484237544206997,
                -1.60149208620075
            ],
            "median": [
                -1.5262978415341,
                0.77701726238367,
                1.77309000841755,
                0.448859094167773,
                -0.415063075927255,
                -0.157159210961646,
                2.03779596262828,
                0.492641455675494,
                -1.596810465024
            ],
            "SE": [
                0.295233137722859,
                0.364113761646524,
                0.274322527458876,
                0.283199233617336,
                0.659725318741222,
                0.283580508141649,
                0.288724211120254,
                0.341920076502564,
                0.296028799330546
            ]
        },
        {
            "mean": [
                -2.03994148710217,
                -1.91705139584118,
                0.363052633119756,
                1.26489224617907,
                -0.684065339035859,
                0.183664620527657,
                2.09519169678228,
                -1.94616542815449,
                1.70991604312842
            ],
            "median": [
                -2.04233151989679,
                -1.91696341440699,
                0.366462302182546,
                1.2674045851861,
                -0.678401424683326,
                0.182340252918794,
                2.09556432908741,
                -1.95358315214601,
                1.70726822126333
            ],
            "SE": [
                0.299735928135059,
                0.365167314692455,
                0.285601572998699,
                0.284539356106377,
                0.637455856248029,
                0.29281782992038,
                0.291717357338887,
                0.329750800274446,
                0.304312756607832
            ]
        },
        {
            "mean": [
                -1.31981262119869,
                0.639694018145974,
                2.05693355914804,
                1.47871099268263,
                -1.93278516303093,
                -0.177146050921103,
                -0.669079900050904,
                -0.595036331763331,
                -0.571404323977612
            ],
            "median": [
                -1.32177088960012,
                0.645782796580303,
                2.05351186632844,
                1.47788832427817,
                -1.92174011653796,
                -0.186378146607181,
                -0.670080226518186,
                -0.597315815680771,
                -0.571131238181651
            ],
            "SE": [
                0.299078133576627,
                0.379256289668126,
                0.292610879681388,
                0.274627305353235,
                0.645085946604163,
                0.285734104570336,
                0.30141214383941,
                0.329786486319286,
                0.289121183725897
            ]
        },
        {
            "mean": [
                -1.07948944135689,
                -1.62075501216464,
                0.683677588321443,
                0.517776474849524,
                2.41702825170064,
                -0.870893826312366,
                -0.335783764609067,
                0.724501010243786,
                0.913883821029559
            ],
            "median": [
                -1.08572892287541,
                -1.62767924566678,
                0.679340947186793,
                0.509105384058909,
                2.43615644794074,
                -0.870111271319682,
                -0.335409590388724,
                0.72886106163414,
                0.916657321150887
            ],
            "SE": [
                0.296011993954164,
                0.353661965915439,
                0.285098366537596,
                0.285042537473371,
                0.660180438569042,
                0.280992407393706,
                0.290696137378719,
                0.347766323928824,
                0.305351858548695
            ]
        },
        {
            "mean": [
                -1.16683233310145,
                -3.13294864690656,
                1.21380931709033,
                0.823075303268875,
                -1.3206294493051,
                -0.769909009557721,
                0.735486098510443,
                -1.90519524252563,
                1.5841512023797
            ],
            "median": [
                -1.16446038477036,
                -3.14756073408216,
                1.21062143832336,
                0.820232448544105,
                -1.30941965397135,
                -0.766671663834324,
                0.734350837585729,
                -1.90550448118097,
                1.57960135925135
            ],