{
    "uid": "242f6f00-bd22-495d-b080-f7525429d1da",
    "scenario_uid": "b56e398eaedbdad34cec9e8a634c0fba",
    "iteration_uid": "e62b39d243f09fa150834851ffa521bf",
    "PD_subj": [
        {
            "mean": [
                0.622643200148571,
                0.101424191188238,
                2.10125415799756,
                2.3332081135693,
                -2.43893084731401,
                -0.574742084507259,
                0.160779488280235,
                -2.64764431744308,
                -0.0380422883297278
            ],
            "median": [
                0.620370388000805,
                0.105764146290869,
                2.09952309545524,
                2.32956180158963,
                -2.43259068762576,
                -0.57189952405258,
                0.161913770441714,
                -2.64477221663406,
                -0.0329458177130573
            ],
            "SE": [
                0.306025014318836,
                0.286769381563133,
                0.294772880513971,
                0.300504106165767,
                0.291088998170146,
                0.296530336859334,
                0.297848881179629,
                0.298642198423821,
                0.273105938053256
            ]
        },
        {
            "mean": [
                0.728351167144724,
                1.60531406909245,
                0.790473152577436,
                1.43522243292574,
                -0.047449892437823,
                1.37663626230062,
                -0.051656128812702,
                -2.18860641977092,
                -0.195055496332966
            ],
            "median": [
                0.733228453231841,
                1.6072739849036,
                0.812425451453663,
                1.43287013947482,
                -0.0521396612087903,
                1.38219327915138,
                -0.0590155472719801,
                -2.18801778066389,
                -0.276524369244989
            ],
            "SE": [
                0.380173817690556,
                0.304305315755663,
                0.358746219606673,
                0.352926150844084,
                0.302014478934999,
                0.364522642027649,
                0.541768908797778,
                0.301616453086876,
                0.463202024452801
            ]
        },
        {
            "mean": [
                -1.77526187102196,
                -1.43980147662365,
                -2.07008847808142,
                1.12593165746207,
                -0.865710219203972,
                -1.2666187887939,
                -0.405807973208769,
                0.269633967268685,
                -1.07932974540906
            ],
            "median": [
                -1.76349737254641,
                -1.43927607393655,
                -2.06462510173817,
                1.12109550403966,
                -0.859964447990593,
                -1.27174323973987,
                -0.407027129162899,
                0.27824051739129,
                -1.08009807571534
            ],
            "SE": [
                0.301791531417343,
                0.310997445715995,
                0.283300952971677,
                0.288316788321724,
                0.28696946617702,
                0.2948038844645,
                0.29224427818366,
                0.327169022969398,
                0.26198062892668
            ]
        },
        {
            "mean": [
                -0.350481860377039,
                -0.0106131584869494,
                -0.911630586525403,
                -0.648606869126198,
                -0.943703207125227,
                0.971039726523125,
                2.54280569627449,
                -0.826144448747301,
                0.343900887685793
            ],
            "median": [
                -0.350673641783659,
                -0.00818857271679669,
                -0.915838758453072,
                -0.645416112074731,
                -0.93981652185653,
                0.984864768412958,
                2.54738861225931,
                -0.823021121394147,
                0.347337349928704
            ],
            "SE": [
                0.305490818895888,
                0.300957355074432,
                0.289815489662603,
                0.290534718504035,
                0.283511030802441,
                0.293494351273504,
                0.298902327781107,
                0.30267583363663,
                0.262607115313768
            ]
        },
        {
            "mean": [
                0.661622626177856,
                0.783588462979283,
                0.344158265622033,
                -1.11080220367809,
                -2.68601734075678,
                1.22940029765398,
                2.56377365160737,
                -0.0388536939550185,
                0.261871422631716
            ],
            "median": [
                0.656193005743206,
                0.786475090252332,
                0.337508604754684,
                -1.11874825740254,
                -2.68725811639815,
                1.22772014225753,
                2.56126929493106,
                -0.0385568349054566,
                0.261441314867577
            ],
            "SE": [
                0.301531849245953,
                0.292165750540581,
                0.286931383341798,
                0.302171765365808,
                0.290060900950524,
                0.29466368844653,
                0.300668535204583,
                0.291590481842019,
                0.263877766991316
            ]
        },
        {
            "mean": [
                1.19428451920026,
                1.2794614233907,
                -0.197413484128514,
                -2.07361730251174,
                -0.865268063592849,
                -0.821669742644673,
                -0.510058876651454,
                -2.91299382131245,
                0.244210818375951
            ],
            "median": [
                1.19642622708454,
                1.28611126946856,
                -0.202355133218448,
                -2.07324669772751,
                -0.867295167525735,
                -0.829594693597027,
                -0.501991925120961,
                -2.91755887953478,
                0.250310103053926
            ],
            "SE": [
                0.302029404163645,
                0.280198065777906,
                0.296464960496143,
                0.30089705216051,
                0.289597302295021,
                0.29143322620908,
                0.29614599937142,
                0.3008717372812,
                0.261342428093903
            ]
        },
        {
            "mean": [
                1.39621971655767,
                -0.809977811882505,
                1.65342118594576,
                2.40970576289998,
                0.228450651689443,
                1.10200588341502,
                1.20564107475193,
                -1.26849537375752,
                -0.260196695232727
            ],
            "median": [
                1.39801752650956,
                -0.82188572475036,
                1.65611589486219,
                2.410096479002,
                0.225238057489482,
                1.09798127075023,
                1.20685783826844,
                -1.26318246856558,
                -0.261871226325626
            ],