{
    "uid": "5c8fb3a4-9be1-492f-8dc1-2e3e7a0634aa",
    "scenario_uid": "b56e398eaedbdad34cec9e8a634c0fba",
    "iteration_uid": "e70f0f4223be50ce38f2f8b02c838a30",
    "PD_subj": [
        {
            "mean": [
                0.361613006781894,
                0.455163647881962,
                0.358397566861854,
                0.770123448116553,
                0.889014171763947,
                0.755114751136485,
                0.015259799151085,
                -2.34682963416374,
                0.0102129853469347
            ],
            "median": [
                0.354460971670979,
                0.452838916966512,
                0.354050497805934,
                0.763049339118355,
                0.897667271327311,
                0.765718566984531,
                0.0212043043829183,
                -2.34694305048807,
                0.0132502284963031
            ],
            "SE": [
                0.298707270225933,
                0.275830684772813,
                0.312798028976196,
                0.29141555715142,
                0.305105139118667,
                0.304307566726473,
                0.290186308128574,
                0.297211464324978,
                0.317616882866351
            ]
        },
        {
            "mean": [
                0.382584507195325,
                0.762392581177614,
                0.783673673065407,
                -0.74272764412776,
                -1.52658445878859,
                -1.54396187209587,
                0.0266174567336504,
                -0.427968893931388,
                -0.445650894845755
            ],
            "median": [
                0.543726820349669,
                0.784680072129957,
                0.784977465209186,
                -1.31051019615898,
                -1.5411162087741,
                -1.56070393025492,
                0.336822311119006,
                -0.412632342931059,
                -0.52324293158382
            ],
            "SE": [
                0.726149098259644,
                0.397486801812985,
                0.363197906196682,
                1.15480521961474,
                0.384412667537793,
                0.312275093449604,
                0.922857950823752,
                0.745409039499484,
                0.767960977480818
            ]
        },
        {
            "mean": [
                -0.901299747524839,
                -0.923102311689565,
                0.849532341532438,
                0.921669517899118,
                -0.725841413658993,
                -0.96704174377061,
                2.12831682787659,
                -1.04791324908702,
                -0.291768396226143
            ],
            "median": [
                -0.898721746777191,
                -0.921092321855063,
                0.858552427434567,
                0.914586989690338,
                -0.732906348694274,
                -0.965791689342838,
                2.12930593870303,
                -1.04701358306586,
                -0.291367703310879
            ],
            "SE": [
                0.284599464436073,
                0.259900645274313,
                0.298252950583495,
                0.289352205252609,
                0.3044415714777,
                0.284858190795397,
                0.293099949884437,
                0.294572540070506,
                0.293567825683714
            ]
        },
        {
            "mean": [
                -1.91808199566523,
                -0.85718605360213,
                2.75695331189868,
                -0.4714455725434,
                -0.626499681823461,
                -0.311241463209787,
                -0.740134491986874,
                -2.45089191895101,
                1.24230105587078
            ],
            "median": [
                -1.9132864347404,
                -0.861142893194324,
                2.75601852750611,
                -0.468122489873599,
                -0.626541904855558,
                -0.313297030239863,
                -0.737192395359586,
                -2.45372351132077,
                1.23703924633298
            ],
            "SE": [
                0.286860144908951,
                0.276361283252354,
                0.296130688617039,
                0.298354714766249,
                0.297666722873925,
                0.291557856355988,
                0.280661465220239,
                0.301324044860782,
                0.29596448457463
            ]
        },
        {
            "mean": [
                -1.7237223648741,
                -1.2541399188623,
                2.0868032555675,
                0.00116241120795882,
                -0.689795619561161,
                -0.415739982028872,
                1.06044058358475,
                -0.664213707657638,
                1.00867749498894
            ],
            "median": [
                -1.72810057602716,
                -1.25641467121312,
                2.08394613505372,
                0.000739105683538605,
                -0.692417091362993,
                -0.411732471595084,
                1.06696816758492,
                -0.669863715893974,
                1.00664783205704
            ],
            "SE": [
                0.284368211044947,
                0.276266538268827,
                0.291393607063183,
                0.284953120167258,
                0.29984031872633,
                0.283380380925289,
                0.276022751428381,
                0.320199011126559,
                0.297226894266979
            ]
        },
        {
            "mean": [
                -0.640896285591895,
                -1.00657360648754,
                2.4928641702132,
                3.50069131471424,
                -2.553667704135,
                -1.19781685489853,
                0.154218218791014,
                -3.12795319163166,
                -2.00042524164358
            ],
            "median": [
                -0.645695909975258,
                -1.0092682703874,
                2.50368983894923,
                3.49553068731075,
                -2.56012521566027,
                -1.19483425139947,
                0.154902581828984,
                -3.11646080993862,
                -2.00225981810046
            ],
            "SE": [
                0.278515452777331,
                0.271388240540232,
                0.293761458058661,
                0.29015989916787,
                0.302306549099688,
                0.288785826196411,
                0.287072554829708,
                0.29884386056763,
                0.289406289205547
            ]
        },
        {
            "mean": [
                -1.27671552323598,
                -1.25183452349183,
                -2.0225878956072,
                -0.41880426514471,
                3.23910014170097,
                -2.23249180620543,
                1.39427565508937,
                -1.87733510529281,
                -0.156627021420202
            ],
            "median": [
                -1.28184739741118,
                -1.25483977263881,
                -2.02040090342924,
                -0.421803398472679,
                3.23738077334777,
                -2.22238008927971,
                1.40452198688315,
                -1.87853045687066,
                -0.147882205085639
            ],