{
    "uid": "24df5214-d153-4804-abc5-78e1d3ff5acd",
    "scenario_uid": "b56e398eaedbdad34cec9e8a634c0fba",
    "iteration_uid": "e7371a8e20cfbea3dbffab8d816713bf",
    "PD_subj": [
        {
            "mean": [
                0.85814691335534,
                -2.08825479917378,
                0.130681029689519,
                0.391707509487156,
                -0.409508953967851,
                0.269899896699224,
                2.37968631662854,
                -0.546681342977785,
                -1.20824120913706
            ],
            "median": [
                0.857649231264658,
                -2.09652855653012,
                0.123348652250136,
                0.387190868834284,
                -0.415511446304878,
                0.267670397723405,
                2.38755073346999,
                -0.542829980897442,
                -1.20234145930898
            ],
            "SE": [
                0.301921232434414,
                0.289388884740641,
                0.278628865526116,
                0.310637700683215,
                0.322607255655426,
                0.295827543717592,
                0.292869371108284,
                0.289527860129748,
                0.302177840040018
            ]
        },
        {
            "mean": [
                1.56704651442634,
                -0.458224875894656,
                0.102632806900332,
                0.554673448009357,
                -2.03926125784698,
                -0.600927797961317,
                0.0607531708173096,
                1.35996783450322,
                -0.990416808787021
            ],
            "median": [
                1.55969284339198,
                -0.456278739668839,
                0.103208349706702,
                0.559142033044583,
                -2.04273517174468,
                -0.598890813757136,
                0.0536949881225332,
                1.36138046528555,
                -0.992961125732921
            ],
            "SE": [
                0.316070317636706,
                0.278222852869197,
                0.274331746627032,
                0.307928345937789,
                0.310093184115927,
                0.303796421984049,
                0.306261205739967,
                0.299951188199232,
                0.293732029323956
            ]
        },
        {
            "mean": [
                2.47070112865957,
                -2.81479938204079,
                -0.743353267922414,
                2.04128899705055,
                -0.660174952124925,
                -2.30532308313504,
                1.88472561081759,
                -2.70040275880753,
                2.54846372192529
            ],
            "median": [
                2.46899887327909,
                -2.81681088847381,
                -0.73882327339729,
                2.03870565103121,
                -0.654336524800178,
                -2.3014482393869,
                1.88103817112171,
                -2.69914523299018,
                2.54294622901419
            ],
            "SE": [
                0.313178216830865,
                0.2865434829502,
                0.286574909629633,
                0.299854703655108,
                0.316464187753117,
                0.298821929648493,
                0.297157057868741,
                0.299269339923652,
                0.30020107542129
            ]
        },
        {
            "mean": [
                -1.19670093607481,
                -2.18860041988494,
                0.00974814454978364,
                -0.468721711432776,
                -1.14003926942301,
                -1.30205364527345,
                2.12024676743558,
                -1.43957812866675,
                -1.55251294718274
            ],
            "median": [
                -1.18845895513101,
                -2.19438241180654,
                0.0176785720033874,
                -0.468374211171549,
                -1.13690544828194,
                -1.29882650604804,
                2.12289783773858,
                -1.43648367111865,
                -1.55791981863827
            ],
            "SE": [
                0.305763454767039,
                0.294779003297908,
                0.291602555175901,
                0.302539408191819,
                0.317642542032629,
                0.305198590557432,
                0.302195837101575,
                0.300027274607984,
                0.297535675109693
            ]
        },
        {
            "mean": [
                -2.01989529087847,
                -1.29844535469091,
                0.491856003890234,
                -0.366469347479718,
                -2.89144463643828,
                -3.04289133787282,
                0.733970639342923,
                -1.98305975012674,
                0.441091359163752
            ],
            "median": [
                -2.01706471504613,
                -1.2918801949936,
                0.495165567102774,
                -0.366050836302187,
                -2.89595337405278,
                -3.03678831275399,
                0.740815393417693,
                -1.98759609814133,
                0.444783134743429
            ],
            "SE": [
                0.310727411465294,
                0.277782734087543,
                0.279450653797716,
                0.300228016806931,
                0.307885164379554,
                0.296843924905958,
                0.290623003111398,
                0.292567324144116,
                0.302213371711566
            ]
        },
        {
            "mean": [
                0.95530328503096,
                -0.00472712020180743,
                -0.576070290108498,
                0.860667403636978,
                0.496074745149723,
                -1.11633547991089,
                3.45878367735222,
                -2.74968868067027,
                1.9879819688095
            ],
            "median": [
                0.954548385534972,
                0.00160465565397208,
                -0.572997295500008,
                0.86526777554182,
                0.490361244584199,
                -1.10890666114365,
                3.46473931809661,
                -2.75360058045763,
                1.98731809392088
            ],
            "SE": [
                0.303031873434957,
                0.284207438367291,
                0.27808019631248,
                0.296998684234237,
                0.302001478463071,
                0.297810275022462,
                0.293993094577934,
                0.295548087708762,
                0.300201421985647
            ]
        },
        {
            "mean": [
                -0.146682134913916,
                -1.43292473357741,
                -0.0074234340057418,
                0.782811890396566,
                0.652474658434752,
                -0.347622112350537,
                3.08234730688274,
                -1.24995613130581,
                -0.271776557611361
            ],
            "median": [
                -0.149435993282616,
                -1.43378910062996,
                -0.0129743259813985,
                0.781564785503433,
                0.652743292060256,
                -0.346837918949799,
                3.08657818117013,
                -1.24085351154612,
                -0.272745711986884
            ],