{
    "uid": "43b36ac2-9a7a-4473-8b29-0af299819b3e",
    "scenario_uid": "b56e398eaedbdad34cec9e8a634c0fba",
    "iteration_uid": "e7a42e818b8f80cf037b13c165656751",
    "PD_subj": [
        {
            "mean": [
                -0.158877705420287,
                -1.36913373317667,
                1.21729180751559,
                0.482606904441897,
                -0.286993725905519,
                -0.137823651362106,
                1.14933944929509,
                0.313144646328906,
                -2.61392951080718
            ],
            "median": [
                -0.156084690915792,
                -1.37001726423991,
                1.21403204236185,
                0.479894894143167,
                -0.28961001486269,
                -0.132100274382399,
                1.15104751384798,
                0.311792118400523,
                -2.61976975549103
            ],
            "SE": [
                0.29852797933802,
                0.265389879083389,
                0.278034902898972,
                0.291360610684918,
                0.309021287501379,
                0.300631682725724,
                0.2870024778089,
                0.296055113703278,
                0.300666219145069
            ]
        },
        {
            "mean": [
                1.28729932649408,
                -1.39981323456521,
                2.82816229821767,
                0.747293352638929,
                -0.482558370564562,
                1.05092634014413,
                2.27746998755226,
                -0.842942105333996,
                -0.257172608150461
            ],
            "median": [
                1.29142595472044,
                -1.39917184365497,
                2.83203851169685,
                0.75078443306627,
                -0.489035396909188,
                1.05243910824202,
                2.2729493275773,
                -0.842321062563574,
                -0.266649999648617
            ],
            "SE": [
                0.292564848082983,
                0.274265122312089,
                0.292088134817902,
                0.29090276687762,
                0.298857335709108,
                0.305900000046111,
                0.286577082845965,
                0.306584372081367,
                0.298454984440153
            ]
        },
        {
            "mean": [
                -1.08877883310262,
                -1.24728678875126,
                1.25724077285411,
                2.64158303255806,
                0.193744505319046,
                -0.626051496321841,
                2.98023697318803,
                0.241422797968116,
                0.0436206344674613
            ],
            "median": [
                -1.08253340663343,
                -1.24069498714745,
                1.26338341723449,
                2.64072486880538,
                0.19736070037534,
                -0.623085730549392,
                2.98937906450528,
                0.240164855373179,
                0.0447456788943659
            ],
            "SE": [
                0.300272725674127,
                0.274843539662652,
                0.285639242770295,
                0.295209072919739,
                0.299502216651446,
                0.310618220457325,
                0.292480552489264,
                0.3001337464373,
                0.308538205270769
            ]
        },
        {
            "mean": [
                -3.73060267423318,
                -0.360461569017995,
                1.48816824383207,
                1.91611320554005,
                -4.71573206336769,
                0.393858282264322,
                0.648727605361323,
                -0.373108515491076,
                0.616053911163195
            ],
            "median": [
                -3.72370856318362,
                -0.365497731027058,
                1.49489684411874,
                1.91654835907052,
                -4.71635248566056,
                0.394333693673357,
                0.643256100767738,
                -0.377130482200168,
                0.615978156102406
            ],
            "SE": [
                0.300984870932881,
                0.26481797460857,
                0.286498859442421,
                0.300411486619886,
                0.301621923610111,
                0.30545641699294,
                0.281987063222983,
                0.305703195458342,
                0.311448079688336
            ]
        },
        {
            "mean": [
                0.83885909622394,
                1.16740998855111,
                1.84930214465658,
                1.09732334523201,
                0.0934216010047545,
                -3.65433503188884,
                1.8208077417498,
                -3.19261907887307,
                -0.277575682673213
            ],
            "median": [
                0.847472842749945,
                1.16702549259731,
                1.85024347262603,
                1.09910786911201,
                0.0957438545154579,
                -3.65851466971914,
                1.81519581774345,
                -3.19405194835816,
                -0.271997867341044
            ],
            "SE": [
                0.290816351049512,
                0.276033343551373,
                0.277658925070802,
                0.290566002255146,
                0.307728642965718,
                0.307748101023154,
                0.286038543187476,
                0.307265879071163,
                0.313319281206275
            ]
        },
        {
            "mean": [
                -0.581786062527668,
                0.194736859318127,
                1.94530714028808,
                -0.0371427454502853,
                -0.318278019582827,
                0.125432588556975,
                1.06152209369719,
                -2.32568642883282,
                1.68097856510361
            ],
            "median": [
                -0.576433930863781,
                0.196481515197275,
                1.94570433549278,
                -0.0353767148969109,
                -0.319403625029878,
                0.121343227135506,
                1.06406514046358,
                -2.32187120280171,
                1.66588231076859
            ],
            "SE": [
                0.30564474982381,
                0.270616369569941,
                0.290332274549243,
                0.288736338201336,
                0.304337659662899,
                0.310354882614865,
                0.28114012537243,
                0.301659742486535,
                0.315356238741272
            ]
        },
        {
            "mean": [
                0.648506484728314,
                -1.11777235660926,
                0.541297247364633,
                0.990583067903791,
                -0.430892894341485,
                1.08452585595033,
                2.20296727481694,
                0.0238596617472599,
                1.96105523248397
            ],
            "median": [
                0.667431002852092,
                -1.11566279540984,
                0.522489873692484,
                0.959854833271044,
                -0.42898780613438,
                1.13978568705505,
                2.27282199505642,
                0.0283768882690264,
                1.95883214542548
            ],