{
    "uid": "b700903b-775b-4427-97c7-7160e44a999b",
    "scenario_uid": "b56e398eaedbdad34cec9e8a634c0fba",
    "iteration_uid": "e7c85b50e664be22c727ff10c374c75c",
    "PD_subj": [
        {
            "mean": [
                -2.13972493779844,
                0.882555766797941,
                1.15158616100874,
                -0.0236673475538873,
                -2.75440266286677,
                1.1223045576973,
                -0.285100712762732,
                0.784080087788484,
                -0.1397211706456
            ],
            "median": [
                -2.1430430155352,
                0.884073711772575,
                1.15060716026203,
                -0.0213041749735737,
                -2.75974155265417,
                1.1139537510665,
                -0.285035346487231,
                0.774788958915722,
                -0.140029030756967
            ],
            "SE": [
                0.290475561859068,
                0.297724253888438,
                0.287793803924006,
                0.295197971955756,
                0.302713206993586,
                0.296077163418341,
                0.291928643472873,
                0.292984185043653,
                0.28071288901641
            ]
        },
        {
            "mean": [
                0.0872911476088573,
                0.214241974837122,
                1.88284095707712,
                -2.33034377243601,
                -2.28435471282264,
                1.73175845191371,
                1.9955200694217,
                -2.99125331101735,
                -0.72455281078417
            ],
            "median": [
                0.0936362839305191,
                0.213841406053277,
                1.8810926269063,
                -2.33156739994565,
                -2.28108698665541,
                1.73156634619725,
                1.99965496831691,
                -2.99025308834582,
                -0.722549148379527
            ],
            "SE": [
                0.28005037547971,
                0.301508151239086,
                0.290642673943468,
                0.300903413147241,
                0.308557902992276,
                0.291603167752039,
                0.285445023314705,
                0.295313122475984,
                0.29246235512569
            ]
        },
        {
            "mean": [
                0.79631115991882,
                -1.03189180389983,
                -0.360467389433016,
                0.955055348251244,
                -0.195284339737695,
                -1.74958833435792,
                1.60779646531193,
                -2.19451457000262,
                0.655789413140501
            ],
            "median": [
                0.79783051595391,
                -1.02913137617327,
                -0.354683486969707,
                0.955348137530446,
                -0.195749232392931,
                -1.74711979072911,
                1.60800658977453,
                -2.19222866544291,
                0.664621796109202
            ],
            "SE": [
                0.280617080688454,
                0.300464064916313,
                0.286730553547608,
                0.296307189136694,
                0.300935062083453,
                0.291877477990763,
                0.279747079275136,
                0.287710059094463,
                0.286515275771416
            ]
        },
        {
            "mean": [
                -0.908998866595838,
                -3.39733639912705,
                0.105371496646342,
                1.12252467113027,
                -1.78947659952469,
                0.5353541747651,
                -0.883137736370011,
                -0.241035339005696,
                -2.16109232314704
            ],
            "median": [
                -0.905571232166668,
                -3.39611453429676,
                0.106690110268667,
                1.12249950778374,
                -1.78947613101917,
                0.530102567060932,
                -0.890087179736367,
                -0.241889942979319,
                -2.15404819489185
            ],
            "SE": [
                0.280979370993953,
                0.296888765384518,
                0.280640523622132,
                0.280959675301341,
                0.296910768838218,
                0.293131302079154,
                0.280954390862345,
                0.289191786674408,
                0.282759837235999
            ]
        },
        {
            "mean": [
                -0.916810024152628,
                0.0948086492417462,
                0.486671904740461,
                0.120073272019746,
                -3.45375545741139,
                -1.9891573319843,
                0.86528977290103,
                -1.22525499616411,
                1.22241079008525
            ],
            "median": [
                -0.916265170644711,
                0.0895654907351152,
                0.48107247027208,
                0.11998723198676,
                -3.46363803690996,
                -1.97255182311537,
                0.87361083096619,
                -1.22149618926841,
                1.22744445362875
            ],
            "SE": [
                0.283537840274438,
                0.295514963222984,
                0.284996309949393,
                0.297169109592881,
                0.301005981276103,
                0.299727912045614,
                0.282318099995353,
                0.285995063430398,
                0.285633416412271
            ]
        },
        {
            "mean": [
                -2.09631901833598,
                -0.449957578047691,
                1.12323746556073,
                1.40614502670425,
                -0.964443668676858,
                0.674818968289229,
                1.70268241726626,
                -0.82048198401969,
                -1.30468742652611
            ],
            "median": [
                -2.09692659589421,
                -0.45884049680839,
                1.11945845618305,
                1.40179260327167,
                -0.973450574919056,
                0.673727423412154,
                1.70717872812481,
                -0.818052330834028,
                -1.30452456836636
            ],
            "SE": [
                0.285524445495687,
                0.296301871926246,
                0.293708840102391,
                0.289742158753939,
                0.302945999013862,
                0.307837535581422,
                0.291164166189918,
                0.289120461432098,
                0.28810685256117
            ]
        },
        {
            "mean": [
                -0.580056353755101,
                0.986915328215696,
                -0.40433580711837,
                1.06670682576003,
                -0.174305947025654,
                -0.478616381717221,
                -0.181469219864358,
                -1.15710191010827,
                -1.10993897042655
            ],
            "median": [
                -0.578691816100677,
                0.994518494970503,
                -0.40480746355855,
                1.07154415653666,
                -0.178555901496292,
                -0.479033014903885,
                -0.181457498499334,
                -1.15527680125812,
                -1.10739210092579
            ],