{
    "uid": "3324a7ff-f7b0-4b25-9fc2-8b17f541a9de",
    "scenario_uid": "b56e398eaedbdad34cec9e8a634c0fba",
    "iteration_uid": "e7fd40f8e97efdaff38631a311fc1617",
    "PD_subj": [
        {
            "mean": [
                0.161295257974467,
                -0.179624646502079,
                1.94115959711736,
                2.3817006283859,
                -0.564724949915996,
                -1.91590334451876,
                3.82996133196033,
                -2.9394944681245,
                -0.291107761558414
            ],
            "median": [
                0.16189349849724,
                -0.173652714138188,
                1.93990755960831,
                2.38348349660686,
                -0.567916178976401,
                -1.9200592324958,
                3.83299844025337,
                -2.93314485572726,
                -0.284466981329325
            ],
            "SE": [
                0.27376065607223,
                0.387091037818123,
                0.300622392670732,
                0.294996464658691,
                0.340588418955822,
                0.303747505393908,
                0.289714451264933,
                0.340835801541679,
                0.287067484301972
            ]
        },
        {
            "mean": [
                -1.57138207468871,
                -1.45441506554975,
                0.0988076926646955,
                1.27258115726804,
                -1.10731842736753,
                1.3376144716317,
                2.71209385343854,
                -1.39812664600376,
                1.69744062834653
            ],
            "median": [
                -1.57005374575753,
                -1.45892021198807,
                0.0937431307241032,
                1.2679146134182,
                -1.10454811117634,
                1.34128345751508,
                2.71543601538839,
                -1.39835427835053,
                1.69199305650403
            ],
            "SE": [
                0.265679247592991,
                0.381343187780738,
                0.295861131233201,
                0.29162274085518,
                0.33143442230645,
                0.297366402517869,
                0.283437850081862,
                0.329664480261162,
                0.288065841421556
            ]
        },
        {
            "mean": [
                -0.782087223502617,
                -1.59151080490312,
                -0.784972129175751,
                3.22670705676212,
                -0.778396985101395,
                3.22245989251199,
                -0.189721729849445,
                0.536949436992475,
                -0.178738942800194
            ],
            "median": [
                -0.777369869834661,
                -1.59484703927987,
                -0.784357516420019,
                3.23144719269872,
                -0.787152163334816,
                3.22483489065161,
                -0.185154466940758,
                0.529560182748898,
                -0.190575603362409
            ],
            "SE": [
                0.286322587832982,
                0.38958200697296,
                0.31447103711788,
                0.307106135135165,
                0.334385672209025,
                0.321735903771196,
                0.303121456675297,
                0.338274292020154,
                0.298221566175099
            ]
        },
        {
            "mean": [
                -0.73164429166882,
                -0.508296973916033,
                -2.098787301342,
                0.0296832722087176,
                -3.05583466719,
                0.563675497244352,
                3.27635556338474,
                -3.06655472521409,
                -0.21357564462709
            ],
            "median": [
                -0.730432885769208,
                -0.516244610686688,
                -2.10095982276431,
                0.027666838055929,
                -3.05562521481367,
                0.565471063384425,
                3.27257824417165,
                -3.06035573561861,
                -0.215789061095572
            ],
            "SE": [
                0.26826304610324,
                0.384811855193292,
                0.292730315095456,
                0.295425192136498,
                0.331717599066064,
                0.29217204230728,
                0.282431831503172,
                0.335507062527616,
                0.284279526175378
            ]
        },
        {
            "mean": [
                -2.67732071302517,
                1.37627601618587,
                1.26873706233729,
                2.20970304795045,
                -1.34777088042738,
                4.06905717220706,
                0.974656134925557,
                0.290856031773201,
                -1.4614081696443
            ],
            "median": [
                -2.67610309061269,
                1.38936861566753,
                1.26838605639585,
                2.21019829716013,
                -1.35366883053077,
                4.075622327071,
                0.97476897339382,
                0.286826749882079,
                -1.45729399206922
            ],
            "SE": [
                0.266531791398453,
                0.377232355026679,
                0.293125898945685,
                0.28880571492342,
                0.329293831420918,
                0.293197020402028,
                0.28676904635533,
                0.336098876797926,
                0.284105743978244
            ]
        },
        {
            "mean": [
                -0.901553867071579,
                0.377851080349746,
                -0.939978121830128,
                0.217482903846438,
                -2.96611784019028,
                0.209752930694198,
                1.12311577807588,
                -1.8991288935739,
                1.1063443694652
            ],
            "median": [
                -0.899670501987139,
                0.384885498080868,
                -0.932359616757091,
                0.209053340751091,
                -2.9791208997767,
                0.205529383947844,
                1.12012638903467,
                -1.90494525904111,
                1.11100890038557
            ],
            "SE": [
                0.280874263837965,
                0.39160581832781,
                0.315511432155713,
                0.297400907298541,
                0.333278123256811,
                0.313185635429109,
                0.297645665652447,
                0.316650051225273,
                0.298477307307407
            ]
        },
        {
            "mean": [
                -0.840606442581733,
                -3.71503690777258,
                1.40218735095367,
                1.13731924866546,
                -0.474609622164815,
                -0.605747020048266,
                3.22384202322756,
                -2.40790169860101,
                0.174498272553475
            ],
            "median": [
                -0.837310582459076,
                -3.71477905490664,
                1.3869029150833,
                1.12809993446295,
                -0.482694392816397,
                -0.609766464960681,
                3.22022290779683,
                -2.42001805661064,
                0.172659382368343
            ],