{
    "uid": "ee40221d-865b-4ff6-a501-9abd428147ae",
    "scenario_uid": "b56e398eaedbdad34cec9e8a634c0fba",
    "iteration_uid": "ea1861bc8ade7563ecfa2e5db9547af0",
    "PD_subj": [
        {
            "mean": [
                -0.147276510463632,
                -1.11800602071529,
                2.39785618147046,
                1.00924939721199,
                -0.547822899138911,
                -1.24868537871277,
                -0.186827031703421,
                -0.663114611307497,
                1.74742519171969
            ],
            "median": [
                -0.147929001576251,
                -1.11388689704018,
                2.39602291493946,
                1.01225141642791,
                -0.542321116442975,
                -1.25264994586597,
                -0.185829711851388,
                -0.66178703518926,
                1.75292223938948
            ],
            "SE": [
                0.290110318397649,
                0.291084394723779,
                0.287752410031408,
                0.303377763726244,
                0.28904140838275,
                0.301908302804966,
                0.307327037935174,
                0.314391760322924,
                0.287273507570514
            ]
        },
        {
            "mean": [
                -0.0654051057132216,
                -1.09815992486369,
                0.844597053699569,
                1.38196988815232,
                -1.62140562527201,
                -1.31581147266694,
                0.061554782222364,
                -1.50559123601892,
                -0.723901798723621
            ],
            "median": [
                -0.0689480582732764,
                -1.09711389543424,
                0.843721688313019,
                1.39511367515026,
                -1.61763126736972,
                -1.31202770293261,
                0.0599067174559136,
                -1.5124774207591,
                -0.715084121788381
            ],
            "SE": [
                0.29045962776891,
                0.290501784966732,
                0.28930740049229,
                0.300439179479631,
                0.296778053927615,
                0.296181426082026,
                0.299887738691705,
                0.303306890365207,
                0.303615721198412
            ]
        },
        {
            "mean": [
                -2.1005731775918,
                -2.56117905438527,
                2.13138308800967,
                0.295179173677147,
                -2.75225515001917,
                -1.85834668424585,
                1.90784700332735,
                -2.12440387522579,
                -0.469071827989379
            ],
            "median": [
                -2.10233092241426,
                -2.56404028303829,
                2.1269422611139,
                0.300163846582419,
                -2.75061824502504,
                -1.8623983891145,
                1.90235027439881,
                -2.1294231489233,
                -0.468026994035256
            ],
            "SE": [
                0.291978759630035,
                0.29534069323405,
                0.302346252688309,
                0.29260850990224,
                0.305139103870863,
                0.29705950388357,
                0.29499875251289,
                0.307483604107042,
                0.293136069798171
            ]
        },
        {
            "mean": [
                -1.17006670921687,
                -3.29805399960618,
                0.490298081860375,
                1.1640535137857,
                0.668771540527661,
                1.08607104908519,
                -1.83741510029124,
                -2.21755268288994,
                0.488093765776281
            ],
            "median": [
                -1.17297399563952,
                -3.30600040642895,
                0.502029013556671,
                1.16411156562391,
                0.676219218086535,
                1.08205183583685,
                -1.83933005367208,
                -2.22093059736627,
                0.487046901899418
            ],
            "SE": [
                0.283892835332906,
                0.283906009603287,
                0.293408025542829,
                0.294492558986378,
                0.303718213096826,
                0.307496402156806,
                0.30154352760242,
                0.306501176414605,
                0.300797010404298
            ]
        },
        {
            "mean": [
                -2.02663182310591,
                -0.506899163989746,
                -0.445073306659025,
                2.52386471137045,
                3.02721007494169,
                0.801170898933543,
                0.236308810644464,
                0.299263114002462,
                -0.250005269473772
            ],
            "median": [
                -2.02712353266192,
                -0.513961565726961,
                -0.442944308803258,
                2.52992111272836,
                3.02833971549256,
                0.809699900920933,
                0.239379097413076,
                0.295432436162922,
                -0.246130134932211
            ],
            "SE": [
                0.290388012342491,
                0.295832752112657,
                0.290283364028451,
                0.291110948533525,
                0.303357737772588,
                0.301382228872483,
                0.293161796920095,
                0.295830602179481,
                0.294259330569234
            ]
        },
        {
            "mean": [
                -0.603248527987995,
                -1.97256886057434,
                0.690938291630664,
                1.10496433769515,
                0.00168760764488706,
                -0.678199740629076,
                2.57039620975341,
                -2.36840164266493,
                -0.121348199978561
            ],
            "median": [
                -0.595781483134998,
                -1.96903750015169,
                0.686044719480401,
                1.10350876746137,
                -0.000880207522639635,
                -0.681901896193544,
                2.57550312451565,
                -2.36526719623202,
                -0.123019815637532
            ],
            "SE": [
                0.296021083584552,
                0.283720059591535,
                0.292266138532878,
                0.293775096138076,
                0.304759034849221,
                0.300141534794246,
                0.294058831636743,
                0.306695697420529,
                0.306532765490258
            ]
        },
        {
            "mean": [
                0.697669230311041,
                0.340154589370513,
                -0.0247825245770874,
                3.65451952315346,
                0.365544350145864,
                -0.225688166462916,
                -1.37505283048031,
                0.559907402599882,
                -2.86676866429943
            ],
            "median": [
                0.690505899585652,
                0.339344588902857,
                -0.0261101712200092,
                3.64907876495118,
                0.36089863306643,
                -0.218101876016895,
                -1.37415521149875,
                0.554718377877047,
                -2.86103961808167
            ],