{
    "uid": "4850099e-cf38-46d9-a1fc-39c25cd5f47e",
    "scenario_uid": "b56e398eaedbdad34cec9e8a634c0fba",
    "iteration_uid": "eace0074a57cb5c49a5db93a343e5a66",
    "PD_subj": [
        {
            "mean": [
                2.70096833264892,
                -3.44455682675146,
                -1.02304249665365,
                2.51653567577508,
                -0.323100543586402,
                0.245681481282758,
                -1.01694731713084,
                -1.96172310663035,
                -0.43630178210315
            ],
            "median": [
                2.70861874903945,
                -3.45557072144093,
                -1.02695196126683,
                2.52052452379505,
                -0.317285708292216,
                0.248942532796626,
                -1.01298989259109,
                -1.95925075054997,
                -0.439208798903987
            ],
            "SE": [
                0.299808979325839,
                0.300011317031635,
                0.293105137793758,
                0.313018569176847,
                0.30841463179584,
                0.295387331440371,
                0.289352480857624,
                0.28670977055424,
                0.288126847764306
            ]
        },
        {
            "mean": [
                -1.25104054069111,
                -0.409722176147124,
                1.80468911656407,
                3.96675907926258,
                0.362131534065557,
                -1.5194658091294,
                0.174800946520343,
                0.267111339316705,
                -0.3297110601091
            ],
            "median": [
                -1.24726252631861,
                -0.408255266768262,
                1.80304239030362,
                3.96443765713798,
                0.354391769655233,
                -1.5173677524882,
                0.180190757851867,
                0.271184506710183,
                -0.328345819727314
            ],
            "SE": [
                0.311378160350728,
                0.292701308405107,
                0.290391976532124,
                0.301426738399,
                0.297389323982277,
                0.293435473011053,
                0.28927040246119,
                0.284201510523637,
                0.296491520065338
            ]
        },
        {
            "mean": [
                -0.0455871715723435,
                -1.33159538779396,
                0.987539149063465,
                0.838037278165985,
                -4.36352351744442,
                0.459607846318838,
                3.39624058148018,
                -0.471602256262484,
                0.193374800697363
            ],
            "median": [
                -0.0381863611462534,
                -1.3235054318219,
                0.983025434391289,
                0.84291310233434,
                -4.36067783035012,
                0.457513173733303,
                3.39888582798946,
                -0.470529670292998,
                0.204394807909082
            ],
            "SE": [
                0.302366609902657,
                0.30687591209868,
                0.285173348422008,
                0.294269837258452,
                0.300812593631201,
                0.288348044553038,
                0.300755968584483,
                0.295828873637356,
                0.289178657279059
            ]
        },
        {
            "mean": [
                -1.21564471378332,
                -0.816107525400086,
                -1.08212447213922,
                2.02164093162091,
                -3.19077878942709,
                -1.68041766555163,
                1.2874561436907,
                -1.77210680263545,
                -3.41815037812209
            ],
            "median": [
                -1.22135012561677,
                -0.809802326914534,
                -1.09275454915281,
                2.02613902180231,
                -3.18700451894533,
                -1.68151119382693,
                1.28463302115917,
                -1.7733577672748,
                -3.41307266489104
            ],
            "SE": [
                0.297372421849885,
                0.299478308759497,
                0.28950716292873,
                0.302233168545067,
                0.301035777652723,
                0.294778695977237,
                0.291559026009229,
                0.294800097799958,
                0.290981981454477
            ]
        },
        {
            "mean": [
                0.614606556108655,
                -1.37701073049581,
                1.58078445103059,
                3.80907764731613,
                0.297091658081636,
                -1.170086844281,
                1.09145038648196,
                -0.12033501304023,
                -0.898346036286587
            ],
            "median": [
                0.60510230340024,
                -1.37774272301192,
                1.58687132439058,
                3.80461137244312,
                0.304130641514001,
                -1.16796423357736,
                1.09365753322212,
                -0.117132932619979,
                -0.898540519970184
            ],
            "SE": [
                0.304684301717974,
                0.298592236174177,
                0.294702399765779,
                0.293480901076481,
                0.303428856648407,
                0.297562811517913,
                0.290792529885033,
                0.292837389899908,
                0.295574165636635
            ]
        },
        {
            "mean": [
                -0.441018055933336,
                -1.66988568849095,
                1.03149656486567,
                0.812226566469625,
                0.918285208732318,
                -0.709879400051849,
                1.67281437372398,
                -0.109375758982607,
                -1.28316347082978
            ],
            "median": [
                -0.438957845124694,
                -1.67571752434586,
                1.02392635074751,
                0.816082140166604,
                0.924854271583484,
                -0.707437032344891,
                1.67565992697375,
                -0.112892853354472,
                -1.27972180943548
            ],
            "SE": [
                0.298058393101401,
                0.296479609057482,
                0.2960547254914,
                0.309667376904587,
                0.298841242056582,
                0.304095235037521,
                0.28598481161061,
                0.293440688102745,
                0.295972269087945
            ]
        },
        {
            "mean": [
                1.93027112528188,
                -3.49550739419429,
                1.95807525646239,
                0.924839021130452,
                -1.38784652139538,
                0.874230106553949,
                -0.102560240651426,
                -1.63627853872255,
                -0.177685136313239
            ],
            "median": [
                1.9436957067201,
                -3.50002929312219,
                1.97239657726274,
                0.91168024825019,
                -1.38602066594579,
                0.850533293687106,
                -0.116728661323875,
                -1.64610725645975,
                -0.254480429664474
            ],