{
    "uid": "1e6284bb-2f5a-4a3b-90f3-1ac1bee748ff",
    "scenario_uid": "b56e398eaedbdad34cec9e8a634c0fba",
    "iteration_uid": "eb50882cb774cbf4c9e082c3139299e4",
    "PD_subj": [
        {
            "mean": [
                0.202475351571902,
                -1.50522014297885,
                0.191049301597257,
                -0.265131026387331,
                -1.36482575349163,
                -0.27963065485199,
                1.46417717499524,
                0.033463827656428,
                1.45775949257914
            ],
            "median": [
                0.203458404401713,
                -1.51834779252719,
                0.195169776960607,
                -0.267690807193819,
                -1.36044040942788,
                -0.275771189783112,
                1.47382489471673,
                0.0192178182854947,
                1.45639050314333
            ],
            "SE": [
                0.273036004800353,
                0.72521703730189,
                0.304741923601273,
                0.318506616554629,
                0.325942516188034,
                0.292271744396587,
                0.289377850483442,
                0.756995784789058,
                0.308388328511734
            ]
        },
        {
            "mean": [
                -0.816199685139181,
                -1.59273734178364,
                3.2148042836599,
                3.9368020701952,
                0.0556112349327414,
                -1.09159870473224,
                0.776233122583844,
                0.415114534862765,
                -0.424589982687098
            ],
            "median": [
                -0.822434795249207,
                -1.59484025386706,
                3.20919939192418,
                3.95220670784739,
                0.0466166294584024,
                -1.08912787557103,
                0.78725658118891,
                0.421640346746568,
                -0.421079213546886
            ],
            "SE": [
                0.266949519749699,
                0.727910942749368,
                0.297865648274052,
                0.302523864746581,
                0.307435527227705,
                0.294821101421682,
                0.266341907872012,
                0.750523524747411,
                0.303449736736746
            ]
        },
        {
            "mean": [
                0.333125252430752,
                -2.85256565709327,
                -0.503204526544786,
                1.03784602388195,
                -0.370764203410167,
                -0.895220293422466,
                0.579727280402777,
                -1.97442784016402,
                3.89679699717643
            ],
            "median": [
                0.330473682474319,
                -2.83921685851584,
                -0.506260606922988,
                1.04138183098815,
                -0.372546061472361,
                -0.900129453285247,
                0.572944163246086,
                -1.96748094479781,
                3.89884882434117
            ],
            "SE": [
                0.260825921470968,
                0.714456946535553,
                0.289319342453818,
                0.306249572109709,
                0.317963378012718,
                0.29026304891743,
                0.270482949744283,
                0.757863323907035,
                0.30019580340036
            ]
        },
        {
            "mean": [
                -0.311420909768732,
                -4.40186724915243,
                1.64784911473804,
                -1.0723584638373,
                -2.24765500655742,
                0.734186079587662,
                1.64744242035095,
                -0.518698021810174,
                2.82209961073666
            ],
            "median": [
                -0.307836609518921,
                -4.37718749750365,
                1.6508109522614,
                -1.07651210168843,
                -2.2469878104202,
                0.734279148007828,
                1.64258166776777,
                -0.535114641823554,
                2.82695713735736
            ],
            "SE": [
                0.265450117305921,
                0.70637746352596,
                0.303560144016034,
                0.305474339105961,
                0.319482979723258,
                0.291817508336668,
                0.270123943543253,
                0.778518217835778,
                0.299378307926245
            ]
        },
        {
            "mean": [
                -0.0476298777004047,
                -2.62383684529698,
                0.0747034196831337,
                -0.0909208873517712,
                -0.565180183650375,
                -0.0207402448806936,
                0.894166820817935,
                -2.49680541127914,
                1.01511584156503
            ],
            "median": [
                -0.185654568244621,
                -2.63441074372138,
                0.179135285715016,
                -0.0908089505358083,
                -0.563143415071219,
                -0.0124315865045317,
                0.719366606271344,
                -2.51055491597422,
                1.12847298178018
            ],
            "SE": [
                0.582793290652539,
                0.707268080530863,
                0.593869304580156,
                0.43715742994584,
                0.318941770191516,
                0.414784627906433,
                0.619664858658049,
                0.757594321108859,
                0.612247108251484
            ]
        },
        {
            "mean": [
                -0.180310965456566,
                -1.5449212442963,
                -1.28734669729199,
                1.03604663697708,
                0.146123177332505,
                -0.387083029014284,
                0.974577003459433,
                -2.22242593597505,
                3.82279225085667
            ],
            "median": [
                -0.177475055520721,
                -1.55527879026765,
                -1.2827208977075,
                1.03791582805309,
                0.150449476454504,
                -0.391193196787604,
                0.979565986756502,
                -2.21755745718267,
                3.82130729136368
            ],
            "SE": [
                0.355075268668093,
                0.693056922729497,
                0.295289286946192,
                0.680865892116299,
                0.33024144400677,
                0.289972207468166,
                0.38063436618031,
                0.742253723491684,
                0.298550767377899
            ]
        },
        {
            "mean": [
                0.521996945292805,
                0.978292109038737,
                2.05878817974911,
                4.67459067261851,
                -2.45467846546289,
                -0.176163077205299,
                1.91522660804371,
                -3.46391991788767,
                2.11637398523151
            ],
            "median": [
                0.514876209398529,
                0.982423198546857,
                2.0563112768748,
                4.66923339352852,
                -2.45783963210478,
                -0.167844845269823,
                1.91295231477964,
                -3.49095273196891,
                2.11497855611781
            ],