{
    "uid": "034c401b-b140-46d9-acc9-a651d69e9a28",
    "scenario_uid": "b56e398eaedbdad34cec9e8a634c0fba",
    "iteration_uid": "ebdd0ab7bd32d192b68930260a65608d",
    "PD_subj": [
        {
            "mean": [
                -0.629907003341974,
                -0.381979392309487,
                -0.141235109524844,
                0.780146452958582,
                -0.941606113182381,
                0.174318011447716,
                -1.1467723320518,
                -1.06861244296039,
                0.204012382216448
            ],
            "median": [
                -0.632286061617055,
                -0.375917931446587,
                -0.139967297165184,
                0.786593754530925,
                -0.942984918852417,
                0.16542052795436,
                -1.15050602400473,
                -1.06987947068279,
                0.20685837300428
            ],
            "SE": [
                0.292598018006058,
                0.293549842770482,
                0.299042649674643,
                0.311188343833412,
                0.306502869165946,
                0.29687965196094,
                0.309707510668131,
                0.291825104573679,
                0.293557085820645
            ]
        },
        {
            "mean": [
                -0.155529623108159,
                -0.318245988594896,
                0.905060574982197,
                2.7194114359312,
                -2.48982606872077,
                0.651149013566799,
                1.34674828894715,
                -3.60024017428232,
                0.641902129335077
            ],
            "median": [
                -0.150980464006213,
                -0.320444988099545,
                0.910354590050636,
                2.71489768942903,
                -2.48452171378794,
                0.658103053344729,
                1.34848727943819,
                -3.59929740950257,
                0.642108370414014
            ],
            "SE": [
                0.296453982389385,
                0.291070925269301,
                0.312069060463208,
                0.30830678506513,
                0.298307027504698,
                0.290044255910716,
                0.297840241116755,
                0.305740728392498,
                0.288194375777352
            ]
        },
        {
            "mean": [
                0.827050968778902,
                -1.60917978403588,
                -0.41039495512038,
                0.79612367863683,
                -3.28309038645576,
                -1.40912232272253,
                2.4445998297805,
                -0.743024522356934,
                0.0363806428593006
            ],
            "median": [
                0.821841214856383,
                -1.61372311994083,
                -0.402081015046887,
                0.790956682061684,
                -3.28221144611318,
                -1.3991429541578,
                2.44914889149601,
                -0.746265082603073,
                0.0440771431293509
            ],
            "SE": [
                0.294383036657965,
                0.29159803816862,
                0.296512032033747,
                0.299171318457502,
                0.310652173116545,
                0.292649217358623,
                0.296990100157841,
                0.300296700740457,
                0.292842645618678
            ]
        },
        {
            "mean": [
                0.579932490771315,
                -0.396387076908788,
                -0.678777253465285,
                2.22446079242223,
                -2.15531005971149,
                0.603873429014878,
                3.5111330002918,
                -0.130292817551868,
                0.804808991254971
            ],
            "median": [
                0.574387985614601,
                -0.398721261526029,
                -0.676185887895543,
                2.22407045823573,
                -2.15040533594115,
                0.600524068323278,
                3.51837077084705,
                -0.135252113176712,
                0.802452226027318
            ],
            "SE": [
                0.299490865442986,
                0.28592720294654,
                0.3028906553493,
                0.301531920216581,
                0.300600192009926,
                0.2991772536504,
                0.306437902937756,
                0.292757563787708,
                0.293577789452895
            ]
        },
        {
            "mean": [
                0.574663559026042,
                -1.76382458431296,
                -0.374847095504812,
                2.83165466850251,
                -0.0873737067727878,
                -0.908397945337559,
                0.231866643655084,
                0.812499284355398,
                -0.811336552254161
            ],
            "median": [
                0.574719054207342,
                -1.76089891662098,
                -0.366441438425291,
                2.83876282566891,
                -0.0905567817754482,
                -0.910141378439158,
                0.243028811620878,
                0.802350516525979,
                -0.800519170385486
            ],
            "SE": [
                0.288260726372022,
                0.289183122402,
                0.302635746134859,
                0.310235597174172,
                0.299959847693274,
                0.303311460641033,
                0.300233370547076,
                0.298492018444856,
                0.297903080909954
            ]
        },
        {
            "mean": [
                -1.07421548961308,
                1.36569555931273,
                0.0223903245849632,
                1.16161961931316,
                -2.02537914201959,
                -1.36976411051816,
                2.36137547235895,
                -1.51534669317871,
                1.02139301679025
            ],
            "median": [
                -1.07074542786265,
                1.37220169712467,
                0.0220514619485358,
                1.15739873619821,
                -2.02233712825292,
                -1.36730037598705,
                2.36485988223834,
                -1.51756019657842,
                1.01586465982162
            ],
            "SE": [
                0.295709111203388,
                0.292478252746647,
                0.304718223482884,
                0.3058557923628,
                0.297673947344584,
                0.295739179846977,
                0.30498261799912,
                0.296388513818341,
                0.298071670173631
            ]
        },
        {
            "mean": [
                0.969989828722678,
                -2.50772202064516,
                1.06925040765029,
                -0.099582012017668,
                0.432468222977899,
                -0.133397277194212,
                0.691861995467704,
                -0.763548004500243,
                0.686669716570034
            ],
            "median": [
                0.939770359156956,
                -2.50741796292663,
                1.04578331937032,
                -0.135750329026703,
                0.433205462833114,
                -0.138436182228743,
                0.674752385989458,
                -0.760527612927282,
                0.680705704909173
            ],