{
    "uid": "765cd789-d7c7-41f4-bab7-57653d3f7833",
    "scenario_uid": "b56e398eaedbdad34cec9e8a634c0fba",
    "iteration_uid": "ebf5f816944bba4576967e14b395136c",
    "PD_subj": [
        {
            "mean": [
                0.674673559342187,
                -1.40633508994229,
                1.72191636725975,
                2.25285624124069,
                1.02589444718385,
                -1.30175296896783,
                2.47204227516332,
                -3.62758799328685,
                1.07667744951451
            ],
            "median": [
                0.67286440521799,
                -1.40859488121553,
                1.72421160517218,
                2.25761088308618,
                1.02861390261163,
                -1.30812739160362,
                2.4729613909912,
                -3.61731550750533,
                1.07929194391073
            ],
            "SE": [
                0.300750997135028,
                0.278479597892264,
                0.305750112621685,
                0.302599532480353,
                0.293859706387111,
                0.300709372995537,
                0.298552981746276,
                0.305151808493162,
                0.307134638411665
            ]
        },
        {
            "mean": [
                1.52557422621933,
                -1.76493857898209,
                0.943077989355987,
                0.351370949919422,
                -2.54021900978876,
                0.551609102205912,
                2.64635356259011,
                -0.302908072623407,
                0.887582770388512
            ],
            "median": [
                1.53865283169449,
                -1.76311378191133,
                0.941452918577122,
                0.358401089771078,
                -2.53256805299807,
                0.54600282445849,
                2.65086544190502,
                -0.29504380710653,
                0.892556525942827
            ],
            "SE": [
                0.291148636564917,
                0.28407539397614,
                0.300209177168411,
                0.304822325134614,
                0.297265958465074,
                0.302684467554197,
                0.311360603624472,
                0.296560362403784,
                0.324928892951036
            ]
        },
        {
            "mean": [
                0.0157380779300522,
                -1.23893331327476,
                0.996492533843374,
                -1.39699047064227,
                -1.14199096292338,
                -3.12302269440458,
                1.74706820993459,
                -1.67237632348801,
                1.37223962144353
            ],
            "median": [
                0.0181543831163048,
                -1.23181411680042,
                1.00338907385113,
                -1.40126057088454,
                -1.14858517928425,
                -3.12859908468998,
                1.73788182855915,
                -1.66669869139071,
                1.37033526577511
            ],
            "SE": [
                0.301775313564397,
                0.280395002777255,
                0.294836953444447,
                0.301459290821679,
                0.300758798971421,
                0.300995759735496,
                0.298652714392918,
                0.302589275080335,
                0.310194715942793
            ]
        },
        {
            "mean": [
                -2.63805118896109,
                -0.393827555210222,
                -0.141838142375208,
                1.66780768941187,
                -1.79266328578974,
                1.82167327917436,
                2.8794757863155,
                -0.00428204995266312,
                -4.43414022860033
            ],
            "median": [
                -2.63934001263713,
                -0.391949477235643,
                -0.13630755211919,
                1.6743718972603,
                -1.79883383881097,
                1.82022458598383,
                2.88543060863077,
                -0.00166566687289243,
                -4.43624848066241
            ],
            "SE": [
                0.30530358887521,
                0.275536564105005,
                0.301234329107523,
                0.29712487085427,
                0.298555386959023,
                0.300323742157718,
                0.296268434441026,
                0.293920053707739,
                0.301529393360801
            ]
        },
        {
            "mean": [
                -0.0204977004043626,
                -1.17306913196697,
                0.0131417405126541,
                4.00337342215003,
                -0.44539016667898,
                -0.867325744339069,
                -0.896330351682835,
                -2.01228816108646,
                0.213373725564084
            ],
            "median": [
                -0.0213024213268339,
                -1.16645479279006,
                0.0120463800376165,
                4.00118948567263,
                -0.445233738809465,
                -0.863155498965679,
                -0.896911419350202,
                -2.00950043802184,
                0.214057741033845
            ],
            "SE": [
                0.299992161523554,
                0.271687327962063,
                0.297703969598294,
                0.303736147634352,
                0.302146822887421,
                0.295932726902555,
                0.301231031037677,
                0.301974003962706,
                0.300960340810363
            ]
        },
        {
            "mean": [
                -2.28080008124552,
                -0.351738516525925,
                1.13618271341324,
                0.743009782112262,
                0.775078393898489,
                2.44532511333449,
                2.31736441055701,
                -1.79089969315352,
                -0.774534141854088
            ],
            "median": [
                -2.28211447106597,
                -0.344979869946325,
                1.13620305900435,
                0.746879614127579,
                0.77476789608988,
                2.44672923409976,
                2.30975677671016,
                -1.79448989115653,
                -0.778620897857652
            ],
            "SE": [
                0.30061542035018,
                0.280254973377718,
                0.298754300019967,
                0.310539619407805,
                0.30381949082204,
                0.29869107239526,
                0.298925085575561,
                0.305023734679212,
                0.301264675701842
            ]
        },
        {
            "mean": [
                -0.20967306860043,
                0.435458581557488,
                1.07469073533654,
                1.93100935454434,
                -2.06098501271266,
                -0.96730628783765,
                0.433368991083938,
                -1.98262303566473,
                0.544444274624137
            ],
            "median": [
                -0.202749292240758,
                0.434354473129912,
                1.06983357602117,
                1.93811504842254,
                -2.0636976142746,
                -0.969276889050469,
                0.425516485602865,
                -1.98056144900253,
                0.550197671266579
            ],