{
    "uid": "73be845c-d9f7-49e9-8686-b6304df9dbe1",
    "scenario_uid": "b56e398eaedbdad34cec9e8a634c0fba",
    "iteration_uid": "ed008e542d9d2907415851c7469d798b",
    "PD_subj": [
        {
            "mean": [
                1.16639241677372,
                0.804034899838952,
                0.688524012461471,
                1.19889097883417,
                -2.16813356241533,
                -1.97280796416837,
                0.833853634791881,
                0.603303777493853,
                0.775947222657472
            ],
            "median": [
                1.16888682191151,
                0.877027429173601,
                0.597349169603424,
                1.20439849595416,
                -2.42883688165087,
                -1.68409217155839,
                0.833521662209651,
                0.445516135053121,
                0.954190781726603
            ],
            "SE": [
                0.305084193573614,
                0.539991581212266,
                0.520556367442935,
                0.290943689434156,
                0.778965814563339,
                0.781565787197273,
                0.275828371380392,
                0.644073440979093,
                0.629962641010546
            ]
        },
        {
            "mean": [
                0.68148301009416,
                -2.09377684104679,
                0.639481669685816,
                1.5114759363524,
                -0.0134766233499844,
                1.40547714052444,
                -0.750489138651374,
                0.297530330447618,
                -0.697250059080145
            ],
            "median": [
                0.682742193323268,
                -2.09224262082984,
                0.631686824987241,
                1.60596380779026,
                -0.00667493665777633,
                1.29600315364559,
                -0.759607842552003,
                0.291395009784753,
                -0.688677859999986
            ],
            "SE": [
                0.387059564749582,
                0.282363560184827,
                0.354967720245593,
                0.579846932241582,
                0.310081116566292,
                0.59075828936271,
                0.415474419494656,
                0.290549748259494,
                0.4167585807986
            ]
        },
        {
            "mean": [
                -1.74464810703858,
                -1.89253670137952,
                -0.944552941129432,
                0.982902442980598,
                -2.74706952630739,
                -2.0348153852428,
                -0.635561883793606,
                -3.37684973306098,
                -0.528676890189111
            ],
            "median": [
                -1.74739937615329,
                -1.89118903149014,
                -0.946673240477362,
                0.982341113522873,
                -2.74064904929365,
                -2.03799310858645,
                -0.640755499449882,
                -3.37238855901817,
                -0.536054627058474
            ],
            "SE": [
                0.296384717331275,
                0.286589219945718,
                0.273560139981849,
                0.293956117743496,
                0.311379303769184,
                0.292312681195645,
                0.287955673330615,
                0.289832147471669,
                0.279541998739752
            ]
        },
        {
            "mean": [
                -0.0298447698794438,
                -1.96097186263745,
                1.39957286160018,
                2.4302395613233,
                -0.902378731275921,
                1.7711606854349,
                -0.614945407832295,
                0.877804474786012,
                1.97968059237073
            ],
            "median": [
                -0.0266190431963164,
                -1.96310953351417,
                1.39691432067277,
                2.4343823588333,
                -0.900884924011415,
                1.77286539764722,
                -0.611879692152999,
                0.872303650791827,
                1.99248683118694
            ],
            "SE": [
                0.302375725369312,
                0.299103886602128,
                0.27292005874856,
                0.295113914592896,
                0.299896781978195,
                0.291855846815777,
                0.271332320847264,
                0.289433808886034,
                0.292586654524987
            ]
        },
        {
            "mean": [
                -1.26107835266067,
                0.605123567161563,
                0.568546044602891,
                -0.284266302953585,
                -1.37550822339829,
                0.313230978958361,
                1.20531277331594,
                -2.04252087250267,
                -0.379601462165083
            ],
            "median": [
                -1.26082433226768,
                0.606884524229962,
                0.561075062294904,
                -0.280093047350597,
                -1.37438796166996,
                0.313796554902849,
                1.20390933561885,
                -2.0390019107251,
                -0.382597565509056
            ],
            "SE": [
                0.312595934126899,
                0.284029464211786,
                0.269208966761544,
                0.284647578127308,
                0.304416034787403,
                0.295199433757291,
                0.267536234395835,
                0.302209827509502,
                0.279230964372233
            ]
        },
        {
            "mean": [
                -3.35573182507362,
                -1.62907703030761,
                -0.021172530668762,
                1.66288702676955,
                -2.08939990858513,
                -1.20591076944483,
                0.254808125858412,
                -1.1571880039624,
                -0.157604009356219
            ],
            "median": [
                -3.35561862543521,
                -1.62343555916838,
                -0.0280179762813445,
                1.66991318452323,
                -2.090360042455,
                -1.21427007338942,
                0.254475288917752,
                -1.15460463399363,
                -0.155150817612262
            ],
            "SE": [
                0.302813347960048,
                0.288997544162989,
                0.274841943831292,
                0.2937504171051,
                0.302209136717913,
                0.292005730188857,
                0.277540922493811,
                0.299085844104095,
                0.284879023282462
            ]
        },
        {
            "mean": [
                -1.29180131190963,
                0.181429287328525,
                -0.065822001807224,
                0.342661523802803,
                -2.65380665919083,
                1.50212789112638,
                0.98001517144597,
                -0.324788900956785,
                -1.25850052044827
            ],
            "median": [
                -1.29207751164953,
                0.181313255040052,
                -0.0728427605663917,
                0.334660773960519,
                -2.6536162562443,
                1.50849657281988,
                0.984488162620507,
                -0.32827650905509,
                -1.25829210467387
            ],