{
    "uid": "d1ccb334-b338-4ba6-89cc-d87831abe6f1",
    "scenario_uid": "b56e398eaedbdad34cec9e8a634c0fba",
    "iteration_uid": "ed76b1dc968af15c91a40da702c4e6ff",
    "PD_subj": [
        {
            "mean": [
                -0.906848101095831,
                -1.09819650592401,
                3.07057452423688,
                0.717348724622275,
                0.622351482057565,
                -0.775609370804331,
                0.918129246089229,
                -1.745506053383,
                -1.28004794892765
            ],
            "median": [
                -0.898708074646584,
                -1.0986448993005,
                3.07329254125923,
                0.711766593971882,
                0.627926886384132,
                -0.775810628049371,
                0.920250123139732,
                -1.73870992097656,
                -1.27981614538504
            ],
            "SE": [
                0.310617025511134,
                0.280128779956257,
                0.311498081274595,
                0.301058643921427,
                0.29779940757467,
                0.394383634932323,
                0.305493176209857,
                0.303709758305759,
                0.297516160686171
            ]
        },
        {
            "mean": [
                1.88352270344137,
                0.547945590767784,
                -2.14943546161829,
                2.92751020339237,
                -0.458707656869196,
                -0.480111213700709,
                2.27800731064559,
                -1.63073834671029,
                -1.56239583789628
            ],
            "median": [
                1.88325388097477,
                0.548791576481402,
                -2.13619635982342,
                2.92781963765458,
                -0.461816832899622,
                -0.482125251808424,
                2.28297000088414,
                -1.61968286133722,
                -1.56145351894499
            ],
            "SE": [
                0.304196449256662,
                0.285708049872513,
                0.313232375626752,
                0.29833186251683,
                0.296839820059447,
                0.396069182854563,
                0.314390297512878,
                0.304406120316222,
                0.302331160091415
            ]
        },
        {
            "mean": [
                -0.821728623738808,
                -2.25407766424988,
                1.18965887534965,
                -0.211044320611408,
                0.322239237905604,
                0.0862819125875957,
                -1.20021286580048,
                0.215107148821543,
                -0.15084049285225
            ],
            "median": [
                -0.809734728183284,
                -2.25815604998983,
                1.18996933076545,
                -0.213355853811358,
                0.326277757268804,
                0.0911756967246015,
                -1.19305539886227,
                0.2139334698316,
                -0.15603077606378
            ],
            "SE": [
                0.312915349260408,
                0.28072984731972,
                0.304151541836458,
                0.300571879799011,
                0.296535195451486,
                0.407095565222522,
                0.319431982274063,
                0.295226163823536,
                0.303322759985919
            ]
        },
        {
            "mean": [
                -0.640473044508077,
                -0.319634114863244,
                2.64530543396585,
                1.89604471570486,
                -1.25824293314406,
                0.109802122621938,
                1.57655613244868,
                -0.80778087810266,
                -0.462763295384217
            ],
            "median": [
                -0.629963286924319,
                -0.326391153335298,
                2.64985198750716,
                1.90061361169089,
                -1.25729882982378,
                0.117317667613528,
                1.57353405974312,
                -0.810068113773086,
                -0.466243916853689
            ],
            "SE": [
                0.307893682705287,
                0.285816224671962,
                0.312035975565015,
                0.300186626508685,
                0.30347171469256,
                0.407320410465691,
                0.30506124453891,
                0.30607401986271,
                0.303742465441713
            ]
        },
        {
            "mean": [
                0.0772349791044666,
                -1.86967587120584,
                -1.26639927412861,
                1.88382886928397,
                -1.10585621049987,
                -0.89854289114809,
                1.33671907771147,
                0.532720201263291,
                -1.76048079688515
            ],
            "median": [
                0.0782600049995638,
                -1.87359494157764,
                -1.26801507731446,
                1.87524166470686,
                -1.10343597588298,
                -0.89913643400852,
                1.29970666354369,
                0.530286375894007,
                -1.75607208245581
            ],
            "SE": [
                0.591997364401964,
                0.287470150644823,
                0.300852332012833,
                0.480635489985216,
                0.311206493395369,
                0.394988467312621,
                0.637993211586219,
                0.305737339336547,
                0.30410739045837
            ]
        },
        {
            "mean": [
                -1.84472972417481,
                -1.16836318598324,
                -0.397370902940696,
                1.20880600110861,
                -3.7256342267565,
                -0.780566878180449,
                -1.55586770375985,
                0.217556559217231,
                -0.216508046722932
            ],
            "median": [
                -1.84785739759826,
                -1.1733325939369,
                -0.391560456154689,
                1.20632914871628,
                -3.71959542002206,
                -0.78798041317834,
                -1.55265927547401,
                0.220994092608188,
                -0.215626360805948
            ],
            "SE": [
                0.304122434369068,
                0.284624115897687,
                0.300875498650103,
                0.295034110197955,
                0.293448002692208,
                0.392972497106835,
                0.30599400500184,
                0.292048543916847,
                0.307013630645141
            ]
        },
        {
            "mean": [
                2.18899854642636,
                -0.76543698672767,
                -0.400259396046905,
                1.3777198161467,
                1.41142957581332,
                1.01196291450904,
                2.83998596903617,
                -1.13866267743976,
                -1.78444433062782
            ],
            "median": [
                2.18671020366698,
                -0.782990349492722,
                -0.387030479992251,
                1.37582837428696,
                1.44489121085198,
                0.99811846624362,
                2.84482791179038,
                -1.06094541361769,
                -1.88145671174207
            ],