{
    "uid": "61ec9271-43de-4f20-a583-3a6805bdeff6",
    "scenario_uid": "b56e398eaedbdad34cec9e8a634c0fba",
    "iteration_uid": "ef45744f3fe38b9f2c51b20045cc60f6",
    "PD_subj": [
        {
            "mean": [
                -1.89130729893338,
                -0.407907506165788,
                0.348689599415188,
                -0.141291764961259,
                1.2363942937899,
                -2.25088555147372,
                -0.43005277232632,
                -2.23258644161129,
                0.695949651809953
            ],
            "median": [
                -1.88410024584365,
                -0.420288264153474,
                0.353132269519672,
                -0.140938603552061,
                1.23757042894064,
                -2.24347039220653,
                -0.425406060959807,
                -2.23451893654925,
                0.697674616541182
            ],
            "SE": [
                0.872264495709318,
                0.299888940344034,
                0.298504411015797,
                0.284502815769088,
                0.305326210319293,
                0.290880958556968,
                0.30841800054939,
                0.27391313489864,
                0.262902335494265
            ]
        },
        {
            "mean": [
                -1.09521593685443,
                -2.14708338420012,
                3.8829296031908,
                -0.972181483633833,
                -1.37126838484034,
                -0.319455482496857,
                1.24923006915462,
                -1.81209787715311,
                0.754400582250758
            ],
            "median": [
                -1.09327328087661,
                -2.14763164134857,
                3.89817798942698,
                -0.968306720877872,
                -1.37165289513938,
                -0.316430480014837,
                1.25378931681382,
                -1.81482873348701,
                0.750387633483775
            ],
            "SE": [
                0.842389493831864,
                0.290832301469814,
                0.301939753270348,
                0.299955690069346,
                0.307370720613483,
                0.29269965061052,
                0.312396587571985,
                0.284002342989456,
                0.268612562176018
            ]
        },
        {
            "mean": [
                0.303060861459427,
                -0.561997185755952,
                0.870552034144081,
                2.21994166686375,
                -2.05791977977468,
                0.826184839505009,
                2.25954439955482,
                -0.690699242973338,
                0.479873287482482
            ],
            "median": [
                0.307005816076741,
                -0.562543093599372,
                0.869995138338929,
                2.21653745577858,
                -2.06486656020521,
                0.8327018495271,
                2.25832584457189,
                -0.691587515017441,
                0.481100652141237
            ],
            "SE": [
                0.851424936326179,
                0.299123033650637,
                0.300409648221877,
                0.298330827055581,
                0.303949373216606,
                0.294673833796229,
                0.311622090693627,
                0.278476105162024,
                0.263288045202574
            ]
        },
        {
            "mean": [
                -0.22303868431284,
                0.46972692980889,
                0.139871609630151,
                0.544786296388448,
                -1.43138616376264,
                0.570146048909217,
                0.75323542934882,
                -1.39076058718281,
                0.78723531333336
            ],
            "median": [
                -0.174889465207941,
                0.467648773660647,
                0.126183410546864,
                0.662631501055507,
                -1.43050970453697,
                0.805077800134944,
                0.877371912657599,
                -1.387853854937,
                1.05293329768209
            ],
            "SE": [
                1.02549801235177,
                0.307347505988137,
                0.339353219399009,
                0.656814216830777,
                0.317026134167201,
                0.818674859057953,
                0.74402194210642,
                0.268392827877663,
                0.847125082045989
            ]
        },
        {
            "mean": [
                2.08677162903004,
                0.586185636511394,
                0.592336383582855,
                1.75709025527312,
                -2.92991926231541,
                -2.89946014535846,
                0.707683182625918,
                -0.863073359319388,
                -0.831327922145034
            ],
            "median": [
                2.06651101617162,
                0.58701476430866,
                0.599666796465073,
                1.7581885734367,
                -2.92949931088481,
                -2.90077075972731,
                0.712996916276213,
                -0.848939975250952,
                -0.83397464571877
            ],
            "SE": [
                0.864772718101937,
                0.304148709237976,
                0.313740472536594,
                0.288780696219434,
                0.325703207975883,
                0.308703722182939,
                0.307776468087587,
                0.297163654486127,
                0.285881702212794
            ]
        },
        {
            "mean": [
                1.75346736108017,
                -0.800527020443327,
                1.31741839643151,
                0.061671207566193,
                -1.09271108777173,
                -0.596870628977465,
                0.42865982577619,
                -1.26897173739501,
                -0.221013641907427
            ],
            "median": [
                1.7843005227146,
                -0.800513262349657,
                1.31520476892578,
                0.0833751705854875,
                -1.08668203170173,
                -0.61598318645757,
                0.45173689607068,
                -1.26265095715194,
                -0.248223381763034
            ],
            "SE": [
                0.907774043444742,
                0.293620287280886,
                0.315881295840105,
                0.344891529044659,
                0.306267371606698,
                0.342649671912599,
                0.388028439131155,
                0.281246368581821,
                0.309181533808157
            ]
        },
        {
            "mean": [
                -2.29218685677488,
                0.927497971015085,
                1.21824050521179,
                1.25949849320719,
                -0.318175863453137,
                -1.31661750511233,
                1.89177420664615,
                -1.63174548982813,
                -0.236761584791263
            ],
            "median": [
                -2.3079637097464,
                0.928125763794011,
                1.21787009514671,
                1.2580763899577,
                -0.31948827753625,
                -1.32036164759543,
                1.89261929321509,
                -1.62871042510863,
                -0.233407279277838
            ],