{
    "uid": "eeb11671-f206-4956-a898-0a6802b97492",
    "scenario_uid": "b56e398eaedbdad34cec9e8a634c0fba",
    "iteration_uid": "ef6bb71971cb072ccb75cb50f9b1f1ef",
    "PD_subj": [
        {
            "mean": [
                -0.0862368503603225,
                -1.06808390867863,
                -0.0844287783576685,
                -1.24382196479149,
                -0.334998603092175,
                -1.22874994223809,
                1.08697899717651,
                -1.32823972821097,
                1.08097024321463
            ],
            "median": [
                -0.0929089452805437,
                -1.06852944289286,
                -0.0883343156096457,
                -1.24581249839207,
                -0.332908592557563,
                -1.23013613164024,
                1.08633140838225,
                -1.32760312214462,
                1.07570361731483
            ],
            "SE": [
                0.295238617823148,
                0.441834791013866,
                0.310313480582756,
                0.300652693922134,
                0.313622744136225,
                0.325126206723589,
                0.300406019007146,
                0.312775889409551,
                0.314205876378357
            ]
        },
        {
            "mean": [
                2.19571252377982,
                -1.77289461750068,
                1.70066587993669,
                -0.20671344772656,
                -1.26062503476999,
                -3.42732446337538,
                4.25546711435805,
                -0.0166485004801646,
                -2.31266075233649
            ],
            "median": [
                2.18941643515628,
                -1.75822624853474,
                1.69501198629159,
                -0.203036631973409,
                -1.26351565593082,
                -3.42925793191542,
                4.26256204106611,
                -0.0193536364510042,
                -2.31429731011705
            ],
            "SE": [
                0.280574130581356,
                0.444464766325134,
                0.298004433626645,
                0.29342277463307,
                0.310208496548772,
                0.307215848648485,
                0.290042922528719,
                0.310055761553381,
                0.296411082053405
            ]
        },
        {
            "mean": [
                -1.00356912148618,
                -1.33466354515148,
                -1.28697909536271,
                3.08337686232657,
                -2.93799297904063,
                -1.58831959209012,
                1.49744523131438,
                -1.31748314698275,
                0.380652074905818
            ],
            "median": [
                -1.01147007046181,
                -1.33963031504372,
                -1.2913142165961,
                3.07832411170056,
                -2.94034114972418,
                -1.58852306993259,
                1.49214026412131,
                -1.31753472491746,
                0.388874660173704
            ],
            "SE": [
                0.280979478788604,
                0.432982856567861,
                0.292665644838035,
                0.299675759077609,
                0.316277857532035,
                0.295253175559742,
                0.292069396179057,
                0.311975285657884,
                0.296997629610391
            ]
        },
        {
            "mean": [
                -0.527620371648003,
                -2.36958335786546,
                -0.527211241982802,
                -1.22916563134242,
                -1.91489757539067,
                2.0471545978267,
                0.482641895931689,
                -1.90433948070517,
                -3.16037071865413
            ],
            "median": [
                -0.529810998901347,
                -2.3543192793694,
                -0.521276268047802,
                -1.23226172596091,
                -1.9169210609346,
                2.04632036841871,
                0.480057666261275,
                -1.89847006604502,
                -3.16386657087498
            ],
            "SE": [
                0.285104746974402,
                0.443165228636625,
                0.302296420536701,
                0.299446990064593,
                0.316485951340697,
                0.308645822807167,
                0.29527976097529,
                0.312621293182119,
                0.292710174337907
            ]
        },
        {
            "mean": [
                0.935693646923436,
                -1.43535120364936,
                1.53462262119431,
                1.35942264012101,
                1.11697555572256,
                -0.952420128950718,
                -1.19055868963356,
                -1.7854717313536,
                -2.20091195700171
            ],
            "median": [
                0.939143799339022,
                -1.42790335253841,
                1.52947742115946,
                1.36169362798526,
                1.11734407949833,
                -0.954507741649702,
                -1.19048676678879,
                -1.79018022589837,
                -2.19968720080371
            ],
            "SE": [
                0.285154374977249,
                0.44784209370991,
                0.29573253010496,
                0.293867410989511,
                0.310528016227327,
                0.305336752743264,
                0.289001420605472,
                0.310842954296997,
                0.296821766795657
            ]
        },
        {
            "mean": [
                0.186328101082577,
                -2.08848840324965,
                -0.441804627126728,
                1.46633817275351,
                -2.74865896597065,
                -0.429122377629501,
                2.29004739809178,
                0.782121060042019,
                -1.24328229849912
            ],
            "median": [
                0.179116808887432,
                -2.08020812002064,
                -0.437333977366672,
                1.46365730638905,
                -2.74161312764223,
                -0.433873419098702,
                2.28698994958754,
                0.793332958791761,
                -1.24272672216925
            ],
            "SE": [
                0.281562936654606,
                0.452541227821952,
                0.298375396069648,
                0.28919734235111,
                0.308585895178661,
                0.299478997774086,
                0.285491106557089,
                0.3133123107737,
                0.298895064695937
            ]
        },
        {
            "mean": [
                0.834979170764543,
                -0.740075781774955,
                0.837353707742979,
                0.110273714264445,
                -1.24232216764292,
                0.149330849151575,
                -0.15223727565971,
                -1.79824538262168,
                -0.118534167745733
            ],
            "median": [
                0.843435017388324,
                -0.742273306907897,
                0.828833812869081,
                0.103584533255593,
                -1.24644878084781,
                0.161973551592349,
                -0.12482403678606,
                -1.78513822236826,
                -0.0533712256580951
            ],