{
    "uid": "ecbb9517-2820-4714-b6ee-839359e9f678",
    "scenario_uid": "b56e398eaedbdad34cec9e8a634c0fba",
    "iteration_uid": "efa1602c7d7edba771484cad3a8f58b1",
    "PD_subj": [
        {
            "mean": [
                -1.37795014244561,
                -1.14141277314676,
                0.484046104495027,
                3.57386881898304,
                -1.49551840615198,
                -2.69069500919198,
                0.245746675640118,
                -1.38200452623292,
                -0.119399980916597
            ],
            "median": [
                -1.36713075062324,
                -1.13669669789286,
                0.479166956352864,
                3.57680525750313,
                -1.49002918115927,
                -2.68128966134519,
                0.242242698005158,
                -1.38303463212669,
                -0.109003629014248
            ],
            "SE": [
                0.285167932522293,
                0.287598912919848,
                0.296350892139036,
                0.303981478344553,
                0.285420605669309,
                0.305283021760025,
                0.30090909608567,
                0.309025380697022,
                0.301028244421564
            ]
        },
        {
            "mean": [
                -0.729865529861971,
                -1.35106386109439,
                0.21118312881528,
                1.31819499831364,
                -1.48260912631062,
                -1.08262573806512,
                0.277293535964617,
                -2.11994925285411,
                -0.276839790339797
            ],
            "median": [
                -0.7288001311302,
                -1.35810094703389,
                0.20887478374544,
                1.32463563882977,
                -1.48087381305708,
                -1.08147279534661,
                0.277879064680513,
                -2.12012932576507,
                -0.27759432676208
            ],
            "SE": [
                0.290040641860739,
                0.2709458022087,
                0.284784308200884,
                0.299447026392376,
                0.293536590297321,
                0.306598545184321,
                0.30577554295621,
                0.320135904186755,
                0.297957612293359
            ]
        },
        {
            "mean": [
                -0.213231931068902,
                -1.52187888450616,
                0.94055291490868,
                0.704768721414213,
                -1.67494361122061,
                -2.81063751337795,
                3.63205315516073,
                -1.34616186574135,
                0.207129158673147
            ],
            "median": [
                -0.21240793983137,
                -1.51533712471115,
                0.950826597747387,
                0.705448447634498,
                -1.66804202046387,
                -2.80925538978713,
                3.63615228720706,
                -1.35029420265385,
                0.205505623667871
            ],
            "SE": [
                0.282853764373177,
                0.273562697530226,
                0.28407338853684,
                0.307096624966621,
                0.284327780461265,
                0.29791187521705,
                0.302029215919424,
                0.309827454462833,
                0.292361042274427
            ]
        },
        {
            "mean": [
                1.22645928312351,
                -2.43373737524606,
                1.61957624054764,
                3.56938754478088,
                -2.06964155937123,
                0.914997757799796,
                4.20625834186785,
                -1.49385415120513,
                1.02459218029173
            ],
            "median": [
                1.23392222209705,
                -2.429826943169,
                1.61727511820975,
                3.55818511934072,
                -2.07481929994464,
                0.909840493384782,
                4.20767469920977,
                -1.49468119622593,
                1.02041298714316
            ],
            "SE": [
                0.282972895443343,
                0.272158208707644,
                0.293919397239199,
                0.304753074833566,
                0.287674184607393,
                0.30594955016682,
                0.299607806607589,
                0.331324778557714,
                0.302699291866035
            ]
        },
        {
            "mean": [
                0.59405326632269,
                0.132815346288101,
                0.912902002265494,
                0.491444633698987,
                -1.03631990391218,
                -0.848836961888277,
                2.05558202728648,
                -1.19555989635831,
                0.601618535559882
            ],
            "median": [
                0.608946269055462,
                0.137751426563778,
                0.90973232139203,
                0.498495498513371,
                -1.03833344765105,
                -0.847390136416526,
                2.06307280952513,
                -1.1909718094757,
                0.598222873824469
            ],
            "SE": [
                0.288232448239467,
                0.273232095331427,
                0.299326435737607,
                0.310133934814345,
                0.289290933491564,
                0.309371013727992,
                0.303818806164873,
                0.316942989812971,
                0.29448555369001
            ]
        },
        {
            "mean": [
                -0.440031981880798,
                -0.274154536804986,
                0.28573388440365,
                0.561927311200988,
                -2.17000421678813,
                -0.34346902891814,
                2.37760281129664,
                0.674600359760217,
                -1.73023280227227
            ],
            "median": [
                -0.434659370330153,
                -0.271506597985431,
                0.285775197347598,
                0.563400543708988,
                -2.17018096266683,
                -0.34570254820211,
                2.37633942506329,
                0.673712287971603,
                -1.73130465381448
            ],
            "SE": [
                0.284486437845733,
                0.270708589393807,
                0.293435931556964,
                0.29673628362409,
                0.287792938712462,
                0.302518238579839,
                0.284018620520468,
                0.311755933519584,
                0.303596971822212
            ]
        },
        {
            "mean": [
                -1.21212872974447,
                -0.989318943697494,
                -0.33114981652073,
                -0.873687708805941,
                -1.82007713585109,
                -2.45277162536765,
                2.22558337847752,
                -1.98426863580131,
                -0.637389562608761
            ],
            "median": [
                -1.21744484626448,
                -0.983719024877603,
                -0.321283007888904,
                -0.87716573066188,
                -1.81807748827979,
                -2.45478498927247,
                2.22704396330535,
                -1.98241874622014,
                -0.639801970732475
            ],