{
    "uid": "8c966171-4955-49eb-8fac-7b7c27a9a32f",
    "scenario_uid": "b56e398eaedbdad34cec9e8a634c0fba",
    "iteration_uid": "f0cf3276ad6c2f5a7ac1c2a91cbdfdc0",
    "PD_subj": [
        {
            "mean": [
                -0.846033015602358,
                -1.25467587138645,
                2.39254923506892,
                0.97410557038664,
                1.31127214307538,
                -0.438917453393031,
                3.99245018735819,
                -1.96572407592065,
                1.15587601612207
            ],
            "median": [
                -0.848209550460707,
                -1.24032230179155,
                2.38635684615955,
                0.971300599810573,
                1.30568775822199,
                -0.443558216720784,
                3.99557661435999,
                -1.97607902954127,
                1.15133629168881
            ],
            "SE": [
                0.259240290502099,
                0.492696652059231,
                0.302106325922857,
                0.286048111979605,
                0.323810079370623,
                0.276958412390961,
                0.273105006253342,
                0.352817597677552,
                0.288252669387753
            ]
        },
        {
            "mean": [
                -0.579321093711846,
                -1.66852096641044,
                -0.568133528510135,
                -0.681913353121881,
                -0.959562268026349,
                -0.705870241359864,
                2.72935492113562,
                -1.60098430543447,
                2.73950382843633
            ],
            "median": [
                -0.576225612934601,
                -1.66674581331506,
                -0.563608746725715,
                -0.691771299671772,
                -0.964031953698914,
                -0.701987434627397,
                2.73922644622919,
                -1.59997386627216,
                2.74390093112155
            ],
            "SE": [
                0.279568409698177,
                0.493037300895105,
                0.317363533892196,
                0.323539350193715,
                0.312213033868607,
                0.298557474580246,
                0.312351212191593,
                0.334702780046081,
                0.316797270212389
            ]
        },
        {
            "mean": [
                -0.511794425811504,
                -2.97240177291672,
                1.27772473710357,
                1.92678878923135,
                -1.96791676367751,
                -1.53696428945473,
                2.05887435380631,
                -2.88094813933309,
                2.53878380363279
            ],
            "median": [
                -0.514533139853682,
                -2.95917023818365,
                1.28507277747306,
                1.93179301362784,
                -1.96727466030034,
                -1.54613465674195,
                2.05978741536946,
                -2.88273960160641,
                2.53278050474412
            ],
            "SE": [
                0.255851553541285,
                0.488077045675349,
                0.293091096303468,
                0.290082224514497,
                0.323877586115751,
                0.275522215576046,
                0.287143670934759,
                0.345706923986585,
                0.285255791711138
            ]
        },
        {
            "mean": [
                0.724118418150411,
                -3.30915343338959,
                3.08650409287063,
                0.125432559932875,
                -2.73257838808548,
                -0.0776930213546834,
                2.46785649663779,
                0.0322192379330905,
                -1.67317652125663
            ],
            "median": [
                0.724872771702285,
                -3.30145548135089,
                3.07957957478385,
                0.120529032847056,
                -2.73392772210945,
                -0.0801078273673904,
                2.47556072500728,
                0.0366559473082414,
                -1.67432658598812
            ],
            "SE": [
                0.256753395192696,
                0.528724115216749,
                0.302417278976894,
                0.279672216740764,
                0.320674811612078,
                0.276169462280752,
                0.282826276946162,
                0.334172211344172,
                0.287254947788696
            ]
        },
        {
            "mean": [
                -0.343757996507943,
                0.0445676236250545,
                3.13376059176342,
                0.380263962791692,
                -1.79454641442433,
                -1.34159355362768,
                2.04583324641232,
                -0.758471497986757,
                2.39913808613415
            ],
            "median": [
                -0.331176815638734,
                0.0503431193347737,
                3.14249285799867,
                0.386242297121013,
                -1.78686106566793,
                -1.33819497271572,
                2.04437346421899,
                -0.758702207326952,
                2.3984530618683
            ],
            "SE": [
                0.335232657250052,
                0.492905588270771,
                0.302140809630947,
                0.45596515621778,
                0.316613026597587,
                0.274088595324428,
                0.449551815760222,
                0.342842847128842,
                0.296624268676429
            ]
        },
        {
            "mean": [
                0.164600454941083,
                -0.555576308624087,
                0.683511058397998,
                2.35073860519605,
                -4.13007008127123,
                -0.0556784082417226,
                2.38500592771565,
                -0.686004367984904,
                2.50535760007742
            ],
            "median": [
                0.162556574742831,
                -0.547554196899378,
                0.680451461716902,
                2.35360462348339,
                -4.13663608327442,
                -0.0492460489916325,
                2.39124997262506,
                -0.684005964478371,
                2.50655606927333
            ],
            "SE": [
                0.261050080196823,
                0.491040893095561,
                0.306646798373222,
                0.281358551643276,
                0.316083763865868,
                0.282687022357834,
                0.286765810648382,
                0.336894953086909,
                0.283992226123636
            ]
        },
        {
            "mean": [
                -0.54595011935526,
                -2.4397275978729,
                1.84285235800111,
                -0.583100377981291,
                -1.31197109692551,
                0.958993160916152,
                0.250251561319796,
                -1.13050917840781,
                -0.00118043896729775
            ],
            "median": [
                -0.541625798445526,
                -2.42453424821958,
                1.84464922957203,
                -0.582578995847584,
                -1.3175837801827,
                0.958432625906921,
                0.254067377178119,
                -1.12003043341967,
                -0.0080957956742705
            ],