{
    "uid": "3d27be8c-1546-47fa-98a4-b776b7946e64",
    "scenario_uid": "b56e398eaedbdad34cec9e8a634c0fba",
    "iteration_uid": "f2320e40680a18dc406189abd5ad4408",
    "PD_subj": [
        {
            "mean": [
                1.41248049574419,
                1.77018890187713,
                2.5404407105254,
                -0.122930771308436,
                1.04550495368204,
                -1.19416938006644,
                0.641928004414879,
                -1.34847857227711,
                -0.458788893168336
            ],
            "median": [
                1.41006568829475,
                1.77778704876036,
                2.54032708372622,
                -0.114421262602462,
                1.06051914745288,
                -1.19560136538777,
                0.644777700500047,
                -1.35583087898857,
                -0.458231841621866
            ],
            "SE": [
                0.333276467039761,
                0.306630781522477,
                0.294035433289496,
                0.282300045711945,
                0.31885388461606,
                0.305377306766689,
                0.263713391626259,
                0.29699945845851,
                0.287508740755592
            ]
        },
        {
            "mean": [
                3.29397515827455,
                -2.66917571910066,
                -0.207008447749192,
                0.19801045216151,
                -1.04816383154278,
                1.04934689771464,
                2.53707549299998,
                0.997004665290646,
                -0.473508153790747
            ],
            "median": [
                3.28824229087284,
                -2.67230024250062,
                -0.210803379853174,
                0.192563873306012,
                -1.05066058855078,
                1.04417388852647,
                2.53420443383801,
                0.991878617180539,
                -0.474224506493766
            ],
            "SE": [
                0.329710805026256,
                0.316812338770026,
                0.29064909974079,
                0.288575612398372,
                0.324758858061406,
                0.300551139900429,
                0.261510084545743,
                0.2926618458891,
                0.295332546183261
            ]
        },
        {
            "mean": [
                0.757463508440331,
                -2.79193853721532,
                1.91502195383335,
                -0.0740387186577658,
                -0.683655583716277,
                -1.25166440419768,
                1.0021233199899,
                -0.637769957514236,
                -2.28900267351508
            ],
            "median": [
                0.751247075067233,
                -2.79212363466714,
                1.90561805263409,
                -0.0709815705176591,
                -0.682551688015824,
                -1.25036834390642,
                0.997789557464228,
                -0.640843409028248,
                -2.2885302826307
            ],
            "SE": [
                0.870021852239128,
                0.319492907637387,
                0.292520590691073,
                0.45511628094667,
                0.330069176372864,
                0.2968550009598,
                0.354374871090725,
                0.297929043949912,
                0.286545580736295
            ]
        },
        {
            "mean": [
                -0.48046593416708,
                0.917914853587948,
                1.44788937637736,
                -0.942607145606233,
                -2.0662680556955,
                -0.852377472559519,
                0.912956004665126,
                -1.6041783884807,
                0.147547622801284
            ],
            "median": [
                -0.490889060906337,
                0.915597909411214,
                1.45269621586626,
                -0.945340952022746,
                -2.06525966891438,
                -0.852663571886424,
                0.91472951007114,
                -1.61486009841658,
                0.146633584433921
            ],
            "SE": [
                0.325296018762376,
                0.32050120603039,
                0.291858171801917,
                0.285893653352194,
                0.319206865369058,
                0.296040465852378,
                0.267601770374866,
                0.300117753173367,
                0.298579839147402
            ]
        },
        {
            "mean": [
                -0.847455737202547,
                -0.760506951345227,
                -0.230764654358686,
                -1.47567710718669,
                -3.15084272461033,
                -1.17383020688637,
                1.36890569685026,
                -1.36127251148901,
                0.943954136076436
            ],
            "median": [
                -0.885593447758081,
                -0.75855799161099,
                -0.292915540133668,
                -1.48075630780616,
                -3.14347882682969,
                -1.34642658963517,
                1.374896640648,
                -1.35155244458067,
                1.17735377012634
            ],
            "SE": [
                0.588422182700716,
                0.313588118919861,
                0.981568583883221,
                0.295528921543568,
                0.325124741471258,
                0.679034481333613,
                0.306330808335696,
                0.294625607806963,
                0.763526435647929
            ]
        },
        {
            "mean": [
                3.80570298664746,
                -0.333285513618946,
                1.10190923200061,
                0.956155512758596,
                0.121502539231574,
                -0.149529541691425,
                0.165558322321024,
                -0.955287504665847,
                0.856441220932846
            ],
            "median": [
                3.80421351825009,
                -0.323208446041826,
                1.09921393401625,
                0.961502614402606,
                0.136797305424961,
                -0.152057485785521,
                0.171887606542141,
                -0.951993228954604,
                0.854526339334219
            ],
            "SE": [
                0.329433625235407,
                0.31255925566026,
                0.284202700810364,
                0.282128301644104,
                0.317957013506699,
                0.297143726228079,
                0.264976245929895,
                0.303198727885062,
                0.291884714506559
            ]
        },
        {
            "mean": [
                -2.07146588788371,
                -0.328560238807277,
                1.85641016181487,
                0.97130055209112,
                -3.23813739134053,
                -1.26060777096785,
                0.782677469096131,
                -2.82952256960961,
                -0.557060285695475
            ],
            "median": [
                -2.07568964314719,
                -0.325530581688831,
                1.86082904009999,
                0.97303506146796,
                -3.24128273254724,
                -1.25997571296591,
                0.788380036938951,
                -2.83429331606691,
                -0.565195471992817
            ],