{
    "uid": "811b3d7e-d795-455c-8879-0db85040a72f",
    "scenario_uid": "b56e398eaedbdad34cec9e8a634c0fba",
    "iteration_uid": "f2ad8c6984ddeb3a65c99b46d18d374e",
    "PD_subj": [
        {
            "mean": [
                -3.57431445935852,
                -2.45088372394273,
                -1.24387698600642,
                1.38084293344428,
                -1.81180622297067,
                -1.07465129082789,
                2.16099570497154,
                0.0642552886149971,
                -2.07392815601376
            ],
            "median": [
                -3.57354859110463,
                -2.44605465512815,
                -1.23356083066909,
                1.37735121428018,
                -1.80221394869369,
                -1.0703127330128,
                2.15663133551653,
                0.0731931288323974,
                -2.07583733806632
            ],
            "SE": [
                0.296895866141546,
                0.337320610366326,
                0.290518463711543,
                0.301320446653222,
                0.32081025944118,
                0.286234171414881,
                0.295809303336726,
                0.36637487759139,
                0.287445658017863
            ]
        },
        {
            "mean": [
                0.450286524095485,
                0.407192497500686,
                0.387819247487939,
                -2.25761966185693,
                -2.28982223452938,
                -1.9543667573535,
                -1.16985525171498,
                -0.965421590931925,
                -0.0694390932018885
            ],
            "median": [
                0.467781753103882,
                0.408234819045583,
                0.394862758541321,
                -2.01029046687173,
                -2.0734566814256,
                -1.84732840884236,
                -1.21409167041659,
                -0.976519001800549,
                -0.0309936214001925
            ],
            "SE": [
                0.44429273318364,
                0.460311833493291,
                0.308202255588465,
                0.78135265009103,
                0.774596190293619,
                0.498760221567514,
                0.501918962105197,
                0.637719737546861,
                0.385781412068977
            ]
        },
        {
            "mean": [
                -2.68713753716048,
                0.278995576503237,
                -0.956415723205598,
                0.776715155947209,
                -2.32804009913755,
                -0.577388961895332,
                1.39232117991111,
                -2.00910434352279,
                -0.655121933444978
            ],
            "median": [
                -2.68073899137119,
                0.279573946649267,
                -0.956131871833896,
                0.778261480249382,
                -2.33233579893278,
                -0.574778937001963,
                1.39649412491966,
                -1.99727516067479,
                -0.653938348212316
            ],
            "SE": [
                0.301412761151832,
                0.335335522451918,
                0.288251142926564,
                0.30155325915142,
                0.325227790609658,
                0.291763861314442,
                0.288136335161162,
                0.366424375868722,
                0.300006449341233
            ]
        },
        {
            "mean": [
                2.38663692279757,
                -0.284565958173488,
                -0.0183172445238666,
                2.45781146368359,
                -2.99465387705861,
                1.89955851053043,
                0.866941008087285,
                -3.48461227714294,
                0.248877615234927
            ],
            "median": [
                2.38660206148706,
                -0.281268373374776,
                -0.0212018563850831,
                2.4552036019597,
                -2.98670295637621,
                1.89849628659534,
                0.869055292815399,
                -3.47997516608999,
                0.241473066887278
            ],
            "SE": [
                0.307761543527904,
                0.33846566141891,
                0.290248672821354,
                0.310165219428022,
                0.325439815843269,
                0.281942462243198,
                0.287905482869532,
                0.35753832491657,
                0.290183023296318
            ]
        },
        {
            "mean": [
                -0.973584615870383,
                -1.02649287392706,
                0.0605555136508938,
                -0.0735072464146482,
                0.870864119702593,
                -0.360503301626777,
                -0.20579173002198,
                -0.487017229682803,
                1.88855719697604
            ],
            "median": [
                -0.977798859675777,
                -1.01759513338697,
                0.0574622669518442,
                -0.245728325452803,
                1.04788282903409,
                -0.356041765239484,
                -0.191439479340772,
                -0.491614838389823,
                1.89117309327049
            ],
            "SE": [
                0.296364796083749,
                0.329397859515453,
                0.283879189859738,
                0.643122418180297,
                0.638877787836523,
                0.285838327323804,
                0.341359460648559,
                0.392679157308553,
                0.281963796336736
            ]
        },
        {
            "mean": [
                -1.41645556598615,
                -2.41335695826007,
                -0.70354014277524,
                4.61322460983611,
                -2.63762598162212,
                0.880764814638134,
                0.345340339101355,
                -1.4152290522789,
                -0.323442488891885
            ],
            "median": [
                -1.41821993250801,
                -2.41738052444808,
                -0.703384948587631,
                4.61710787174331,
                -2.6363478102498,
                0.886365183910219,
                0.347534153646201,
                -1.41859918242472,
                -0.332125860483301
            ],
            "SE": [
                0.307987340028048,
                0.341415188622859,
                0.293927220123341,
                0.307385320006086,
                0.328534059151164,
                0.281947511137155,
                0.285012903712227,
                0.361524017158475,
                0.290432554564255
            ]
        },
        {
            "mean": [
                -2.6258258713964,
                -0.701337751320699,
                1.04764419452257,
                -0.0254262202479947,
                0.826774323336446,
                -0.941495926253392,
                -0.0157521761727926,
                0.757001259985352,
                -1.40162553969059
            ],
            "median": [
                -2.62236297165259,
                -0.691898411011779,
                1.04781342402377,
                -0.0257445494243766,
                0.816367094687108,
                -0.936250978797408,
                -0.0159468608806316,
                0.747643515860441,
                -1.39716535727075
            ],