{
    "uid": "99f3c6a9-2cdb-46aa-a954-500f6c81c238",
    "scenario_uid": "b56e398eaedbdad34cec9e8a634c0fba",
    "iteration_uid": "f2d632fc883d55af4783524ef8b22f47",
    "PD_subj": [
        {
            "mean": [
                -1.56699320110095,
                1.11866477896615,
                0.0517924176850659,
                0.108510762420926,
                -3.68395580226083,
                2.41642697075081,
                3.27908169003333,
                0.209259048021786,
                0.509999958013612
            ],
            "median": [
                -1.56464425578602,
                1.10837356826879,
                0.0443129058278148,
                0.110556048880788,
                -3.69494702897026,
                2.41041076459941,
                3.28176601087903,
                0.201199097890535,
                0.509558950625591
            ],
            "SE": [
                0.27678922205861,
                0.60774000695004,
                0.277014991832146,
                0.247927356639879,
                0.693820106050059,
                0.286644650339598,
                0.282992591082075,
                0.716717342649595,
                0.287540524879946
            ]
        },
        {
            "mean": [
                -2.0222119613065,
                -0.718743718063789,
                -0.244872560901267,
                1.10894478629644,
                0.264356383594532,
                1.54405896109445,
                1.25625126452942,
                -1.50108403504169,
                -0.517577408092199
            ],
            "median": [
                -2.01825968631162,
                -0.716968573908478,
                -0.229455147366019,
                1.106339867304,
                0.228794831285407,
                1.57061650102356,
                1.25586441222582,
                -1.50777790071694,
                -0.492843395122064
            ],
            "SE": [
                0.278785953292292,
                0.62952227408712,
                0.305142607327019,
                0.255058165425491,
                0.739254508218978,
                0.380019843963615,
                0.280286928305301,
                0.720967175583426,
                0.347333552734236
            ]
        },
        {
            "mean": [
                -1.00505511912953,
                -1.68938431180488,
                1.906549459585,
                1.99539952246305,
                0.210297250882106,
                -2.37039004242955,
                0.0291553380793186,
                -0.78944604352336,
                0.690686620877773
            ],
            "median": [
                -1.00754923491659,
                -1.70302977721992,
                1.91059416560112,
                1.99116661660418,
                0.199978992935871,
                -2.36955720977966,
                0.0321148828812736,
                -0.797796009047179,
                0.702312157407616
            ],
            "SE": [
                0.27951796854419,
                0.613433298036235,
                0.283553704559515,
                0.253535025251536,
                0.686821290853606,
                0.290459109438705,
                0.281989019547123,
                0.70441790573602,
                0.28567556816048
            ]
        },
        {
            "mean": [
                1.3708462364832,
                -0.267929084521359,
                -0.282827445827123,
                0.141721068108337,
                -3.30130668157006,
                -0.962954831749907,
                2.43077967961755,
                -1.24830417726347,
                0.380313778210792
            ],
            "median": [
                1.37247166896073,
                -0.269278605557415,
                -0.288400788205681,
                0.143726909590335,
                -3.29449273438857,
                -0.966900461802021,
                2.42872137845184,
                -1.23731307543154,
                0.380780848945383
            ],
            "SE": [
                0.279123786055581,
                0.610897815056647,
                0.289895880271769,
                0.251302334058263,
                0.68552068116434,
                0.287213239309576,
                0.276818326033335,
                0.722557345500903,
                0.282060343494783
            ]
        },
        {
            "mean": [
                -0.200496654807236,
                -0.873583585504421,
                -0.117808337587801,
                1.42725363237536,
                -0.168358899536162,
                2.24383675120613,
                0.713740520725013,
                -1.78532756936345,
                -0.410050885518518
            ],
            "median": [
                -0.179668388218443,
                -0.882171607840342,
                -0.116661069674505,
                1.22813212599073,
                -0.157015296283993,
                2.25454695023203,
                1.06907139141635,
                -1.80479647826308,
                -0.40649044234865
            ],
            "SE": [
                0.422799863803609,
                0.601985298814807,
                0.288856580150336,
                0.750233240597011,
                0.714101921252958,
                0.314870934502999,
                1.07552218374766,
                0.682829586165485,
                0.300858172326323
            ]
        },
        {
            "mean": [
                -0.692129197603341,
                -0.828167998595055,
                -0.70510469904191,
                0.8943832563393,
                -2.4111826879996,
                0.870650272200281,
                0.918595620180256,
                -0.0799056202533814,
                0.922523521923679
            ],
            "median": [
                -0.68987882414997,
                -0.828282074662917,
                -0.709286666096412,
                0.896334784595604,
                -2.39729538816215,
                0.873568760615262,
                0.911884795260542,
                -0.0859999144454425,
                0.920871098089831
            ],
            "SE": [
                0.297155010444822,
                0.623897251533682,
                0.312186754419737,
                0.271944240712843,
                0.692388872406426,
                0.315926857509457,
                0.305788058158115,
                0.703309681281212,
                0.31392553715068
            ]
        },
        {
            "mean": [
                -0.252005593590713,
                -3.20991242850677,
                2.62654230632483,
                0.901786771494278,
                -0.945835972497345,
                -0.709652371621198,
                1.47970923210045,
                -0.203084600689152,
                -2.46660282696723
            ],
            "median": [
                -0.272094323762875,
                -3.20789682736388,
                2.63463985859608,
                0.907252850143481,
                -0.961613580649706,
                -0.707000793837635,
                1.48899460079488,
                -0.207237699417903,
                -2.47144874677646
            ],