{
    "uid": "cd36c4a3-b0fb-4543-997f-1ecfed3bee24",
    "scenario_uid": "b56e398eaedbdad34cec9e8a634c0fba",
    "iteration_uid": "f33a4b97ca71348a978125f6c3c18fd2",
    "PD_subj": [
        {
            "mean": [
                2.07281662614455,
                1.15524020563001,
                -0.281753497186429,
                2.35093969657205,
                0.0513375751691635,
                -0.199058432393336,
                0.47111890572816,
                0.163249228490364,
                0.0835946572715196
            ],
            "median": [
                2.06704996913124,
                1.16332064553317,
                -0.282625433600161,
                2.35492934365516,
                0.0706746615138792,
                -0.213653194423232,
                0.472359159131692,
                0.184689211343926,
                0.0847164522573243
            ],
            "SE": [
                0.294139193399658,
                0.455739356953835,
                0.297719848398606,
                0.276923755347039,
                0.905259251831599,
                0.273406308891092,
                0.270436115895437,
                1.11061141221828,
                0.275594898645094
            ]
        },
        {
            "mean": [
                -0.326831276268681,
                0.188400864937654,
                -0.323277938437943,
                0.926445612073584,
                0.696899066685265,
                0.917810010519601,
                -0.300555130133032,
                -1.11580841194274,
                -0.312133972911295
            ],
            "median": [
                -0.324345140027305,
                0.186297922587767,
                -0.323463059836421,
                0.929428416585617,
                0.684062325624105,
                0.926518511091166,
                -0.305569401088934,
                -1.09607111394328,
                -0.320148399290999
            ],
            "SE": [
                0.298125657647459,
                0.416597126037828,
                0.307708142276704,
                0.288027659089466,
                0.906477971587272,
                0.30384971002601,
                0.292509139783283,
                1.14122957546504,
                0.304630987799586
            ]
        },
        {
            "mean": [
                0.0749949240070294,
                0.129712322696271,
                0.186806639024014,
                0.53173969077731,
                -1.28359041358588,
                0.59802191815953,
                -0.805868328638015,
                -5.33800425319261,
                -0.851584733730849
            ],
            "median": [
                0.0295091693435811,
                0.130714442965242,
                0.237531401369745,
                0.505799012158416,
                -1.2721364828653,
                0.627439190591155,
                -0.799983238963983,
                -5.36014200520484,
                -0.863062483673049
            ],
            "SE": [
                0.492552261451637,
                0.41448140401618,
                0.486499292059199,
                0.429007269692132,
                0.88267011448442,
                0.441037792224154,
                0.307267574987395,
                1.1232112981469,
                0.314841785162482
            ]
        },
        {
            "mean": [
                -1.49912051587722,
                0.203858885743111,
                0.811079429548974,
                -0.313842009739784,
                -5.58464370619108,
                -0.3525101497221,
                -0.371386984654125,
                -0.941063835419604,
                1.01890922560824
            ],
            "median": [
                -1.49613999107007,
                0.200365872151913,
                0.81911644799562,
                -0.312552584894032,
                -5.58157768962511,
                -0.354779289230982,
                -0.371581718323413,
                -0.945898714921143,
                1.00960808915884
            ],
            "SE": [
                0.295172283320574,
                0.410595067561943,
                0.308339561236546,
                0.289059155253247,
                0.877064138212919,
                0.295142483429116,
                0.265045972456082,
                1.12885103141854,
                0.279095065283372
            ]
        },
        {
            "mean": [
                9.64373816945976e-05,
                0.452490860485892,
                4.16973832704192,
                1.18445461578361,
                -3.52342559897253,
                0.451459284222623,
                -1.57252293449783,
                -2.94969049380631,
                0.401009830907984
            ],
            "median": [
                0.0057423145938654,
                0.441423523511245,
                4.17144964617963,
                1.18138698686228,
                -3.52639293946953,
                0.449939656937937,
                -1.5645357602291,
                -2.92991247862595,
                0.401666990320943
            ],
            "SE": [
                0.296699252607609,
                0.412640680649442,
                0.30925830716255,
                0.282455918189639,
                0.89267817780689,
                0.291030676366164,
                0.274846823911407,
                1.12571013621818,
                0.281165811080987
            ]
        },
        {
            "mean": [
                -0.212991740057182,
                -0.718447229524758,
                -1.35765218988195,
                1.61995745914474,
                -1.24489445410229,
                1.6488300952654,
                -0.581027286394582,
                0.078012319743582,
                0.289042058187783
            ],
            "median": [
                -0.214135208554209,
                -0.712609755185353,
                -1.36427434613096,
                1.6155702799567,
                -1.25039076253729,
                1.64855844779292,
                -0.583016665173832,
                0.0939451497685521,
                0.293136578478758
            ],
            "SE": [
                0.296145600440967,
                0.422826462807066,
                0.307516022574673,
                0.277810383600503,
                0.913405834038142,
                0.288143538528612,
                0.276492061175614,
                1.13053552543639,
                0.275383380908662
            ]
        },
        {
            "mean": [
                1.10724882122114,
                -3.66806766960346,
                2.21136939348081,
                -1.17905473939208,
                -2.62082752750136,
                -0.788455124127889,
                0.640322044635546,
                1.73613677812893,
                -1.33544145598364
            ],
            "median": [
                1.10363682567591,
                -3.66815785335334,
                2.20947547811648,
                -1.18417167487579,
                -2.60364017897665,
                -0.784268648969104,
                0.635042398495962,
                1.69814834615866,
                -1.33523099919692
            ],