{
    "uid": "839d1397-1b5e-4295-aa2b-1c33e52dda25",
    "scenario_uid": "b56e398eaedbdad34cec9e8a634c0fba",
    "iteration_uid": "f467f32855198f55be5e1028d5efd83f",
    "PD_subj": [
        {
            "mean": [
                0.661560775711653,
                -2.02267406683996,
                2.1535829399907,
                2.00365604447726,
                -1.23810680184817,
                1.01059576963952,
                3.02220054815532,
                -3.09921347302666,
                0.336311113024987
            ],
            "median": [
                0.669535039498936,
                -2.02819347662429,
                2.13816389789909,
                2.01114190256676,
                -1.23860792502834,
                1.01224007118513,
                3.0264971240884,
                -3.09859564280083,
                0.337206928589177
            ],
            "SE": [
                0.289828684513912,
                0.315162401578816,
                0.314570359601416,
                0.270835694400116,
                0.337319453339858,
                0.300180457855915,
                0.309603302381196,
                0.737986876270473,
                0.291828142744409
            ]
        },
        {
            "mean": [
                -1.12663359068072,
                -0.30257857421256,
                -1.05279798628034,
                1.74834755408322,
                -1.57545728120357,
                1.04574493078191,
                3.99321434481867,
                -4.66199077341782,
                -1.3551358841217
            ],
            "median": [
                -1.12076469478829,
                -0.308975465357694,
                -1.04804580082765,
                1.74526284463753,
                -1.58224199261444,
                1.04215239774903,
                3.99027057335398,
                -4.68082138348431,
                -1.35050901877979
            ],
            "SE": [
                0.294353701266608,
                0.313915503082519,
                0.305874657973238,
                0.277064525801401,
                0.356506823796911,
                0.301178812994711,
                0.297023385352956,
                0.712696431434006,
                0.291493881528116
            ]
        },
        {
            "mean": [
                -1.2021043070824,
                0.21415077590377,
                0.631115500938629,
                0.849854982770879,
                -0.0336046195530552,
                -3.6762842192827,
                -1.26538282374493,
                -1.84839268533317,
                -0.0855303039708392
            ],
            "median": [
                -1.20357607265549,
                0.217046899178734,
                0.627027232988899,
                0.846723125270207,
                -0.0428120716127963,
                -3.66871471091354,
                -1.26741502200594,
                -1.82894346673294,
                -0.0840754563106117
            ],
            "SE": [
                0.287295713650423,
                0.30243507031261,
                0.314811446714276,
                0.276595841165147,
                0.32877847635613,
                0.300988276640031,
                0.299954918746663,
                0.710113866132575,
                0.283989516354174
            ]
        },
        {
            "mean": [
                0.183109724256947,
                -0.0617907283887196,
                4.39762822731187,
                0.853679778575466,
                0.736535062266329,
                -0.746041926699953,
                1.87190106040726,
                -1.21031719112361,
                -1.74879920258087
            ],
            "median": [
                0.189566960704378,
                -0.0588582319502755,
                4.39302401657734,
                0.858363780372041,
                0.738336151323225,
                -0.745937659096373,
                1.8703249773852,
                -1.23022784041928,
                -1.75664584070048
            ],
            "SE": [
                0.292116000390783,
                0.312011231555768,
                0.304488440868391,
                0.27765297454193,
                0.344983407443507,
                0.299294769530185,
                0.297148999135826,
                0.742807116297783,
                0.2838548557981
            ]
        },
        {
            "mean": [
                1.48443675706954,
                -1.41481593669522,
                0.236597192493906,
                0.579053007511593,
                -1.10240295628456,
                -0.745312849053817,
                1.13049706191149,
                1.51003014640558,
                1.25347300554654
            ],
            "median": [
                1.47481816604464,
                -1.41798567273407,
                0.241234905194541,
                0.585341767225694,
                -1.10372386314109,
                -0.747930622630806,
                1.12887843746305,
                1.52589941825305,
                1.2497412684544
            ],
            "SE": [
                0.279755609278632,
                0.318924976988057,
                0.314180091674918,
                0.282556648982417,
                0.342841854859103,
                0.30356552377658,
                0.307500706362667,
                0.72352100960824,
                0.283007780679213
            ]
        },
        {
            "mean": [
                0.0686067228007777,
                -1.20992593614387,
                1.97406762869851,
                0.449320840809147,
                -0.534305852500235,
                0.807563038260932,
                -0.657388686971808,
                -1.6585666080215,
                0.712620054900568
            ],
            "median": [
                0.0635943163199001,
                -1.21233034629266,
                1.97339310387559,
                0.453236287590103,
                -0.52719267921564,
                0.811108235932198,
                -0.661029916959601,
                -1.65976754068157,
                0.706155432744256
            ],
            "SE": [
                0.302234939688333,
                0.299299195069022,
                0.315625449112775,
                0.274956516188572,
                0.343233332619549,
                0.304466820761026,
                0.305611405930462,
                0.724695892240962,
                0.279881052815023
            ]
        },
        {
            "mean": [
                -1.58073324993379,
                -0.597504818401098,
                -1.78453625395131,
                1.01818974952226,
                -1.98580614482563,
                -0.242175399606373,
                -1.69654824471959,
                -0.488654356179591,
                -0.130237798159585
            ],
            "median": [
                -1.57961169594678,
                -0.596348041549985,
                -1.79400051907567,
                1.01638119319699,
                -1.9814016908481,
                -0.245579931730125,
                -1.70078940888972,
                -0.514468162942124,
                -0.133035771017297
            ],