{
    "uid": "dd561663-6235-4110-948f-37b97f7626a0",
    "scenario_uid": "b56e398eaedbdad34cec9e8a634c0fba",
    "iteration_uid": "f4b8608a0c7757576f6c4ce3ea664aa3",
    "PD_subj": [
        {
            "mean": [
                0.0710711495310239,
                -0.883531813602965,
                2.55290944499573,
                1.03269236213466,
                -1.17098182702492,
                0.545447154174524,
                1.11798307767973,
                -1.24644847451477,
                0.592640487999137
            ],
            "median": [
                0.0672305694575008,
                -0.883821644192572,
                2.54729579420154,
                1.02882780719555,
                -1.17484406952041,
                0.543711106219936,
                1.12463699722368,
                -1.24391701539488,
                0.587519753558559
            ],
            "SE": [
                0.289872334618085,
                0.296242698739654,
                0.285684138966172,
                0.306482531299328,
                0.300142529886668,
                0.295322180047576,
                0.30221601262211,
                0.299820313758971,
                0.291991875222046
            ]
        },
        {
            "mean": [
                0.214963030641561,
                -2.00996292780137,
                -0.17625028419982,
                1.92134394376483,
                -1.56579452720664,
                0.84295662530035,
                3.29166238951183,
                0.37716325060742,
                0.587938437048854
            ],
            "median": [
                0.215700933064667,
                -2.00017532481085,
                -0.183757769336281,
                1.92565936376869,
                -1.56569259663398,
                0.838954789613057,
                3.29608530748097,
                0.383146284512978,
                0.589642274042011
            ],
            "SE": [
                0.281644898851081,
                0.302419909353754,
                0.287246736788144,
                0.298374569637145,
                0.304299471745103,
                0.29047311132914,
                0.299829578428692,
                0.29881390729692,
                0.307505623603334
            ]
        },
        {
            "mean": [
                -1.48993488586791,
                -0.950684466998329,
                2.27000738571331,
                -1.56578742648855,
                -1.84052363773257,
                -0.366186031000132,
                1.72077619800523,
                -1.75929647620264,
                -1.27658314548352
            ],
            "median": [
                -1.49803061483523,
                -0.950184649894697,
                2.26775173938157,
                -1.5599176996828,
                -1.84831300731198,
                -0.372983340459001,
                1.72308914240754,
                -1.75601241414336,
                -1.27429532426054
            ],
            "SE": [
                0.290359986735779,
                0.299089332779346,
                0.286475127881153,
                0.29688033014601,
                0.306849777032035,
                0.290946322305091,
                0.297832231005129,
                0.292822649617125,
                0.297699685090474
            ]
        },
        {
            "mean": [
                -0.756573058657586,
                0.999981632658627,
                1.33543800485995,
                2.49306466592674,
                -1.77182733559843,
                -1.64755216083078,
                3.85652539561171,
                0.0469331516115795,
                0.415857611301911
            ],
            "median": [
                -0.756784038548469,
                0.879342686654246,
                1.47263596502392,
                2.49377716518349,
                -1.78501902360999,
                -1.64160110097478,
                3.84872751297661,
                -0.0916354282079875,
                0.560339624143844
            ],
            "SE": [
                0.283285939376056,
                0.551671103609018,
                0.539289434598632,
                0.303276804576767,
                0.361376397984289,
                0.350447931947838,
                0.309721207098657,
                0.563395287201487,
                0.567465296242377
            ]
        },
        {
            "mean": [
                -0.964098094893734,
                -0.17497049978775,
                0.202340836505217,
                3.42672184144848,
                -0.801085819718838,
                1.62146697156915,
                -0.031883454445523,
                -0.0966551960722455,
                -2.10047015777587
            ],
            "median": [
                -0.968180412830308,
                -0.172349820411741,
                0.195746412036116,
                3.43376092896784,
                -0.797789154682102,
                1.62425045371092,
                -0.0334430544766276,
                -0.0964412986270307,
                -2.09733525956543
            ],
            "SE": [
                0.280508419595179,
                0.301129282651089,
                0.292727601866101,
                0.295844912085832,
                0.306180397200412,
                0.288787651511734,
                0.305653519074937,
                0.30260580850255,
                0.302056178674866
            ]
        },
        {
            "mean": [
                1.35436077355292,
                -2.8127757173523,
                2.65027458745663,
                -2.23908392415526,
                -0.589201349784896,
                0.6411127396471,
                2.31533459196484,
                -2.46785567553103,
                -0.560218055061419
            ],
            "median": [
                1.34905439192153,
                -2.81482179659816,
                2.64473253226217,
                -2.24922422792732,
                -0.591361361525932,
                0.639983403071215,
                2.3127203646359,
                -2.46320750161586,
                -0.564397310350432
            ],
            "SE": [
                0.283917605443211,
                0.293616295345389,
                0.294147689394233,
                0.304440091744661,
                0.289251101679513,
                0.282076350009031,
                0.300851718255548,
                0.292174190712683,
                0.303628659629578
            ]
        },
        {
            "mean": [
                0.673527672856433,
                0.26785711813717,
                0.249429775555656,
                1.98689752045138,
                -0.144810945261112,
                -0.0641410401187444,
                -0.194174458620803,
                -0.296370286834814,
                -0.247337577403463
            ],
            "median": [
                0.674910693651197,
                0.278101658644453,
                0.237052597718644,
                1.9938801990438,
                -0.144858344573954,
                0.00455482109329566,
                -0.202276999945063,
                -0.298434635425192,
                -0.210493506460895
            ],