{
    "uid": "7e9935fc-5416-4c0a-ab9e-9dd2f6e884dc",
    "scenario_uid": "b56e398eaedbdad34cec9e8a634c0fba",
    "iteration_uid": "f533980d15703d04a69dc7ae64548719",
    "PD_subj": [
        {
            "mean": [
                -1.06043417924757,
                0.103516118285511,
                -0.133947847180039,
                3.96501793340517,
                -3.04170458906386,
                -2.00300734619937,
                2.24700150230841,
                -4.45193119084292,
                -2.00470198799096
            ],
            "median": [
                -1.0604499541596,
                0.10612473420253,
                -0.137889017574483,
                3.97805747045657,
                -3.03842276413949,
                -2.00936066287554,
                2.24025114055095,
                -4.44751723262372,
                -2.01110806725507
            ],
            "SE": [
                0.312328458868123,
                0.300284361125729,
                0.300922333699749,
                0.683934218406674,
                0.307910820029128,
                0.302076899444752,
                0.429124248416236,
                0.303644224739783,
                0.302119446175466
            ]
        },
        {
            "mean": [
                -1.40520002142839,
                -2.47205894846967,
                0.695385973186409,
                1.2266915980841,
                -2.27624218615667,
                -1.36231503920137,
                1.21919831360937,
                -0.703809483288117,
                -0.0808239600025068
            ],
            "median": [
                -1.40279972772746,
                -2.47380459677329,
                0.693733388146525,
                1.20940798514816,
                -2.27485423830056,
                -1.36590860985283,
                1.22157440848821,
                -0.709920521885164,
                -0.0726648451428681
            ],
            "SE": [
                0.301348290344378,
                0.293948757092293,
                0.290818643301125,
                0.680977127508417,
                0.306600971755061,
                0.311443616692447,
                0.43638471668643,
                0.30348274841721,
                0.297108743001425
            ]
        },
        {
            "mean": [
                -1.40169877181601,
                -0.357103604898402,
                0.842374293530978,
                1.48966005116713,
                -2.61774052998613,
                2.4588493067878,
                2.06744904703898,
                -2.43610724243016,
                0.0230685553082034
            ],
            "median": [
                -1.39818700004855,
                -0.346945103861807,
                0.844333982607255,
                1.48834090486314,
                -2.62115111775252,
                2.4568674879255,
                2.05265906445865,
                -2.43687571257321,
                0.0198691953455758
            ],
            "SE": [
                0.304720157511709,
                0.297726186064082,
                0.285147412974563,
                0.679902032649126,
                0.306542915018959,
                0.309106912959333,
                0.426664015284783,
                0.300467912296141,
                0.297678681226
            ]
        },
        {
            "mean": [
                -1.01387572870554,
                0.602864131061,
                1.35842753605697,
                1.77531003024204,
                2.13986008516151,
                2.08493756613084,
                1.32312248116113,
                -1.35992310838125,
                -1.59477422834395
            ],
            "median": [
                -1.02753777295216,
                0.367729672104406,
                1.64909722164457,
                1.75680557373583,
                2.37257589448721,
                2.0387646396473,
                1.32448041718043,
                -1.30683101055221,
                -1.63482425401431
            ],
            "SE": [
                0.304574900164014,
                0.865290589285519,
                0.751866861319877,
                0.688575863032923,
                0.988981897712525,
                0.430040174049539,
                0.429220812922203,
                0.420426015749066,
                0.407614782036644
            ]
        },
        {
            "mean": [
                -3.01544527269915,
                -2.21902155667573,
                1.46901730363007,
                1.2416487922747,
                -3.01281197489439,
                -1.6344827414618,
                -1.44081564353983,
                -0.268492086018722,
                -2.31871088611964
            ],
            "median": [
                -3.01780470264285,
                -2.21297679785159,
                1.47500648542305,
                1.23147857020261,
                -3.01180700846618,
                -1.63031240838601,
                -1.43861326627997,
                -0.273348145177045,
                -2.31849159702663
            ],
            "SE": [
                0.308610850637599,
                0.29496302139066,
                0.292751686370872,
                0.694709827331777,
                0.303787351625493,
                0.3061004775369,
                0.428547234482665,
                0.302654030110915,
                0.298366236654873
            ]
        },
        {
            "mean": [
                -1.12375689801533,
                0.843829086922457,
                1.12868633763951,
                3.96707216535907,
                -2.70959569679472,
                -2.44826763370441,
                1.31313002076371,
                -0.146575736276892,
                -1.53525986410042
            ],
            "median": [
                -1.13341143760495,
                0.844604052912378,
                1.12653669141585,
                3.94463407387755,
                -2.71046001302226,
                -2.44126379578234,
                1.30874548417763,
                -0.143273662839118,
                -1.53128002456859
            ],
            "SE": [
                0.2963561398593,
                0.298033274448615,
                0.297240959285267,
                0.680043994672029,
                0.312989697235689,
                0.298708314868481,
                0.429973362492549,
                0.301240562795387,
                0.305710999465538
            ]
        },
        {
            "mean": [
                -0.289360682396542,
                -1.06998758518344,
                -1.0675596431293,
                2.54161788515377,
                -1.67143719481686,
                -1.63674275996415,
                1.85797797923777,
                -0.977507913694041,
                -0.963476537782827
            ],
            "median": [
                -0.282817848273411,
                -1.06413020131942,
                -1.07001708916045,
                2.55447550645834,
                -1.67386892405238,
                -1.62988091320191,
                1.85241472135823,
                -0.976105577038558,
                -0.97121560195257
            ],