{
    "uid": "fdd84eca-fbdd-4498-a00e-b7334d4a1646",
    "scenario_uid": "b56e398eaedbdad34cec9e8a634c0fba",
    "iteration_uid": "f6fa756765a029ebfdb1a5626233ee37",
    "PD_subj": [
        {
            "mean": [
                0.198115799849001,
                -2.78673650024782,
                2.45197492714579,
                -0.73634190467194,
                -3.00261309148316,
                0.713471531271208,
                3.39375059310821,
                -2.57035610678267,
                0.372123729262839
            ],
            "median": [
                0.193741690930678,
                -2.78936427943249,
                2.45866561002816,
                -0.731704478977333,
                -3.00410714806477,
                0.704802902953682,
                3.38127482642298,
                -2.57120552301281,
                0.366561614577874
            ],
            "SE": [
                0.30462763066299,
                0.299700571160608,
                0.285086249135806,
                0.308804902689613,
                0.290145775041688,
                0.287124367370362,
                0.296023988308489,
                0.297803891203602,
                0.297637517609483
            ]
        },
        {
            "mean": [
                -1.38122579486557,
                -0.425056301084967,
                0.872246239841049,
                1.00188790680027,
                -2.07929232384305,
                0.0113274485421252,
                1.66401439303386,
                1.07506132790154,
                1.33555386223427
            ],
            "median": [
                -1.37221058686149,
                -0.427389551119446,
                0.866858156489724,
                0.993647105914918,
                -2.07770250848182,
                0.0115930652900135,
                1.66182075146359,
                1.08009268778627,
                1.3408555715874
            ],
            "SE": [
                0.305628138778495,
                0.296879032392687,
                0.291642840617713,
                0.312515403668476,
                0.300995261630499,
                0.282547909211131,
                0.283696093885378,
                0.290749507865222,
                0.283778047776494
            ]
        },
        {
            "mean": [
                -4.65240207536143,
                -3.17596084112408,
                0.479803097040448,
                0.677163031521833,
                0.475596222521207,
                2.03703391002955,
                1.98277102931982,
                -0.428885898249415,
                1.11027746005552
            ],
            "median": [
                -4.65109965645315,
                -3.18567461149414,
                0.48643723081988,
                0.679931381738245,
                0.478941874703049,
                2.04001515531172,
                1.98657426647152,
                -0.429146722455504,
                1.10593876178761
            ],
            "SE": [
                0.305396865370981,
                0.30004191334559,
                0.284064572298394,
                0.30241216004396,
                0.306376351582106,
                0.298513112511897,
                0.291499309879207,
                0.300906127668204,
                0.285225963591326
            ]
        },
        {
            "mean": [
                -3.16325949420954,
                0.982813432492439,
                2.31981756235666,
                0.58101035089538,
                -1.42672916639604,
                -0.877619720392352,
                0.776838730568691,
                -3.56253688874898,
                -1.58239424784987
            ],
            "median": [
                -3.16945727991641,
                0.982283871936555,
                2.31211020868886,
                0.594520168032125,
                -1.41846888418433,
                -0.872968771769858,
                0.777933340199274,
                -3.56998149899326,
                -1.5849918534225
            ],
            "SE": [
                0.302871784123391,
                0.300858901592665,
                0.27887084968927,
                0.309293315308241,
                0.298809147604647,
                0.29173358292554,
                0.298955035210336,
                0.299374165474052,
                0.292166300677483
            ]
        },
        {
            "mean": [
                -2.49261105110173,
                0.0454928441594364,
                0.700172757481522,
                -1.79441217016788,
                0.872745310343071,
                -0.844478126124315,
                0.310586056026769,
                -1.47257000705529,
                -0.256668369605553
            ],
            "median": [
                -2.4903404118891,
                0.0439304563507795,
                0.702848990364464,
                -1.79600072636757,
                0.875140003128172,
                -0.851423317549668,
                0.315679635063128,
                -1.46932328869041,
                -0.258498612635541
            ],
            "SE": [
                0.301281288112671,
                0.29745673679743,
                0.286373584930426,
                0.315023355129509,
                0.302735790394343,
                0.284468375365978,
                0.293174479563101,
                0.297627106069184,
                0.295984867581603
            ]
        },
        {
            "mean": [
                -0.896371830759072,
                -1.50391899648617,
                0.427632949284515,
                0.578571244465998,
                -1.1603032742601,
                -0.478967756278071,
                -0.211758240737836,
                -2.84807892130005,
                1.28871734689053
            ],
            "median": [
                -0.904528428489809,
                -1.4970112193411,
                0.423451524499647,
                0.595289842528878,
                -1.16332578230241,
                -0.481210592221034,
                -0.216987725898048,
                -2.84148591785017,
                1.29481353826659
            ],
            "SE": [
                0.304268437770695,
                0.298091351877184,
                0.287681835622707,
                0.315720748207615,
                0.305071730837085,
                0.29162726330496,
                0.291866425649008,
                0.293670515625795,
                0.285567327446855
            ]
        },
        {
            "mean": [
                1.00374064164963,
                -0.965872666235592,
                1.99095958555067,
                2.15472305388683,
                -2.32754065456771,
                0.775211097049275,
                0.774621624547165,
                -0.435032614292318,
                2.02170048115905
            ],
            "median": [
                1.0047152785869,
                -0.968797521391128,
                1.99128998083189,
                2.15834761934452,
                -2.3263883255649,
                0.775351831319091,
                0.777586791941025,
                -0.435560531287083,
                2.02179337081658
            ],