{
    "uid": "274e0bdc-6041-44a5-bbd0-2b5883dd9276",
    "scenario_uid": "b56e398eaedbdad34cec9e8a634c0fba",
    "iteration_uid": "f7eb5b310105fed288e04ce55fa56b15",
    "PD_subj": [
        {
            "mean": [
                -0.0262166313491357,
                0.304307806523267,
                -0.0314680279491859,
                -1.53446244408631,
                -1.82723950847802,
                -1.53417758124272,
                0.493568789864897,
                -2.11396312441184,
                0.490625647774577
            ],
            "median": [
                -0.025924477932965,
                0.307415436053136,
                -0.0307947097575065,
                -1.53764368544574,
                -1.8339837943762,
                -1.53902003866123,
                0.493647815878081,
                -2.11538763584397,
                0.497212734516274
            ],
            "SE": [
                0.306769009577539,
                0.497460638172514,
                0.305472272349472,
                0.310405571393328,
                0.378983091268691,
                0.298606642682668,
                0.26583439022347,
                0.297248246034636,
                0.302595427391899
            ]
        },
        {
            "mean": [
                -0.142574014400961,
                1.83375340184377,
                1.90900712032923,
                1.39807776757167,
                -2.87096679759407,
                -0.983522620585874,
                0.697189810288691,
                -2.8195887067402,
                0.182383686736957
            ],
            "median": [
                -0.144584072482898,
                1.82775273319349,
                1.91153066799679,
                1.40122252405643,
                -2.87909585274229,
                -0.990523214925371,
                0.693137919692047,
                -2.82212086789237,
                0.186821908370949
            ],
            "SE": [
                0.291351172774048,
                0.515681886543734,
                0.299996648582697,
                0.2939847705968,
                0.386182533668896,
                0.28392958974116,
                0.25246668430626,
                0.304890355695745,
                0.291480130048618
            ]
        },
        {
            "mean": [
                0.411348723414982,
                0.789464940173682,
                0.174733788845091,
                0.965317162651673,
                -2.7863561242901,
                -2.19988498040527,
                1.12076443463201,
                0.860376966258151,
                -0.0591215012080335
            ],
            "median": [
                0.404335911130703,
                0.823217365368947,
                0.139105578487508,
                0.964006286403158,
                -2.8185514230849,
                -2.1728229545579,
                1.12330892841708,
                0.927813971386912,
                -0.119623413615485
            ],
            "SE": [
                0.29507440669866,
                0.566107874375574,
                0.372356636654583,
                0.289415630866928,
                0.438369803742242,
                0.351780049136084,
                0.262312290754704,
                0.462070413449654,
                0.423846216231527
            ]
        },
        {
            "mean": [
                -1.23122864726164,
                1.34668014002711,
                0.898003101798852,
                1.32843210166017,
                -0.0873670964098066,
                -0.0100814365296065,
                1.89125678498669,
                -0.133448497350186,
                -0.0328624844720624
            ],
            "median": [
                -1.22286332535706,
                1.45046861934071,
                0.629148753785577,
                1.33077916094437,
                -0.0853019222111552,
                0.0033769322534584,
                1.89223399231556,
                -0.130555821582311,
                -0.0229213292247938
            ],
            "SE": [
                0.288962361329336,
                0.832492768336287,
                0.741649621182896,
                0.304348075101922,
                0.400821965103699,
                0.320705455036141,
                0.258110247156608,
                0.322197598853366,
                0.312497927643714
            ]
        },
        {
            "mean": [
                -3.05431617736928,
                2.84157416113001,
                3.39996274617974,
                1.50478994332405,
                -1.49813666494068,
                -1.07328106906815,
                1.66038212219631,
                0.226578662912721,
                -0.309067756221608
            ],
            "median": [
                -3.04829055626673,
                3.34476620564025,
                3.39605602654991,
                1.49877932802028,
                -1.51267143513437,
                -1.07207409356519,
                1.66326288110736,
                0.437006453475487,
                -0.304930685458641
            ],
            "SE": [
                0.286843273930704,
                1.46817519743021,
                0.297016399971557,
                0.291329015910117,
                0.446790518868648,
                0.28954046409349,
                0.265154375961456,
                0.704773405735086,
                0.301379902935303
            ]
        },
        {
            "mean": [
                0.671449327814378,
                0.150899873825466,
                0.952917076878023,
                0.00893092834942015,
                -2.272987000697,
                -0.0492735853050211,
                1.98789482652566,
                -1.2442663366845,
                -1.46144610269495
            ],
            "median": [
                0.66558693240178,
                0.145318202617254,
                0.955540194275079,
                0.0115436572868114,
                -2.27825574065631,
                -0.0499260716745544,
                1.99060006731539,
                -1.24850907920812,
                -1.46039034042872
            ],
            "SE": [
                0.2966436976319,
                0.514572459927338,
                0.293937170476998,
                0.295420732058149,
                0.389558406150395,
                0.281415305244652,
                0.26293925604484,
                0.31461135797233,
                0.278437772574041
            ]
        },
        {
            "mean": [
                -0.418640585540209,
                -2.01810522538614,
                0.98575986090293,
                -0.129245577766834,
                -3.57821653405742,
                0.985692895439168,
                2.32034044676408,
                -2.6205932717107,
                1.45186253341737
            ],
            "median": [
                -0.417587110799876,
                -1.99139548944566,
                0.996924328644638,
                -0.131543192033074,
                -3.57130627674781,
                0.988814122595109,
                2.32196783416772,
                -2.62369180511482,
                1.44751250884456
            ],