{
    "uid": "7221b93e-b637-4b4b-afeb-7ad75ae79726",
    "scenario_uid": "b56e398eaedbdad34cec9e8a634c0fba",
    "iteration_uid": "f98d444d4d7926b04b919e96a37b0a34",
    "PD_subj": [
        {
            "mean": [
                -1.25771862022607,
                -1.63702266742307,
                0.512341536164575,
                1.56196110659509,
                -0.534417904743369,
                0.231253932588694,
                0.654793325368792,
                0.399817988338352,
                0.0242607067134804
            ],
            "median": [
                -1.25637302358348,
                -1.63936246065529,
                0.519466448125018,
                1.55618998221149,
                -0.523766555243804,
                0.235988775235407,
                0.664140772314319,
                0.397729785285533,
                0.0250224027993149
            ],
            "SE": [
                0.281649794756834,
                0.300443581582196,
                0.284389105764727,
                0.307417139209006,
                0.301846352954631,
                0.300553244140614,
                0.295561744001654,
                0.288663292439159,
                0.280933629854942
            ]
        },
        {
            "mean": [
                0.0795471085745251,
                -0.14313636450606,
                0.846207545233912,
                -0.388583421856439,
                -1.28767622620438,
                -0.360034256960256,
                -1.83787216698693,
                0.21132764983842,
                -0.870141646242959
            ],
            "median": [
                0.00460235233130804,
                -0.146107334589502,
                0.926213827811859,
                -0.391279471489326,
                -1.28958747819919,
                -0.351737865029129,
                -1.95240760874819,
                0.219534259442864,
                -0.75897495905486
            ],
            "SE": [
                0.448180113377986,
                0.306750139201348,
                0.448560499960031,
                0.315215909661813,
                0.304556670161001,
                0.301253953927342,
                0.518236420206411,
                0.291184566645593,
                0.520207306318587
            ]
        },
        {
            "mean": [
                0.246141412681323,
                0.85953701607402,
                1.34240643191852,
                2.66616238993159,
                -0.3764981247839,
                2.20315398943229,
                0.890404882086194,
                0.474064603621964,
                -0.54952976365573
            ],
            "median": [
                0.240274062029042,
                0.854930506778312,
                1.34330098771886,
                2.66655221760738,
                -0.374755043932486,
                2.19631779526024,
                0.89771684190769,
                0.476517446724879,
                -0.54678246066887
            ],
            "SE": [
                0.296416813160212,
                0.312439659738711,
                0.29920191487658,
                0.29888853549802,
                0.306475620330394,
                0.304700443003779,
                0.308995942466943,
                0.28681217289377,
                0.288443843258409
            ]
        },
        {
            "mean": [
                0.213634038728939,
                -1.49113401342086,
                -0.11910756450438,
                0.845094790725184,
                0.451264472784566,
                -2.0016011041819,
                3.31717675396033,
                -1.44970435853983,
                0.281265411491312
            ],
            "median": [
                0.216759621738822,
                -1.49087202496506,
                -0.123006708271392,
                0.853112132842892,
                0.447521633267423,
                -2.00229194316083,
                3.31399055113559,
                -1.44367835591066,
                0.282015172747624
            ],
            "SE": [
                0.284724309404833,
                0.305918643337018,
                0.297965476739118,
                0.303439738202094,
                0.303633081154699,
                0.305241191060491,
                0.303574564026651,
                0.292409578443302,
                0.288506450687051
            ]
        },
        {
            "mean": [
                1.37930875245514,
                -1.28232167033245,
                0.0801385786328071,
                -1.8133906755771,
                -1.89334946545867,
                1.91408931713262,
                2.98207681832572,
                -2.08486006524808,
                -0.734627357503433
            ],
            "median": [
                1.37074179327208,
                -1.27428280481242,
                0.0870336989016431,
                -1.81402682556254,
                -1.89454030840406,
                1.91042045079753,
                2.99079976090783,
                -2.09023382897294,
                -0.728036736434222
            ],
            "SE": [
                0.297532269989031,
                0.30424483188518,
                0.298265677354855,
                0.310629551212988,
                0.303254407045737,
                0.306465177491621,
                0.303479631170647,
                0.284499740107238,
                0.295857784632906
            ]
        },
        {
            "mean": [
                1.16539003624871,
                -3.30757197114975,
                -0.442302725857293,
                2.85999195400735,
                -4.24414355384484,
                0.925514293788395,
                -0.832928778308661,
                -0.036887922422473,
                -1.98676377181824
            ],
            "median": [
                1.16743777213681,
                -3.30572788837974,
                -0.449328580705961,
                2.86768419915847,
                -4.24590563665267,
                0.929021971563031,
                -0.836050860404202,
                -0.0322890344589501,
                -1.98284430959933
            ],
            "SE": [
                0.289983293950136,
                0.301395380204362,
                0.295978068260293,
                0.313750858782133,
                0.296325187514925,
                0.30144353523217,
                0.296854216222544,
                0.288932858369233,
                0.292145066646015
            ]
        },
        {
            "mean": [
                1.29838663088205,
                0.892136177882048,
                2.08983867124473,
                3.45296811133129,
                -1.92198922631583,
                -1.19933444753822,
                1.61225613282614,
                -1.10467331658771,
                1.4615012909673
            ],
            "median": [
                1.29753974347526,
                0.896125572045575,
                2.09107177955863,
                3.45493976342922,
                -1.92252715973425,
                -1.20549905557348,
                1.61015849039063,
                -1.10201076531034,
                1.46478514392575
            ],