{
    "uid": "3891730e-3fac-488b-b79e-62198fe0bb6a",
    "scenario_uid": "b56e398eaedbdad34cec9e8a634c0fba",
    "iteration_uid": "fad4fcab7da2241a4c49c41ea6e0ef9c",
    "PD_subj": [
        {
            "mean": [
                -1.07262980629379,
                -3.59874392169248,
                0.219606756043372,
                2.89602070144824,
                -3.35684373701766,
                -0.902945296663755,
                4.54057294219507,
                -1.45859123628886,
                0.703738654047164
            ],
            "median": [
                -1.07249815096715,
                -3.58585896010214,
                0.219849883231695,
                2.90011483395832,
                -3.35885681717945,
                -0.901040289999028,
                4.5313659353952,
                -1.45815651498397,
                0.706063036560335
            ],
            "SE": [
                0.289648937868063,
                0.590788787726928,
                0.28880686155817,
                0.264320044912427,
                0.535242345568141,
                0.296500069137693,
                0.29107249529198,
                0.311513233171101,
                0.279598611330673
            ]
        },
        {
            "mean": [
                0.649201395599274,
                0.814541042403378,
                3.18431720955267,
                1.68909457540661,
                -0.575465320524868,
                -1.21530931643238,
                1.47907610390267,
                0.222075974719664,
                1.03393636525669
            ],
            "median": [
                0.652778055574211,
                0.816314127915712,
                3.1821803991713,
                1.69229499568347,
                -0.570878673642563,
                -1.22031653351721,
                1.47595735809935,
                0.216968420112785,
                1.03938800392197
            ],
            "SE": [
                0.281121272806574,
                0.580522887803103,
                0.274741778990994,
                0.259736254945574,
                0.541396338522729,
                0.295011621801312,
                0.301939605939669,
                0.315607640817979,
                0.288959020340803
            ]
        },
        {
            "mean": [
                -2.10992803274873,
                0.0721929972451747,
                1.52324239087839,
                2.10464627779337,
                -0.525251844485833,
                0.62028904946378,
                1.44140784359127,
                -1.09405139931927,
                -1.28383377695755
            ],
            "median": [
                -2.1087281806463,
                0.0703417574486026,
                1.51281871681532,
                2.09770087812063,
                -0.527039199833829,
                0.623040547387157,
                1.44036958962505,
                -1.08994172278927,
                -1.29317912530352
            ],
            "SE": [
                0.292981990206323,
                0.597178456965156,
                0.275820447999715,
                0.261482605764459,
                0.549909442299475,
                0.301118749637719,
                0.298449339187046,
                0.316479630773194,
                0.283489614187974
            ]
        },
        {
            "mean": [
                0.480095972233886,
                0.0102370868193631,
                0.50834451815037,
                2.90136793800442,
                -0.367598753473745,
                2.8955990858221,
                -0.532568536296959,
                -1.17367646777607,
                -0.545992628203021
            ],
            "median": [
                0.490056418056604,
                0.00868136439054062,
                0.500677416318053,
                2.90497795119016,
                -0.362654466637933,
                2.88923335685457,
                -0.537820335029492,
                -1.16807110755339,
                -0.5430508384529
            ],
            "SE": [
                0.298244085823503,
                0.569553361137454,
                0.306972875159757,
                0.275532990755785,
                0.536960770174731,
                0.316399002082948,
                0.305160053759725,
                0.308582785483058,
                0.297071336979304
            ]
        },
        {
            "mean": [
                2.12120168519649,
                -2.13271082554664,
                2.21285103761244,
                1.52548330241672,
                -0.0500836332546829,
                -0.197113092566675,
                0.900580206856781,
                -1.18863250812968,
                -1.15550334896754
            ],
            "median": [
                2.11640201088238,
                -2.13502992091551,
                2.207737950345,
                1.53009264757958,
                -0.0526771857276299,
                -0.20293629017109,
                0.902319581999255,
                -1.19569206663583,
                -1.15905599897144
            ],
            "SE": [
                0.289274391990753,
                0.559445736635186,
                0.283193315332351,
                0.266140574522398,
                0.529839303086623,
                0.291666152570469,
                0.286358284174023,
                0.325671476167759,
                0.285203192698771
            ]
        },
        {
            "mean": [
                -0.15319906406034,
                -1.69054131106632,
                -0.134990756622402,
                1.50889365334289,
                -1.7637150428595,
                1.48333804998793,
                -0.9974176502556,
                -1.72535635159356,
                -0.98135066774673
            ],
            "median": [
                -0.158085939893948,
                -1.68726521123113,
                -0.132540427731553,
                1.51313142603483,
                -1.77749688858479,
                1.48007146829695,
                -1.0044897938639,
                -1.71140642529476,
                -0.980293016612906
            ],
            "SE": [
                0.301866544802485,
                0.567532048845757,
                0.308654965014105,
                0.295710484810261,
                0.530110111055518,
                0.310349446179953,
                0.313801278994559,
                0.311909300276278,
                0.309335725279249
            ]
        },
        {
            "mean": [
                2.43602686591243,
                0.46352385807391,
                2.53853924624617,
                2.55575598142938,
                -0.975835019337348,
                -2.11264590402772,
                1.62721878064391,
                -5.47075537268651,
                2.01071145041353
            ],
            "median": [
                2.42515906234465,
                0.471899658905603,
                2.54292447207619,
                2.55873766888948,
                -0.978968128826377,
                -2.12352091613301,
                1.62326008621052,
                -5.4627523942508,
                2.01078781280742
            ],