{
    "uid": "a69060f8-4f5b-4de6-8ecb-8eccc6e4c59d",
    "scenario_uid": "b56e398eaedbdad34cec9e8a634c0fba",
    "iteration_uid": "fbe90adc59006ccba66663e61d0e7756",
    "PD_subj": [
        {
            "mean": [
                -0.67975859323593,
                -0.840107750715001,
                2.37527137630749,
                0.105976165740531,
                -2.28595432884036,
                0.215063012197886,
                1.75319941375831,
                -1.03931311734805,
                -2.00367335195075
            ],
            "median": [
                -0.691134447580879,
                -0.841715937154551,
                2.36980711757534,
                0.102439799619655,
                -2.29000275716331,
                0.21272075101433,
                1.75052121830247,
                -1.04930654563939,
                -2.00827849861622
            ],
            "SE": [
                0.305537483793609,
                0.28856151310986,
                0.306137769650641,
                0.298474738409246,
                0.300576539326193,
                0.277993073694952,
                0.305072632674356,
                0.290863341416031,
                0.29841169351444
            ]
        },
        {
            "mean": [
                -0.899559847269043,
                -0.996373664612906,
                0.191174737425317,
                -1.07750488638917,
                1.27247326691173,
                -2.41678498538796,
                1.41950463912075,
                -1.11881963430416,
                0.510888047022412
            ],
            "median": [
                -0.90394941021061,
                -0.997077430137047,
                0.188767016407699,
                -1.07826017898334,
                1.27681716469985,
                -2.41946517245794,
                1.43166081379326,
                -1.1055044160312,
                0.530303017486027
            ],
            "SE": [
                0.310933466667841,
                0.28695773405783,
                0.299525230378486,
                0.287917090485583,
                0.311255821743268,
                0.27872887294035,
                0.307598464527365,
                0.288553376213855,
                0.286966810217077
            ]
        },
        {
            "mean": [
                1.77568652378759,
                -0.0151872433497388,
                1.96271343322629,
                1.67108353591974,
                0.744791402248274,
                -1.28940193790048,
                3.03741521321687,
                -1.18462633982769,
                -0.862501601446
            ],
            "median": [
                1.77712679903153,
                -0.0140917981553659,
                1.95722208309668,
                1.67713626786538,
                0.745220367146637,
                -1.28714310800588,
                3.0371839524141,
                -1.19237719150894,
                -0.86725452010739
            ],
            "SE": [
                0.309640468615779,
                0.28646053876624,
                0.299124828831038,
                0.29004294683734,
                0.298185545052026,
                0.277694992887518,
                0.304836807157666,
                0.296504612577816,
                0.296454242861208
            ]
        },
        {
            "mean": [
                -1.66429740342828,
                -1.5546096957916,
                -2.68645432461391,
                3.06152533626738,
                1.66901252386828,
                -0.320291791115265,
                0.502815682885046,
                -1.38178349645861,
                -1.63318541423464
            ],
            "median": [
                -1.6654544096606,
                -1.55204481182904,
                -2.68772118926535,
                3.05794890105729,
                1.66717221093547,
                -0.321153466906112,
                0.494092497166773,
                -1.38031451475149,
                -1.62843466971689
            ],
            "SE": [
                0.312860244732299,
                0.28691527630169,
                0.306224878694381,
                0.29628405527229,
                0.306558591884161,
                0.28729471487406,
                0.30005290678838,
                0.290161961034333,
                0.297108871773236
            ]
        },
        {
            "mean": [
                0.206956344928382,
                -1.54981589591609,
                -1.51209200625435,
                -0.485316552203453,
                -0.857583328636549,
                -0.8538402140255,
                2.50183437120672,
                -0.432596316991275,
                -0.437469875147963
            ],
            "median": [
                0.211678941160806,
                -1.58029007711879,
                -1.54986835534428,
                -0.492317738711467,
                -0.877148940452039,
                -0.870579981981114,
                2.49951017647237,
                -0.417664526185869,
                -0.421677599355209
            ],
            "SE": [
                0.313140036302345,
                0.433449336313572,
                0.467792298587906,
                0.294238169202215,
                0.354257950627216,
                0.321255664922023,
                0.306636688280788,
                0.416722812988383,
                0.394459750422754
            ]
        },
        {
            "mean": [
                -2.48762060138534,
                -1.48410191772176,
                -0.766761138548983,
                -0.853525407351913,
                -4.25742615590937,
                2.30595563566371,
                2.38543030926523,
                0.199645933564184,
                0.484281932494453
            ],
            "median": [
                -2.48298246073801,
                -1.47832592870388,
                -0.767076422003836,
                -0.850928979782512,
                -4.26220401191446,
                2.31061781549044,
                2.39972447346665,
                0.204823227431212,
                0.479073429942886
            ],
            "SE": [
                0.314863180351887,
                0.282422885380752,
                0.308442665217868,
                0.287209361745686,
                0.308292170805888,
                0.280288278073886,
                0.296555194300039,
                0.294789614271546,
                0.286666787195863
            ]
        },
        {
            "mean": [
                2.06890166941255,
                1.07689804545145,
                1.11285110565862,
                -0.935760144353912,
                -0.00134823390501286,
                0.00670810781511514,
                1.22503581673621,
                -0.678699827434386,
                -0.691317228275663
            ],
            "median": [
                2.06986044936171,
                1.07703804084625,
                1.10998673820887,
                -0.925420649660109,
                0.000633281779578478,
                0.00823582598310022,
                1.2256110344766,
                -0.674229267080993,
                -0.692583933113229
            ],