{
    "uid": "c067b28a-74fd-4935-a1f3-84c94f800c67",
    "scenario_uid": "b56e398eaedbdad34cec9e8a634c0fba",
    "iteration_uid": "fd008b9a1fdb1e3a01f2e65fdf96acb6",
    "PD_subj": [
        {
            "mean": [
                -1.40937585749075,
                -0.928402664146584,
                0.0668506377341872,
                0.0707159655692219,
                -2.8160873389604,
                1.55607335525446,
                -1.9964325007208,
                -0.908301892621339,
                -0.880574758134186
            ],
            "median": [
                -1.40300587731837,
                -0.928466862990791,
                0.0681228097737714,
                0.0745679904117705,
                -2.81335331283701,
                1.5514965203755,
                -1.99776624541483,
                -0.911299680779553,
                -0.871339273242236
            ],
            "SE": [
                0.288966309866519,
                0.291851738109954,
                0.286702088289684,
                0.261759218976702,
                0.423829973299477,
                0.303220438932865,
                0.291536993155549,
                0.349056509451861,
                0.296192246876092
            ]
        },
        {
            "mean": [
                0.407021207793682,
                -1.53922460274258,
                2.51108884113736,
                -0.590639719672405,
                0.721316787352128,
                -2.98723504793791,
                -0.959379708403401,
                -3.02465417592821,
                1.24757443532182
            ],
            "median": [
                0.405915779461792,
                -1.52689811057972,
                2.5060450183803,
                -0.597276496963436,
                0.727695365091783,
                -2.98871384823827,
                -0.964518900363429,
                -3.01480074151747,
                1.26003665619219
            ],
            "SE": [
                0.28543139803017,
                0.28632876738586,
                0.288627204304669,
                0.253324982805912,
                0.417660247822322,
                0.304795144430041,
                0.290639002075297,
                0.349092631351753,
                0.300557060010682
            ]
        },
        {
            "mean": [
                -0.737153214663359,
                -1.2323623286435,
                1.89408390900204,
                -0.485604556533466,
                -2.94215297555289,
                2.12767071080009,
                0.0233956911719113,
                -3.03123654037558,
                -2.31967189411485
            ],
            "median": [
                -0.733920480830248,
                -1.23660749026344,
                1.89080995384302,
                -0.489131033856943,
                -2.93682551296106,
                2.12890062124377,
                0.0249743682957595,
                -3.02199795021763,
                -2.31780824978654
            ],
            "SE": [
                0.282030899756239,
                0.293809174608649,
                0.298494765221027,
                0.264111867683851,
                0.413419450409248,
                0.307972729428377,
                0.306437346607694,
                0.351273248453846,
                0.301163857162939
            ]
        },
        {
            "mean": [
                -2.55626049885868,
                0.127542204531815,
                1.83479930995181,
                0.710949229700006,
                -0.260404161877043,
                -0.786360204547297,
                1.00717695204183,
                -0.426946074244215,
                -0.19309490450801
            ],
            "median": [
                -2.54731944358396,
                0.126704550833858,
                1.83393022878156,
                0.70903666855808,
                -0.265904534082138,
                -0.790687801153047,
                1.00624967742127,
                -0.434111032697135,
                -0.192335116351278
            ],
            "SE": [
                0.286754252561116,
                0.285350838002624,
                0.298448428333112,
                0.263885377887433,
                0.41112773991291,
                0.293242124798627,
                0.293858326999714,
                0.341774075475593,
                0.292809696565471
            ]
        },
        {
            "mean": [
                -0.170598635833556,
                0.379106416183905,
                2.4773963682613,
                0.227274313996226,
                -2.01289427469042,
                0.613176785074035,
                0.370241233630765,
                -0.300146365219245,
                -1.54798322312122
            ],
            "median": [
                -0.169583782196794,
                0.367425854987327,
                2.47700984098555,
                0.225476018428415,
                -2.01526362778724,
                0.615999519764845,
                0.376128777389415,
                -0.298499388732126,
                -1.55004747971052
            ],
            "SE": [
                0.282573963605805,
                0.283304812635671,
                0.296766006573414,
                0.264168600114494,
                0.42395133443274,
                0.301719494295515,
                0.294959154423961,
                0.350771127362187,
                0.302146308747964
            ]
        },
        {
            "mean": [
                0.113762431775596,
                -1.82420592425269,
                1.84030009237879,
                1.13919748903972,
                -2.75674898797383,
                -2.75597053610319,
                0.649677510097729,
                -2.70894429068677,
                1.10060698604779
            ],
            "median": [
                0.113253240458047,
                -1.81865186554799,
                1.84707518363515,
                1.13827802952586,
                -2.75242763140197,
                -2.75397280053978,
                0.645091317422173,
                -2.71153135411423,
                1.09730861119663
            ],
            "SE": [
                0.274473351880415,
                0.285857936644721,
                0.30590987138461,
                0.259114058026074,
                0.418720491304319,
                0.306442719531549,
                0.28869952392396,
                0.346665846877387,
                0.301310379010357
            ]
        },
        {
            "mean": [
                -1.3745528371698,
                -2.44065265599092,
                -0.378350304490018,
                -0.305814127475294,
                -0.51589542399946,
                1.40266942978611,
                2.09190997220587,
                0.194809915810935,
                -0.444456713242376
            ],
            "median": [
                -1.3668888640926,
                -2.44762702488309,
                -0.379528223357718,
                -0.307645860408895,
                -0.523952467617003,
                1.40573460779714,
                2.09631135697134,
                0.189009014555959,
                -0.446105569021468
            ],