{
    "uid": "08282618-781d-4f9e-bcd3-c0429688151c",
    "scenario_uid": "b56e398eaedbdad34cec9e8a634c0fba",
    "iteration_uid": "fdc493d880f810f01fbd3e3aaf7abb4a",
    "PD_subj": [
        {
            "mean": [
                1.33058747397774,
                -2.55780458884953,
                3.59780231877207,
                1.31402312227809,
                -2.18014297703465,
                -0.908184666166042,
                3.58747436000908,
                -2.17130424269161,
                -0.871751212702751
            ],
            "median": [
                1.34319945119811,
                -2.56146529304803,
                3.59357031803044,
                1.32000040874945,
                -2.18086737427005,
                -0.911092488806602,
                3.5764528849218,
                -2.16940249606497,
                -0.876631537976613
            ],
            "SE": [
                0.304207679248075,
                0.290325191906389,
                0.301658383444855,
                0.303874343597291,
                0.308056933407077,
                0.287352577554822,
                0.295017356643411,
                0.30328665197489,
                0.291992603328292
            ]
        },
        {
            "mean": [
                -1.17067100995382,
                0.468370296627697,
                -3.43310000339389,
                1.02992999710742,
                -1.06063822878519,
                -0.225574491911086,
                2.01902884971198,
                -0.215875000334159,
                0.403599369365778
            ],
            "median": [
                -1.1662477928221,
                0.46442978774783,
                -3.4343719758702,
                1.02822084906634,
                -1.05809196256307,
                -0.223660470584493,
                2.00970286207981,
                -0.211775540789132,
                0.410088403706634
            ],
            "SE": [
                0.286871024643023,
                0.297900578271479,
                0.305302797959537,
                0.292898252030024,
                0.307202063941011,
                0.285105071161203,
                0.303742674467234,
                0.31411235901894,
                0.295809150690392
            ]
        },
        {
            "mean": [
                -1.69146818437504,
                -0.914977755789348,
                -0.855528168059468,
                0.465322195291106,
                -1.92150005367696,
                -0.567881711436978,
                3.94908765373685,
                -1.51645519257441,
                -0.774224500063596
            ],
            "median": [
                -1.68935816121089,
                -0.903420844174792,
                -0.857898603019313,
                0.4679033863023,
                -1.91868052562363,
                -0.552466783054885,
                3.93971171204658,
                -1.51683658089181,
                -0.768129693739463
            ],
            "SE": [
                0.296739897731986,
                0.285504498031747,
                0.3112439703986,
                0.302620432034486,
                0.311610143895004,
                0.308216506161412,
                0.309612488585343,
                0.31662509355861,
                0.297268360424691
            ]
        },
        {
            "mean": [
                0.81740126468045,
                -1.85669159310189,
                0.354158945050317,
                3.80096431759527,
                -0.946223665448814,
                -0.519090436009302,
                1.64077708817356,
                -0.121292075172676,
                -1.18767666921406
            ],
            "median": [
                0.82709928236215,
                -1.84956588091677,
                0.35831239985871,
                3.79523034835911,
                -0.945585796476164,
                -0.529176189817021,
                1.64007910763474,
                -0.129402736143555,
                -1.1957224351527
            ],
            "SE": [
                0.302031837320907,
                0.292267470363956,
                0.312856058479952,
                0.289938843053502,
                0.311809252401099,
                0.291425437360829,
                0.299065954401868,
                0.305667313200542,
                0.302744544143611
            ]
        },
        {
            "mean": [
                -0.789954367448393,
                -0.359103456385826,
                0.131575598084627,
                1.80018145404026,
                -2.50485731289839,
                0.540582051124927,
                0.308134376844703,
                -0.109343532784772,
                -0.633327964845444
            ],
            "median": [
                -0.796492520902079,
                -0.359812275794479,
                0.145420498536645,
                1.80814884568469,
                -2.50543911180064,
                0.542856130830154,
                0.312181037463552,
                -0.101721187613741,
                -0.623730574896852
            ],
            "SE": [
                0.287381960064553,
                0.285420252931385,
                0.312768933281205,
                0.295243255106696,
                0.298440288197767,
                0.286965228129019,
                0.294610809263565,
                0.314227961760548,
                0.299333728925405
            ]
        },
        {
            "mean": [
                1.93699425009793,
                -0.159338664313904,
                1.32530799694905,
                1.71691026567089,
                0.16617164262241,
                -0.0356070716158724,
                2.04518348720809,
                0.414295562873284,
                -0.686270442258474
            ],
            "median": [
                1.93660481874962,
                -0.157318475563144,
                1.32662174355883,
                1.71587393089032,
                0.156864084499169,
                -0.0377712978997567,
                2.03235291596437,
                0.423513858285286,
                -0.692009400290432
            ],
            "SE": [
                0.29367949858698,
                0.29241217038302,
                0.306051027504408,
                0.29382358442215,
                0.2946020234701,
                0.271766059378963,
                0.30566756891324,
                0.316409769123469,
                0.300940381864727
            ]
        },
        {
            "mean": [
                0.718485003982574,
                0.326759116636351,
                1.87407857205212,
                1.49750574275539,
                0.388099284868579,
                -2.05383762088857,
                0.631040322287016,
                -3.82298296284543,
                -1.28706945404016
            ],
            "median": [
                0.721860291150977,
                0.326478388848241,
                1.87004182491027,
                1.50565456100853,
                0.398709092189174,
                -2.05388655806215,
                0.630727106900883,
                -3.82296269503382,
                -1.29361591643569
            ],