{
    "uid": "06ba7b23-a7a8-42c3-a5f8-edc327e2a2fd",
    "scenario_uid": "b56e398eaedbdad34cec9e8a634c0fba",
    "iteration_uid": "ff7d8f28783a3e8063e901dd525570a2",
    "PD_subj": [
        {
            "mean": [
                -0.625197278710066,
                -0.908154423396608,
                3.04193373277311,
                -0.531686210905796,
                1.4157007290674,
                -0.0866764917051806,
                1.05136306943688,
                -1.6321779751326,
                0.971380989733376
            ],
            "median": [
                -0.619827991723005,
                -0.906208891360231,
                3.04092599452705,
                -0.527262761034518,
                1.39104610632356,
                -0.0894476111647119,
                1.04775921451012,
                -1.63066598095468,
                0.976531248686271
            ],
            "SE": [
                0.299845694617467,
                0.331314358988935,
                0.301033266997684,
                0.294772629579808,
                0.719555100784864,
                0.288677151819935,
                0.265471209140064,
                0.445413657420005,
                0.30166159168724
            ]
        },
        {
            "mean": [
                2.46282305933732,
                0.109499563556591,
                2.44308516034174,
                0.719722230283124,
                -1.26256038632805,
                0.690816826798509,
                1.43801263500986,
                -0.979052235634158,
                1.43956761117702
            ],
            "median": [
                2.46978491980908,
                0.108989009589754,
                2.44249124898517,
                0.72348773533772,
                -1.27547045002276,
                0.691462729954128,
                1.4374546258379,
                -0.978846340114867,
                1.43763697439996
            ],
            "SE": [
                0.311430689274581,
                0.337121318829323,
                0.312474905924313,
                0.313431063879714,
                0.734872957032642,
                0.313723564826314,
                0.281306248998752,
                0.451773024675688,
                0.3240072675296
            ]
        },
        {
            "mean": [
                0.103225453377204,
                -0.326079843565942,
                0.39625607823816,
                1.02412835289064,
                -0.515840000237605,
                0.712134310294881,
                1.27089081711317,
                -1.75956317919919,
                -3.91297106495284
            ],
            "median": [
                0.0913995237470529,
                -0.321665481485272,
                0.401085337473347,
                1.02537873968989,
                -0.51218679760218,
                0.712773132213876,
                1.2723847260676,
                -1.75873083548458,
                -3.90666928881169
            ],
            "SE": [
                0.515015126222718,
                0.335667912948829,
                0.300698541875682,
                0.608783613509342,
                0.733148736177091,
                0.291945267843981,
                0.357631674160785,
                0.450330176181003,
                0.293248153651284
            ]
        },
        {
            "mean": [
                -0.877770992260425,
                3.04882111041271,
                -0.404549980664089,
                -0.654581393912793,
                -1.55250613648639,
                -1.81543919897509,
                0.347072818210384,
                -1.80070912547921,
                -1.15929767248159
            ],
            "median": [
                -0.879601790292357,
                3.04349471889711,
                -0.40604230248227,
                -0.655038893677771,
                -1.54740325310323,
                -1.83208816712607,
                0.352067678970407,
                -1.79528278923638,
                -1.15544314742615
            ],
            "SE": [
                0.282949434439462,
                0.330770735314177,
                0.304190991129833,
                0.295755442906656,
                0.736367416729674,
                0.299846800102772,
                0.259254511161004,
                0.453046579548277,
                0.31192317969387
            ]
        },
        {
            "mean": [
                -0.280795132498734,
                -0.47091380959399,
                -2.45104038115031,
                0.47587308491909,
                2.61402909208482,
                1.55655706472815,
                2.26134498213377,
                -2.21640180906365,
                -0.851668225374319
            ],
            "median": [
                -0.281908345197164,
                -0.464360182331293,
                -2.448288619178,
                0.474334813017559,
                2.6340007679994,
                1.55308832947001,
                2.26506887900519,
                -2.22457018831442,
                -0.846930964770344
            ],
            "SE": [
                0.299152364634627,
                0.341088761531858,
                0.303218923143563,
                0.294436415890755,
                0.751436422653729,
                0.290265581313855,
                0.263083764378205,
                0.440660044121084,
                0.303069838153744
            ]
        },
        {
            "mean": [
                1.60040064760397,
                -0.236567915291134,
                2.35050523520333,
                0.625898994129386,
                -2.8787265566353,
                -0.495775263374078,
                0.384263475692354,
                -3.40137962563576,
                -2.20208856947749
            ],
            "median": [
                1.59995029397947,
                -0.238527266720019,
                2.35062223288524,
                0.633615139768303,
                -2.89004937884181,
                -0.496666556705919,
                0.376738470698958,
                -3.40795711802717,
                -2.20646229328385
            ],
            "SE": [
                0.294932743866766,
                0.340674068982981,
                0.299857450041172,
                0.28709336451233,
                0.738491127136863,
                0.293898153531114,
                0.26572723125142,
                0.451036096348445,
                0.301222447030668
            ]
        },
        {
            "mean": [
                -1.87589537927494,
                -0.442290267752617,
                0.79398752576331,
                1.8612693723405,
                2.11415365765288,
                -1.8678683103021,
                2.19724328763113,
                -0.0927134239063086,
                -1.83880633657438
            ],
            "median": [
                -1.87135460903346,
                -0.446764312864183,
                0.792915383233027,
                1.86530542829433,
                2.12491992137462,
                -1.86841110623163,
                2.20650551416583,
                -0.0896821984098806,
                -1.84835402560842
            ],